<?xml version="1.0" encoding="utf-8"?>
<COLLADA xmlns="http://www.collada.org/2005/11/COLLADASchema" version="1.4.1" xmlns:xsi="http://www.w3.org/2001/XMLSchema-instance">
  <asset>
    <contributor>
      <author>Blender User</author>
      <authoring_tool>Blender 3.3.1 commit date:2022-10-04, commit time:18:35, hash:b292cfe5a936</authoring_tool>
    </contributor>
    <created>2022-11-29T15:50:36</created>
    <modified>2022-11-29T15:50:36</modified>
    <unit name="meter" meter="1"/>
    <up_axis>Z_UP</up_axis>
  </asset>
  <library_effects>
    <effect id="FinalDJI-effect">
      <profile_COMMON>
        <newparam sid="FinalDJI_baseColor_png-surface">
          <surface type="2D">
            <init_from>FinalDJI_baseColor_png</init_from>
          </surface>
        </newparam>
        <newparam sid="FinalDJI_baseColor_png-sampler">
          <sampler2D>
            <source>FinalDJI_baseColor_png-surface</source>
          </sampler2D>
        </newparam>
        <technique sid="common">
          <lambert>
            <emission>
              <color sid="emission">0 0 0 1</color>
            </emission>
            <diffuse>
              <texture texture="FinalDJI_baseColor_png-sampler" texcoord="UVMap"/>
            </diffuse>
            <index_of_refraction>
              <float sid="ior">1.5</float>
            </index_of_refraction>
          </lambert>
        </technique>
      </profile_COMMON>
    </effect>
  </library_effects>
  <library_images>
    <image id="FinalDJI_baseColor_png" name="FinalDJI_baseColor_png">
      <init_from>FinalDJI_baseColor.png</init_from>
    </image>
  </library_images>
  <library_materials>
    <material id="FinalDJI-material" name="FinalDJI">
      <instance_effect url="#FinalDJI-effect"/>
    </material>
  </library_materials>
  <library_geometries>
    <geometry id="Wing8_FinalDJI_0_004-mesh" name="Wing8_FinalDJI_0.004">
      <mesh>
        <source id="Wing8_FinalDJI_0_004-mesh-positions">
          <float_array id="Wing8_FinalDJI_0_004-mesh-positions-array" count="1080">-0.1509277 0.1215391 -0.04798638 -1.22309e-4 6.0612e-4 -0.03791093 -0.1127593 0.03606683 -0.04600012 -0.1333703 0.152622 -0.04634928 -0.100372 0.1660892 -0.04373431 -0.02073311 0.1171612 -0.0382601 0.0702846 0.0626493 -0.03198933 0.1125149 -0.03485459 -0.02982175 0.1506832 -0.1203269 -0.02783548 0.1331259 -0.1514098 -0.02947258 0.1001276 -0.164877 -0.03208756 0.02048873 -0.115949 -0.03756177 -0.07052922 -0.06143712 -0.04383265 -0.1147313 0.03579682 -0.01972615 -0.00209403 3.36111e-4 -0.01163697 -0.1528997 0.1212691 -0.02171242 -0.1353423 0.152352 -0.02007532 -0.102344 0.1658192 -0.01746034 -0.02270507 0.1168913 -0.01198613 0.06831288 0.06237936 -0.00571525 0.1105431 -0.03512459 -0.003547787 0.1487114 -0.1205969 -0.001561522 0.131154 -0.1516798 -0.003198623 0.09815585 -0.165147 -0.005813598 0.01851677 -0.116219 -0.0112878 -0.07250094 -0.06170707 -0.01755857 0.1054552 -0.03915655 0.02936184 0.08628594 -0.09646534 0.02615797 0.07429075 -0.03715622 0.0269109 0.1314833 -0.05651271 0.03095436 0.1454008 -0.08457416 0.03126168 0.1434786 -0.1158218 0.03020155 0.1262316 -0.1418829 0.02805793 0.09828114 -0.1557744 0.02540516 0.06711649 -0.1537742 0.0229541 0.04108858 -0.1364179 0.02136158 0.02717089 -0.1083565 0.02105426 0.02909326 -0.07710886 0.02211439 0.04634022 -0.05104774 0.02425813 0.07098603 -0.03834563 0.06795954 0.08298122 -0.09765475 0.06720662 0.1021505 -0.04034596 0.07041049 0.1281785 -0.05770212 0.07200312 0.1420961 -0.08576363 0.07231044 0.1401739 -0.1170113 0.0712502 0.1229269 -0.1430724 0.06910657 0.09497642 -0.1569639 0.06645381 0.06381201 -0.1549636 0.06400287 0.03778386 -0.1376073 0.06241023 0.02386617 -0.1095459 0.06210291 0.02578854 -0.07829827 0.06316316 0.0430355 -0.05223715 0.06530678 -0.06828212 0.1583803 0.02109861 -0.08745145 0.1010715 0.01789474 -0.09944677 0.1603806 0.01864755 -0.04225397 0.1410241 0.02269113 -0.02833652 0.1129626 0.02299845 -0.03025889 0.08171504 0.02193832 -0.04750585 0.05565387 0.01979458 -0.07545638 0.04176241 0.01714193 -0.1066207 0.04376274 0.01469087 -0.1326489 0.0611189 0.01309835 -0.1465663 0.08918035 0.01279103 -0.1446442 0.120428 0.01385116 -0.1273972 0.1464891 0.0159949 -0.1027514 0.1591911 0.05969631 -0.09075617 0.09988206 0.05894339 -0.07158684 0.1571909 0.06214725 -0.04555869 0.1398347 0.06373977 -0.03164124 0.1117733 0.06404721 -0.03356361 0.08052563 0.06298696 -0.05081057 0.05446451 0.06084334 -0.07876086 0.040573 0.05819058 -0.1099255 0.04257327 0.05573952 -0.1359536 0.05992943 0.054147 -0.1498711 0.08799093 0.05383968 -0.1479489 0.1192385 0.05489993 -0.1307017 0.1452997 0.05704355 -0.05076432 0.02745312 0.06428158 -0.007867336 0.01394903 0.06658577 -0.03967809 0.04582095 0.06511688 -0.02133631 0.05691933 0.06629216 5.91278e-5 0.05820584 0.06753849 0.0196073 0.04938554 0.06857001 0.03282928 0.03247916 0.06915056 0.03669619 0.01135993 0.06914722 0.03032231 -0.009134232 0.0685606 0.01516795 -0.02430826 0.06752514 -0.005295515 -0.03068608 0.0662781 -0.02637982 -0.02680641 0.06510519 -0.04325509 -0.01355814 0.06427502 -0.05205535 0.006023705 0.06397771 -0.1127593 0.03606683 -0.04600012 -0.1147313 0.03579682 -0.01972615 -0.1528997 0.1212691 -0.02171242 -0.1509277 0.1215391 -0.04798638 -0.1509277 0.1215391 -0.04798638 -0.1528997 0.1212691 -0.02171242 -0.1353423 0.152352 -0.02007532 -0.1333703 0.152622 -0.04634928 -0.1333703 0.152622 -0.04634928 -0.1353423 0.152352 -0.02007532 -0.102344 0.1658192 -0.01746034 -0.100372 0.1660892 -0.04373431 -0.100372 0.1660892 -0.04373431 -0.102344 0.1658192 -0.01746034 -0.02270507 0.1168913 -0.01198613 -0.02073311 0.1171612 -0.0382601 0.06831288 0.06237936 -0.00571525 0.0702846 0.0626493 -0.03198933 0.0702846 0.0626493 -0.03198933 0.06831288 0.06237936 -0.00571525 0.1105431 -0.03512459 -0.003547787 0.1125149 -0.03485459 -0.02982175 0.1487114 -0.1205969 -0.001561522 0.1506832 -0.1203269 -0.02783548 0.1506832 -0.1203269 -0.02783548 0.1487114 -0.1205969 -0.001561522 0.131154 -0.1516798 -0.003198623 0.1331259 -0.1514098 -0.02947258 0.1331259 -0.1514098 -0.02947258 0.131154 -0.1516798 -0.003198623 0.09815585 -0.165147 -0.005813598 0.1001276 -0.164877 -0.03208756 0.1001276 -0.164877 -0.03208756 0.09815585 -0.165147 -0.005813598 0.01851677 -0.116219 -0.0112878 0.02048873 -0.115949 -0.03756177 -0.07250094 -0.06170707 -0.01755857 -0.07052922 -0.06143712 -0.04383265 -0.07052922 -0.06143712 -0.04383265 -0.07250094 -0.06170707 -0.01755857 -0.8323844 1.27905 -0.005854845 -0.7707267 1.324672 0.01228857 -0.7659807 1.327635 0.007959842 -0.8276384 1.282013 -0.01018369 -0.8627353 1.045459 -0.08831751 -0.7260816 1.182731 -1.39117e-4 -0.4566274 0.8355665 0.01698577 -0.6043761 0.652728 -0.07808923 -0.6136873 0.6473528 -0.04928243 -0.4613729 0.8326038 0.02131474 -0.7308273 1.179768 0.004189491 -0.8720462 1.040084 -0.05951082 -0.7308273 1.179768 0.004189491 -0.4613729 0.8326038 0.02131474 -0.4566274 0.8355665 0.01698577 -0.7260816 1.182731 -1.39117e-4 -0.6136873 0.6473528 -0.04928243 -0.8720462 1.040084 -0.05951082 -0.8627353 1.045459 -0.08831751 -0.6043761 0.652728 -0.07808923 -0.7707267 1.324672 0.01228857 -0.8323844 1.27905 -0.005854845 -0.7659807 1.327635 0.007959842 -0.7707267 1.324672 0.01228857 -0.8276384 1.282013 -0.01018369 -0.7659807 1.327635 0.007959842 -0.8627353 1.045459 -0.08831751 -0.8720462 1.040084 -0.05951082 -0.8323844 1.27905 -0.005854845 -0.8276384 1.282013 -0.01018369 -0.1507523 0.4619484 0.03875398 -0.3634503 0.2508617 -0.07520043 -0.155498 0.4589857 0.04308271 -0.1507523 0.4619484 0.03875398 -0.372762 0.2454865 -0.04639363 -0.155498 0.4589857 0.04308271 -0.3634503 0.2508617 -0.07520043 -0.372762 0.2454865 -0.04639363 -0.1196906 0.3763268 0.03554105 -0.3211882 0.199593 -0.07110643 -0.1244363 0.373364 0.0398699 -0.1196906 0.3763268 0.03554105 -0.3304999 0.1942179 -0.04229974 -0.1244363 0.373364 0.0398699 -0.3211882 0.199593 -0.07110643 -0.3304999 0.1942179 -0.04229974 -0.1020734 0.2346224 0.02312433 -0.1851553 0.1180644 -0.04234933 -0.1068193 0.2316595 0.02745318 -0.1020734 0.2346224 0.02312433 -0.1944665 0.1126893 -0.01354265 -0.1068193 0.2316595 0.02745318 -0.1851553 0.1180644 -0.04234933 -0.1944665 0.1126893 -0.01354265 -0.0493648 0.1253027 0.00425744 -0.1327736 0.06474542 -0.02340734 -0.1020734 0.2346224 0.02312433 -0.1068193 0.2316595 0.02745318 -0.05360722 0.1230695 0.02740514 -0.0493648 0.1253027 0.00425744 -0.1383135 0.06182688 0.006695747 -0.05360722 0.1230695 0.02740514 -0.1327736 0.06474542 -0.02340734 -0.1383135 0.06182688 0.006695747 0.04799914 0.02284371 -0.004017591 -0.04230618 -0.02425062 -0.01479065 0.04512739 0.02030676 0.02235639 0.04799914 0.02284371 -0.004017591 -0.04475522 -0.02679383 0.01573395 0.04512739 0.02030676 0.02235639 -0.04230618 -0.02425062 -0.01479065 -0.04475522 -0.02679383 0.01573395 0.8422139 -1.275814 -0.01825618 0.8381127 -1.278638 -0.01323187 0.7756002 -1.325953 -0.02134108 0.7797015 -1.323129 -0.02636528 0.8779619 -1.03818 0.04910922 0.6124475 -0.6501479 0.0540868 0.4576415 -0.839385 -0.01316976 0.7341036 -1.18142 -0.01476812 0.6179433 -0.646003 0.02411949 0.8834577 -1.034035 0.01914203 0.7382047 -1.178596 -0.01979255 0.4617426 -0.8365615 -0.01819396 0.7382047 -1.178596 -0.01979255 0.7341036 -1.18142 -0.01476812 0.4576415 -0.839385 -0.01316976 0.4617426 -0.8365615 -0.01819396 0.6179433 -0.646003 0.02411949 0.6124475 -0.6501479 0.0540868 0.8779619 -1.03818 0.04910922 0.8834577 -1.034035 0.01914203 0.8422139 -1.275814 -0.01825618 0.7797015 -1.323129 -0.02636528 0.7797015 -1.323129 -0.02636528 0.7756002 -1.325953 -0.02134108 0.7756002 -1.325953 -0.02134108 0.8381127 -1.278638 -0.01323187 0.8779619 -1.03818 0.04910922 0.8381127 -1.278638 -0.01323187 0.8422139 -1.275814 -0.01825618 0.8834577 -1.034035 0.01914203 0.3649628 -0.2523933 0.06371569 0.1439337 -0.471674 -0.01274216 0.1439337 -0.471674 -0.01274216 0.148035 -0.4688504 -0.01776659 0.148035 -0.4688504 -0.01776659 0.370459 -0.2482482 0.03374874 0.370459 -0.2482482 0.03374874 0.3649628 -0.2523933 0.06371569 0.321489 -0.2019916 0.06271433 0.1117914 -0.3864546 -0.009467601 0.1117914 -0.3864546 -0.009467601 0.1158927 -0.383631 -0.01449203 0.1158927 -0.383631 -0.01449203 0.3269851 -0.1978467 0.03274703 0.3269851 -0.1978467 0.03274703 0.321489 -0.2019916 0.06271433 0.1812884 -0.1238865 0.04780542 0.09300398 -0.2445921 -0.001298427 0.09300398 -0.2445921 -0.001298427 0.09710526 -0.2417684 -0.006322741 0.09710526 -0.2417684 -0.006322741 0.1867843 -0.1197416 0.01783823 0.1867843 -0.1197416 0.01783823 0.1812884 -0.1238865 0.04780542 0.1258649 -0.07228368 0.03328216 0.04088234 -0.1352787 0.0191679 0.09300398 -0.2445921 -0.001298427 0.04088234 -0.1352787 0.0191679 0.04212808 -0.1340783 -0.004407525 0.09710526 -0.2417684 -0.006322741 0.04212808 -0.1340783 -0.004407525 0.1275067 -0.07070797 0.002618908 0.1275067 -0.07070797 0.002618908 0.1258649 -0.07228368 0.03328216 0.1054552 -0.03915655 0.02936184 0.1021505 -0.04034596 0.07041049 0.1281785 -0.05770212 0.07200312 0.1314833 -0.05651271 0.03095436 0.1314833 -0.05651271 0.03095436 0.1281785 -0.05770212 0.07200312 0.1420961 -0.08576363 0.07231044 0.1454008 -0.08457416 0.03126168 0.1454008 -0.08457416 0.03126168 0.1420961 -0.08576363 0.07231044 0.1401739 -0.1170113 0.0712502 0.1434786 -0.1158218 0.03020155 0.1434786 -0.1158218 0.03020155 0.1401739 -0.1170113 0.0712502 0.1229269 -0.1430724 0.06910657 0.1262316 -0.1418829 0.02805793 0.1262316 -0.1418829 0.02805793 0.1229269 -0.1430724 0.06910657 0.09497642 -0.1569639 0.06645381 0.09828114 -0.1557744 0.02540516 0.09828114 -0.1557744 0.02540516 0.09497642 -0.1569639 0.06645381 0.06381201 -0.1549636 0.06400287 0.06711649 -0.1537742 0.0229541 0.06711649 -0.1537742 0.0229541 0.06381201 -0.1549636 0.06400287 0.03778386 -0.1376073 0.06241023 0.04108858 -0.1364179 0.02136158 0.04108858 -0.1364179 0.02136158 0.03778386 -0.1376073 0.06241023 0.02386617 -0.1095459 0.06210291 0.02717089 -0.1083565 0.02105426 -0.09944677 0.1603806 0.01864755 -0.1027514 0.1591911 0.05969631 -0.07158684 0.1571909 0.06214725 -0.06828212 0.1583803 0.02109861 -0.06828212 0.1583803 0.02109861 -0.07158684 0.1571909 0.06214725 -0.04555869 0.1398347 0.06373977 -0.04225397 0.1410241 0.02269113 -0.04225397 0.1410241 0.02269113 -0.04555869 0.1398347 0.06373977 -0.03164124 0.1117733 0.06404721 -0.02833652 0.1129626 0.02299845 -0.1066207 0.04376274 0.01469087 -0.1099255 0.04257327 0.05573952 -0.1359536 0.05992943 0.054147 -0.1326489 0.0611189 0.01309835 -0.1326489 0.0611189 0.01309835 -0.1359536 0.05992943 0.054147 -0.1498711 0.08799093 0.05383968 -0.1465663 0.08918035 0.01279103 -0.1465663 0.08918035 0.01279103 -0.1498711 0.08799093 0.05383968 -0.1479489 0.1192385 0.05489993 -0.1446442 0.120428 0.01385116 -0.1446442 0.120428 0.01385116 -0.1479489 0.1192385 0.05489993 -0.1307017 0.1452997 0.05704355 -0.1273972 0.1464891 0.0159949 -0.1273972 0.1464891 0.0159949 -0.1307017 0.1452997 0.05704355 -0.1027514 0.1591911 0.05969631 -0.09944677 0.1603806 0.01864755 -0.04324817 0.02739495 -0.05029702 -0.05076432 0.02745312 0.06428158 -0.03967809 0.04582095 0.06511688 -0.03220891 0.04568481 -0.04946529 -0.02133631 0.05691933 0.06629216 -0.0139451 0.05673605 -0.0482949 5.91278e-5 0.05820584 0.06753849 0.007359504 0.05801707 -0.04705393 0.0196073 0.04938554 0.06857001 0.02682471 0.04923427 -0.04602682 0.03282928 0.03247916 0.06915056 0.03999018 0.03239965 -0.04544866 0.03669619 0.01135993 0.06914722 0.04384088 0.01137012 -0.04545199 0.03032231 -0.009134232 0.0685606 0.03749418 -0.009037017 -0.04603612 0.01516795 -0.02430826 0.06752514 0.02240419 -0.02414661 -0.04706716 -0.005295515 -0.03068608 0.0662781 0.002027511 -0.03049731 -0.04830896 -0.02637982 -0.02680641 0.06510519 -0.01896715 -0.02663415 -0.04947686 -0.04325509 -0.01355814 0.06427502 -0.03577089 -0.01344215 -0.05030357 -0.05205535 0.006023705 0.06397771 -0.04453372 0.006056547 -0.05059957 -0.05076432 0.02745312 0.06428158 -0.04324817 0.02739495 -0.05029702</float_array>
          <technique_common>
            <accessor source="#Wing8_FinalDJI_0_004-mesh-positions-array" count="360" stride="3">
              <param name="X" type="float"/>
              <param name="Y" type="float"/>
              <param name="Z" type="float"/>
            </accessor>
          </technique_common>
        </source>
        <source id="Wing8_FinalDJI_0_004-mesh-normals">
          <float_array id="Wing8_FinalDJI_0_004-mesh-normals-array" count="1050">0.0748372 0.01024687 -0.9971432 0.07483673 0.01024633 -0.9971432 0.07483726 0.01024687 -0.9971432 0.07483649 0.01024639 -0.9971432 0.07483607 0.01024633 -0.9971433 0.07483661 0.01024556 -0.9971433 0.0748369 0.01024669 -0.9971432 0.07483673 0.01024639 -0.9971432 0.07483762 0.01024711 -0.9971432 0.07483673 0.01024657 -0.9971432 0.07483732 0.01024669 -0.9971432 0.0748372 0.01024687 -0.9971432 -0.07483696 -0.01024681 0.9971432 -0.07483667 -0.01024639 0.9971432 -0.07483732 -0.01024693 0.9971432 -0.07483667 -0.01024657 0.9971432 -0.07483732 -0.01024669 0.9971432 -0.07483708 -0.01024693 0.9971432 -0.07483702 -0.01024669 0.9971432 -0.07483673 -0.01024633 0.9971432 -0.07483756 -0.01024705 0.9971432 -0.07483643 -0.01024639 0.9971432 -0.07483595 -0.01024633 0.9971432 -0.07483661 -0.01024562 0.9971432 0.08021211 0.02887153 -0.9963597 0.08021372 0.02887094 -0.9963596 0.08021342 0.02887135 -0.9963595 0.08021402 0.02886861 -0.9963596 0.0802142 0.02886927 -0.9963595 0.08021527 0.02887016 -0.9963594 0.08021545 0.02887016 -0.9963595 0.08021408 0.0288707 -0.9963595 0.08021324 0.02887159 -0.9963595 0.0802139 0.02886831 -0.9963597 0.08021545 0.02887296 -0.9963594 0.0802142 0.02887195 -0.9963595 -0.08021199 -0.02887153 0.9963597 -0.08021771 -0.02886962 0.9963593 -0.08021503 -0.02887225 0.9963594 -0.08021509 -0.02887225 0.9963594 -0.0802142 -0.02886927 0.9963595 -0.08021539 -0.0288701 0.9963595 -0.08021217 -0.0288695 0.9963597 -0.0802164 -0.02886819 0.9963594 -0.08021318 -0.02887159 0.9963595 -0.08021301 -0.02887219 0.9963596 -0.08021247 -0.0288704 0.9963597 -0.08021444 -0.02887195 0.9963595 0.08021557 0.02887034 -0.9963594 0.08021336 0.02887105 -0.9963595 0.08021354 0.02887099 -0.9963596 0.08021414 0.02886837 -0.9963595 0.08021557 0.02887284 -0.9963594 0.0802114 0.02886921 -0.9963598 0.08021616 0.02887016 -0.9963594 0.08021354 0.02887099 -0.9963596 0.08021354 0.02887105 -0.9963595 0.08021396 0.02886891 -0.9963595 0.08021527 0.02887308 -0.9963594 0.08021134 0.0288695 -0.9963598 -0.08021163 -0.02887159 0.9963597 -0.08021354 -0.02887099 0.9963596 -0.0802161 -0.02886819 0.9963595 -0.08021521 -0.02887201 0.9963594 -0.0802142 -0.02886915 0.9963596 -0.08021557 -0.0288704 0.9963594 -0.08021551 -0.02887034 0.9963594 -0.08021342 -0.02887105 0.9963596 -0.08021354 -0.02887099 0.9963596 -0.08021306 -0.02887278 0.9963596 -0.08021205 -0.0288698 0.9963597 -0.08021479 -0.02887219 0.9963595 -0.05703568 -0.01083743 0.9983134 -0.05758368 -0.01066493 0.9982838 -0.05707198 -0.01095265 0.99831 -0.05723875 -0.0111202 0.9982986 -0.05748826 -0.01071101 0.9982888 -0.0574789 -0.01119554 0.9982841 -0.05749988 -0.01086062 0.9982866 -0.0573787 -0.01120769 0.9982897 -0.05747079 -0.0106309 0.9982906 -0.05770945 -0.01115399 0.9982712 -0.05790233 -0.01100414 0.9982616 -0.05764806 -0.01075369 0.998279 -0.05795341 -0.01089161 0.9982599 -0.05800479 -0.01077836 0.9982581 -0.05797952 -0.01087403 0.9982585 -0.05744147 -0.01070612 0.9982916 -0.05799102 -0.01053863 0.9982616 -0.05786544 -0.01033002 0.9982711 -0.05752944 -0.01067161 0.9982869 -0.05765581 -0.01020342 0.9982844 -0.05750662 -0.01067501 0.9982882 -0.05753213 -0.01019632 0.9982916 -0.05710738 -0.01033562 0.9983146 -0.05718994 -0.01028954 0.9983103 -0.05739361 -0.0105558 0.9982958 -0.05704319 -0.01047843 0.9983168 -0.05734801 -0.01061749 0.9982978 -0.05699932 -0.01072192 0.9983167 -0.9123502 -0.4029194 -0.07261598 -0.9123502 -0.4029195 -0.07261526 -0.9100626 -0.4080814 -0.07249724 -0.9100626 -0.4080814 -0.07249718 -0.8677673 0.4933282 -0.06005954 -0.8677673 0.4933282 -0.0600593 -0.3765224 0.926218 -0.01874059 -0.3765206 0.9262187 -0.01874268 0.5204841 0.8525311 0.04782342 0.5204842 0.8525311 0.04782325 0.5152651 0.8557156 0.04746395 0.5156732 0.8554682 0.0474928 0.5108469 0.8583775 0.04715597 0.5108472 0.8583774 0.04715508 0.914609 0.397746 0.07272362 0.9146091 0.3977459 0.07272279 0.9123504 0.40292 0.07261145 0.9123503 0.40292 0.07261186 0.9100634 0.4080802 0.07249313 0.9100633 0.4080802 0.07249313 0.8677678 -0.4933278 0.06005555 0.8677679 -0.4933277 0.06005561 0.8677678 -0.4933278 0.06005555 0.8677678 -0.4933279 0.06005549 0.3765222 -0.9262181 0.01873868 0.3765233 -0.9262177 0.01874142 -0.5204839 -0.8525313 -0.0478214 -0.5204839 -0.8525315 -0.04782098 -0.5156736 -0.8554678 -0.04749268 -0.5156736 -0.8554679 -0.0474925 -0.5108462 -0.8583779 -0.04715633 -0.5108461 -0.858378 -0.04715549 -0.9146085 -0.3977467 -0.07272422 -0.9146085 -0.3977471 -0.07272279 -0.5780906 0.8122451 -0.07790541 -0.5780892 0.8122501 -0.07786327 0.3444282 0.2140554 -0.9140841 0.3373332 0.2140557 -0.9167259 0.3343933 0.2056384 -0.919725 0.3306292 0.2029515 -0.9216806 -0.257654 -0.1503854 0.9544625 -0.2593525 -0.1511995 0.9538737 -0.2607571 -0.1539808 0.9530455 -0.2638359 -0.1539418 0.9522041 0.508581 0.3407462 0.7907196 0.461438 0.4102029 0.7866439 0.4609367 0.410901 0.7865735 0.5141893 0.3319302 0.7908425 -0.7907728 -0.5026032 -0.349383 -0.7787109 -0.5213652 -0.3489811 -0.7787108 -0.5213652 -0.3489812 -0.7907727 -0.5026033 -0.3493829 -0.245321 -0.1541327 0.9571106 -0.2453197 -0.1541377 0.9571102 0.6233022 0.1285139 0.7713487 0.6233018 0.1285138 0.7713489 0.3010067 0.2138835 -0.9293271 0.300991 0.2138775 -0.9293336 -0.914678 0.2349474 -0.3288829 -0.9146731 0.2349546 -0.3288913 -0.9146581 0.2349576 -0.3289309 -0.9146677 0.2349513 -0.3289085 0.3227205 0.1945444 -0.926285 0.3234378 0.1929271 -0.9263731 0.4807357 0.3826721 0.7889584 0.4788931 0.3853619 0.7887697 -0.2552838 -0.1460903 0.9557656 -0.2546994 -0.1469827 0.9557847 -0.7921346 -0.500409 -0.3494479 -0.7921326 -0.5004255 -0.3494285 0.3449664 0.1766321 -0.9218456 0.3481718 0.1777936 -0.9204161 0.64614 0.07478904 0.7595458 0.6370193 0.09695988 0.7647256 -0.2698279 -0.127723 0.9544003 -0.2683613 -0.1291369 0.9546235 -0.5280562 -0.7875648 -0.3176453 -0.5280568 -0.7875541 -0.3176706 0.3553247 0.1859207 -0.9160666 0.348203 0.1878065 -0.9184136 0.6676996 0.01779955 0.744218 0.6676989 0.01779949 0.7442186 -0.2762519 -0.1055691 0.9552697 -0.2765849 -0.1119482 0.9544467 -0.4977331 -0.8174569 -0.2898728 -0.504862 -0.8136173 -0.2883427 0.2212651 0.1652264 -0.961115 0.2292576 0.1683304 -0.9587001 0.8534991 0.3843445 0.3518787 0.8534981 0.3843172 0.3519111 0.7771169 0.5836429 0.2354791 0.769553 0.597182 0.2261899 -0.1968907 -0.07442665 0.9775964 -0.1858308 -0.07551884 0.9796754 -0.6554669 -0.7290605 -0.1970636 -0.6588224 -0.7276396 -0.1910333 0.1162872 0.05473875 -0.9917061 0.1216468 0.07554703 -0.9896942 0.7339563 0.6652125 0.1371155 0.7337712 0.6653368 0.137502 -0.1049644 -0.05589461 0.992904 -0.1055187 -0.04518216 0.9933905 -0.7287804 -0.6727564 -0.1275858 -0.7332762 -0.6683281 -0.1250746 0.599683 -0.7992213 0.04032182 0.5996835 -0.7992209 0.04032051 -0.2220796 -0.1756766 0.9590717 -0.2074873 -0.1642588 0.9643486 -0.211564 -0.1668183 0.9630226 -0.2147073 -0.1754496 0.9607904 0.1322181 0.1089249 -0.9852176 0.1385164 0.1126649 -0.9839308 0.1354017 0.1126276 -0.9843686 0.1339606 0.1097904 -0.9848862 -0.5971089 -0.3849539 -0.7037554 -0.6028686 -0.3762381 -0.7035583 -0.5479506 -0.4541689 -0.7024819 -0.5487398 -0.4530897 -0.7025627 0.8181197 0.5299092 0.2233303 0.8181198 0.5299092 0.2233298 0.8057225 0.5484542 0.2236277 0.8057224 0.5484541 0.2236279 0.11958 0.1123678 -0.9864452 0.1195791 0.1123635 -0.9864459 -0.7127922 -0.173749 -0.6795135 -0.7127931 -0.1737493 -0.6795125 -0.1770787 -0.1741547 0.9686657 -0.1770942 -0.1741605 0.9686619 0.9534124 -0.205919 0.2204592 0.9534124 -0.2059171 0.2204613 0.9534052 -0.2059242 0.2204859 0.9534083 -0.2059264 0.22047 -0.2001406 -0.1536914 0.9676378 -0.1994068 -0.1553 0.9675323 -0.5665473 -0.4290184 -0.7035393 -0.568452 -0.4263694 -0.7036133 0.1291919 0.1054214 -0.986 0.1298027 0.1044911 -0.9860187 0.8195137 0.5277528 0.2233262 0.8195263 0.5277425 0.2233036 -0.2257311 -0.1392171 0.964191 -0.2223944 -0.1379405 0.9651493 -0.7261945 -0.1421141 -0.6726405 -0.7350336 -0.1198565 -0.667353 0.1432489 0.0878483 -0.9857801 0.1447639 0.08646869 -0.9856808 0.54777 0.8092203 0.2123924 0.5477629 0.8092252 0.2123925 -0.2258099 -0.1493113 0.9626609 -0.2328962 -0.147513 0.9612488 -0.7556573 -0.06253111 -0.6519755 -0.7556576 -0.06253111 -0.6519751 0.1517758 0.0708093 -0.9858753 0.1514728 0.06439375 -0.9863617 0.5205383 0.8335288 0.1851205 0.513585 0.8373313 0.1873685 -0.1481344 -0.09190678 0.9846875 -0.1466478 -0.0892058 0.9851583 -0.8830487 -0.4128206 -0.2231687 -0.8189464 -0.5575637 -0.1358292 -0.8194244 -0.5567149 -0.1364264 -0.883052 -0.4127964 -0.2232005 0.125537 0.01183027 -0.9920185 0.1267496 0.0125336 -0.9918556 0.7081335 0.6955995 0.1211951 0.6988039 0.704414 0.1243954 0.7234652 0.6859269 0.07811927 0.7234784 0.6859127 0.07812047 0.5505893 0.8319665 0.06843322 0.5505893 0.8319666 0.06843304 0.8922801 0.4434689 0.08468472 0.8922803 0.4434686 0.08468532 0.9948869 -0.06385684 0.0782451 0.994887 -0.06385648 0.0782454 0.8309148 -0.5540722 0.05083924 0.830915 -0.5540719 0.05083948 0.4442977 -0.8958256 0.009810864 0.4442974 -0.8958256 0.009810864 -0.06136673 -0.9975413 -0.03384649 -0.06136435 -0.9975415 -0.03384464 -0.5505891 -0.8319671 -0.06842935 -0.5505923 -0.8319646 -0.06843388 -0.8922784 -0.4434723 -0.08468484 -0.8922784 -0.4434723 -0.08468472 -0.769397 -0.6337031 -0.08030414 -0.7693848 -0.633718 -0.08030378 0.06136435 0.9975414 0.03384613 0.06136626 0.9975414 0.0338447 0.550589 0.8319668 0.06843346 0.5505877 0.8319675 0.06843453 0.8922815 0.4434662 0.08468472 0.8922809 0.4434672 0.08468568 0.7693962 0.6336994 0.08034044 0.769387 0.6337154 0.08030271 -0.7234681 -0.6859289 -0.07807379 -0.7234777 -0.6859134 -0.07812106 -0.5505875 -0.8319677 -0.06843441 -0.5505878 -0.8319674 -0.06843435 -0.8922819 -0.4434652 -0.08468556 -0.8922815 -0.4434663 -0.08468496 -0.9948872 0.06385296 -0.07824558 -0.9948872 0.06385344 -0.07824528 -0.830912 0.5540766 -0.05083882 -0.8309152 0.554072 -0.05083525 -0.4442992 0.8958249 -0.009809494 -0.4442979 0.8958255 -0.009810388 -0.08021336 -0.02886986 0.9963596 -0.08021438 -0.02887147 0.9963595 -0.08021515 -0.02887189 0.9963594 -0.08021324 -0.0288698 0.9963597 -0.08021557 -0.02887171 0.9963594 -0.08021593 -0.02887195 0.9963593 0.08021628 0.02887237 -0.9963593 0.08021056 0.02886849 -0.9963599 0.08021146 0.02886921 -0.9963598 0.08021658 0.02887219 -0.9963593 0.08021646 0.02887219 -0.9963592 0.08021479 0.02887105 -0.9963595 0.08021163 0.02886849 -0.9963598 0.08021199 0.02886861 -0.9963597 -0.08021479 -0.02887201 0.9963594 -0.08021223 -0.02886867 0.9963598 -0.9528717 0.2968304 -0.06266802 -0.9521178 0.2992525 -0.06260889 -0.7048639 0.7077979 -0.04678803 -0.7055186 0.7071426 -0.04683011 -0.296764 0.9547272 -0.02066934 -0.295918 0.9549909 -0.02061516 0.1791985 0.9837642 0.009795784 0.1816535 0.9833122 0.009953022 0.614526 0.7879971 0.03766292 0.6173126 0.7858074 0.0378403 0.9095687 0.411688 0.05655121 0.9111123 0.4082468 0.05664974 0.9963046 -0.05932778 0.06210845 0.9961144 -0.06245189 0.0620976 0.8543318 -0.5170159 0.05302804 0.8534114 -0.5185393 0.05296969 0.5159743 -0.8560293 0.03137493 0.5159551 -0.8560409 0.0313735 0.0590189 -0.9982547 0.002127468 0.06075704 -0.9981501 0.002238571 -0.4113196 -0.9110617 -0.02797925 -0.4084848 -0.9123418 -0.02779734 -0.7869363 -0.6148372 -0.0520249 -0.7846193 -0.6178037 -0.05187642 -0.9819183 -0.1779741 -0.06451052 -0.9812805 -0.1814725 -0.06446987 -0.9521149 0.2992641 -0.06259524 -0.9528703 0.2968385 -0.06265139</float_array>
          <technique_common>
            <accessor source="#Wing8_FinalDJI_0_004-mesh-normals-array" count="350" stride="3">
              <param name="X" type="float"/>
              <param name="Y" type="float"/>
              <param name="Z" type="float"/>
            </accessor>
          </technique_common>
        </source>
        <source id="Wing8_FinalDJI_0_004-mesh-map-0">
          <float_array id="Wing8_FinalDJI_0_004-mesh-map-0-array" count="1818">0.3977608 0.1060568 0.3766433 0.1229549 0.3924219 0.1179999 0.3952969 0.1017137 0.3766433 0.1229549 0.3977608 0.1060568 0.3906723 0.09983187 0.3766433 0.1229549 0.3952969 0.1017137 0.3795189 0.1066687 0.3766433 0.1229549 0.3906723 0.09983187 0.3667716 0.1142854 0.3766433 0.1229549 0.3795189 0.1066687 0.3608649 0.1279098 0.3766433 0.1229549 0.3667716 0.1142854 0.3555263 0.139853 0.3766433 0.1229549 0.3608649 0.1279098 0.3579893 0.1441963 0.3766433 0.1229549 0.3555263 0.139853 0.3626148 0.1460779 0.3766433 0.1229549 0.3579893 0.1441963 0.373768 0.1392413 0.3766433 0.1229549 0.3626148 0.1460779 0.3865153 0.1316242 0.3766433 0.1229549 0.373768 0.1392413 0.3924219 0.1179999 0.3766433 0.1229549 0.3865153 0.1316242 0.6401761 0.1159248 0.6559569 0.1208798 0.6348379 0.1039816 0.6348379 0.1039816 0.6559569 0.1208798 0.6373012 0.09963846 0.6373012 0.09963846 0.6559569 0.1208798 0.6419264 0.09775668 0.6419264 0.09775668 0.6559569 0.1208798 0.653079 0.1045934 0.653079 0.1045934 0.6559569 0.1208798 0.6658269 0.1122103 0.6658269 0.1122103 0.6559569 0.1208798 0.6717332 0.1258347 0.6717332 0.1258347 0.6559569 0.1208798 0.6770727 0.1377777 0.6770727 0.1377777 0.6559569 0.1208798 0.6746091 0.1421211 0.6746091 0.1421211 0.6559569 0.1208798 0.6699843 0.144003 0.6699843 0.144003 0.6559569 0.1208798 0.6588299 0.1371664 0.6588299 0.1371664 0.6559569 0.1208798 0.646083 0.1295492 0.646083 0.1295492 0.6559569 0.1208798 0.6401761 0.1159248 0.5505484 0.0912624 0.553278 0.0992732 0.5549209 0.09098267 0.5469312 0.09368842 0.553278 0.0992732 0.5505484 0.0912624 0.5449894 0.09761101 0.553278 0.0992732 0.5469312 0.09368842 0.5452749 0.1019789 0.553278 0.0992732 0.5449894 0.09761101 0.5477065 0.1056218 0.553278 0.0992732 0.5452749 0.1019789 0.551636 0.1075634 0.553278 0.0992732 0.5477065 0.1056218 0.5559998 0.1072838 0.553278 0.0992732 0.551636 0.1075634 0.5596418 0.1048579 0.553278 0.0992732 0.5559998 0.1072838 0.5615477 0.1009354 0.553278 0.0992732 0.5596418 0.1048579 0.5612708 0.09656727 0.553278 0.0992732 0.5615477 0.1009354 0.5588416 0.09292477 0.553278 0.0992732 0.5612708 0.09656727 0.5549209 0.09098267 0.553278 0.0992732 0.5588416 0.09292477 0.3610882 0.08761239 0.3627251 0.09590286 0.3654626 0.08789211 0.3654626 0.08789211 0.3627251 0.09590286 0.3690953 0.09031814 0.3690953 0.09031814 0.3627251 0.09590286 0.3710212 0.09424054 0.3710212 0.09424054 0.3627251 0.09590286 0.3707109 0.09860855 0.3707109 0.09860855 0.3627251 0.09590286 0.3682649 0.1022517 0.3682649 0.1022517 0.3627251 0.09590286 0.3643429 0.1041934 0.3643429 0.1041934 0.3627251 0.09590286 0.3599969 0.1039137 0.3599969 0.1039137 0.3627251 0.09590286 0.356372 0.1014875 0.356372 0.1014875 0.3627251 0.09590286 0.3544589 0.09756517 0.3544589 0.09756517 0.3627251 0.09590286 0.3547319 0.0931974 0.3547319 0.0931974 0.3627251 0.09590286 0.3571628 0.08955419 0.3571628 0.08955419 0.3627251 0.09590286 0.3610882 0.08761239 0.574846 0.06365007 0.5775678 0.07166093 0.5792098 0.06337046 0.5712041 0.06607621 0.5775678 0.07166093 0.574846 0.06365007 0.5692967 0.0699988 0.5775678 0.07166093 0.5712041 0.06607621 0.5695769 0.07436674 0.5775678 0.07166093 0.5692967 0.0699988 0.5720021 0.0780096 0.5775678 0.07166093 0.5695769 0.07436674 0.5759274 0.0799511 0.5775678 0.07166093 0.5720021 0.0780096 0.5802957 0.07967156 0.5775678 0.07166093 0.5759274 0.0799511 0.5839146 0.07724547 0.5775678 0.07166093 0.5802957 0.07967156 0.5858563 0.07332295 0.5775678 0.07166093 0.5839146 0.07724547 0.5855708 0.06895506 0.5775678 0.07166093 0.5858563 0.07332295 0.5831394 0.0653122 0.5775678 0.07166093 0.5855708 0.06895506 0.5792098 0.06337046 0.5775678 0.07166093 0.5831394 0.0653122 0.3368125 0.05999976 0.3384304 0.06829029 0.3411585 0.06027942 0.3411585 0.06027942 0.3384304 0.06829029 0.3447833 0.06270569 0.3447833 0.06270569 0.3384304 0.06829029 0.3466998 0.06662827 0.3466998 0.06662827 0.3384304 0.06829029 0.3464186 0.0709961 0.3464186 0.0709961 0.3384304 0.06829029 0.3439953 0.07463914 0.3439953 0.07463914 0.3384304 0.06829029 0.3400664 0.07658094 0.3400664 0.07658094 0.3384304 0.06829029 0.3356931 0.07630121 0.3356931 0.07630121 0.3384304 0.06829029 0.33206 0.07387518 0.33206 0.07387518 0.3384304 0.06829029 0.3301343 0.06995278 0.3301343 0.06995278 0.3384304 0.06829029 0.3304446 0.06558465 0.3304446 0.06558465 0.3384304 0.06829029 0.3328905 0.06194186 0.3328905 0.06194186 0.3384304 0.06829029 0.3368125 0.05999976 0.08780062 0.992431 0.08236223 0.9893209 0.08574223 0.994612 0.08574223 0.994612 0.08236223 0.9893209 0.08290582 0.9955868 0.08290582 0.9955868 0.08236223 0.9893209 0.07994055 0.9951313 0.07994055 0.9951313 0.08236223 0.9893209 0.07752656 0.99335 0.07752656 0.99335 0.08236223 0.9893209 0.07621467 0.9906502 0.07621467 0.9906502 0.08236223 0.9893209 0.07631069 0.9876515 0.07631069 0.9876515 0.08236223 0.9893209 0.07778954 0.9850406 0.07778954 0.9850406 0.08236223 0.9893209 0.08031284 0.9834157 0.08031284 0.9834157 0.08236223 0.9893209 0.08330124 0.9831494 0.08330124 0.9831494 0.08236223 0.9893209 0.08606976 0.9843019 0.08606976 0.9843019 0.08236223 0.9893209 0.08798533 0.9866095 0.08798533 0.9866095 0.08236223 0.9893209 0.08860969 0.989543 0.08860969 0.989543 0.08236223 0.9893209 0.08780062 0.992431 0.9677757 0.9507808 0.9632883 0.9507302 0.9629749 0.9666994 0.9677757 0.9507808 0.9629749 0.9666994 0.9674049 0.96675 0.9674049 0.96675 0.9629749 0.9666994 0.9629749 0.9725069 0.9674049 0.96675 0.9629749 0.9725069 0.9672932 0.9725572 0.1484841 0.9908567 0.1521705 0.9911546 0.1522083 0.9861708 0.1484841 0.9908567 0.1522083 0.9861708 0.148522 0.985873 0.9237692 0.9889414 0.9263376 0.9888908 0.9264842 0.9797505 0.9237692 0.9889414 0.9264842 0.9797505 0.9239197 0.9798008 0.9239197 0.9798008 0.9264842 0.9797505 0.9267901 0.9695665 0.9239197 0.9798008 0.9267901 0.9695665 0.9232687 0.969617 0.9232687 0.969617 0.9267901 0.9695665 0.9267583 0.9513509 0.9232687 0.969617 0.9267583 0.9513509 0.9222713 0.9514014 0.9222713 0.9514014 0.9267583 0.9513509 0.9263877 0.9353831 0.9222713 0.9514014 0.9263877 0.9353831 0.921958 0.9354335 0.921958 0.9354335 0.9263877 0.9353831 0.9262761 0.9295764 0.921958 0.9354335 0.9262761 0.9295764 0.9219579 0.9296266 0.2791302 0.9860154 0.2754439 0.9863132 0.2754815 0.991297 0.2791302 0.9860154 0.2754815 0.991297 0.279168 0.9909992 0.9673548 0.9132373 0.9647862 0.9131868 0.9649369 0.9223282 0.9673548 0.9132373 0.9649369 0.9223282 0.9675015 0.9223786 0.9675015 0.9223786 0.9649369 0.9223282 0.9642857 0.9325129 0.9675015 0.9223786 0.9642857 0.9325129 0.9678072 0.9325634 0.9678072 0.9325634 0.9642857 0.9325129 0.9632883 0.9507302 0.9678072 0.9325634 0.9632883 0.9507302 0.9677757 0.9507808 0.2960694 0.1245237 0.2949762 0.1349695 0.2956444 0.1357567 0.2960694 0.1245237 0.2956444 0.1357567 0.2968179 0.1251584 0.4214193 0.5064068 0.3934985 0.514362 0.4158841 0.5700669 0.4214193 0.5064068 0.4158841 0.5700669 0.4497893 0.5636879 0.8381007 0.9269243 0.8038361 0.9209966 0.7820211 0.9780296 0.8381007 0.9269243 0.7820211 0.9780296 0.809871 0.9856747 0.9744473 0.6489456 0.9752461 0.6896648 0.9759017 0.6897526 0.9744473 0.6489456 0.9759017 0.6897526 0.9751006 0.6489571 0.9924109 0.8763138 0.9936125 0.9435486 0.9980081 0.9434465 0.9924109 0.8763138 0.9980081 0.9434465 0.9968062 0.8762482 0.809871 0.9856747 0.7820211 0.9780296 0.7676563 0.9931442 0.809871 0.9856747 0.7676563 0.9931442 0.7776824 0.9973464 0.9744473 0.6489456 0.9751006 0.6489571 0.9756059 0.6348718 0.9744473 0.6489456 0.9756059 0.6348718 0.9749577 0.6350562 0.3934985 0.514362 0.4214193 0.5064068 0.388927 0.4953085 0.3934985 0.514362 0.388927 0.4953085 0.378965 0.4995036 0.3094203 0.09217453 0.3052921 0.09111595 0.2960694 0.1245237 0.3094203 0.09217453 0.2960694 0.1245237 0.2968179 0.1251584 0.4497893 0.5636879 0.4158841 0.5700669 0.4392175 0.6317828 0.4497893 0.5636879 0.4392175 0.6317828 0.4809926 0.6191413 0.9759017 0.6897526 0.9752461 0.6896648 0.9756982 0.7345822 0.9759017 0.6897526 0.9756982 0.7345822 0.9763526 0.734642 0.8038361 0.9209966 0.8381007 0.9269243 0.8694532 0.8696534 0.8038361 0.9209966 0.8694532 0.8696534 0.8267925 0.8574061 0.9924109 0.8763138 0.9968062 0.8762482 0.9960072 0.8092746 0.9924109 0.8763138 0.9960072 0.8092746 0.991613 0.8093437 0.4809926 0.6191413 0.4392175 0.6317828 0.447346 0.6412737 0.4809926 0.6191413 0.447346 0.6412737 0.4841278 0.6275881 0.9763526 0.734642 0.9756982 0.7345822 0.9759836 0.7432163 0.9763526 0.734642 0.9759836 0.7432163 0.9766314 0.7429916 0.8267925 0.8574061 0.8694532 0.8696534 0.8726298 0.8609842 0.8267925 0.8574061 0.8726298 0.8609842 0.8350144 0.8476338 0.991613 0.8093437 0.9960072 0.8092746 0.9952511 0.7994701 0.991613 0.8093437 0.9952511 0.7994701 0.9908546 0.8001292 0.4841278 0.6275881 0.447346 0.6412737 0.4630669 0.6526122 0.4841278 0.6275881 0.4630669 0.6526122 0.4841907 0.649277 0.9766314 0.7429916 0.9759836 0.7432163 0.9767609 0.7571151 0.9766314 0.7429916 0.9767609 0.7571151 0.9775474 0.756919 0.8350144 0.8476338 0.8726298 0.8609842 0.8725794 0.8385255 0.8350144 0.8476338 0.8725794 0.8385255 0.8511444 0.8355821 0.9908546 0.8001292 0.9952511 0.7994701 0.9917516 0.7763788 0.9908546 0.8001292 0.9917516 0.7763788 0.9873249 0.7771174 0.4841907 0.649277 0.4630669 0.6526122 0.4731888 0.66558 0.4841907 0.649277 0.4731888 0.66558 0.4866501 0.6595073 0.9775474 0.756919 0.9767609 0.7571151 0.9772217 0.7733709 0.9775474 0.756919 0.9772217 0.7733709 0.9805896 0.7734581 0.8511444 0.8355821 0.8725794 0.8385255 0.8745217 0.8275375 0.8511444 0.8355821 0.8745217 0.8275375 0.8605084 0.8213457 0.9873249 0.7771174 0.9917516 0.7763788 0.988648 0.765577 0.9873249 0.7771174 0.988648 0.765577 0.9840689 0.7658981 0.4866501 0.6595073 0.4731888 0.66558 0.4786917 0.6848184 0.4866501 0.6595073 0.4786917 0.6848184 0.4910255 0.6770403 0.9805896 0.7734581 0.9772217 0.7733709 0.9783683 0.7944642 0.9805896 0.7734581 0.9783683 0.7944642 0.9823432 0.794472 0.8605084 0.8213457 0.8745217 0.8275375 0.8786078 0.8091472 0.8605084 0.8213457 0.8786078 0.8091472 0.8660076 0.8013874 0.9840689 0.7658981 0.988648 0.765577 0.9875269 0.7464902 0.9840689 0.7658981 0.9875269 0.7464902 0.9828816 0.746454 0.9970622 0.9834071 0.9962527 0.9839693 0.9958321 0.994642 0.9970622 0.9834071 0.9958321 0.994642 0.9965873 0.9939575 0.937622 0.626442 0.9083628 0.6845427 0.9430895 0.690885 0.937622 0.626442 0.9430895 0.690885 0.9659558 0.6345995 0.5205541 0.8038475 0.5497438 0.8641577 0.5784114 0.856265 0.5205541 0.8038475 0.5784114 0.856265 0.5557905 0.7979437 0.9928198 0.5818459 0.9920516 0.581825 0.9893825 0.6295561 0.9928198 0.5818459 0.9893825 0.6295561 0.9901514 0.6295082 0.9785296 0.9264659 0.9740121 0.9265379 0.9750316 0.9956167 0.9785296 0.9264659 0.9750316 0.9956167 0.9795506 0.9955675 0.5497438 0.8641577 0.5830478 0.8760443 0.593403 0.8716354 0.5497438 0.8641577 0.593403 0.8716354 0.5784114 0.856265 0.9928198 0.5818459 0.9919968 0.5654439 0.9912284 0.5652474 0.9928198 0.5818459 0.9912284 0.5652474 0.9920516 0.581825 0.9659558 0.6345995 0.9808491 0.61971 0.9707427 0.6154376 0.9659558 0.6345995 0.9707427 0.6154376 0.937622 0.626442 0.986413 0.9501696 0.9962527 0.9839693 0.9970622 0.9834071 0.986413 0.9501696 0.9970622 0.9834071 0.9906271 0.9494326 0.9083628 0.6845427 0.8767091 0.7421041 0.919909 0.7542969 0.9083628 0.6845427 0.919909 0.7542969 0.9430895 0.690885 0.9893825 0.6295561 0.9862458 0.6820588 0.9870152 0.6820358 0.9893825 0.6295561 0.9870152 0.6820358 0.9901514 0.6295082 0.5557905 0.7979437 0.5327026 0.7327173 0.4888322 0.744627 0.5557905 0.7979437 0.4888322 0.744627 0.5205541 0.8038475 0.9785296 0.9264659 0.977257 0.8576236 0.9727408 0.8576932 0.9785296 0.9264659 0.9727408 0.8576932 0.9740121 0.9265379 0.8767091 0.7421041 0.8735718 0.7509344 0.9117648 0.7641621 0.8767091 0.7421041 0.9117648 0.7641621 0.919909 0.7542969 0.9862458 0.6820588 0.9860413 0.6919499 0.9868077 0.692182 0.9862458 0.6820588 0.9868077 0.692182 0.9870152 0.6820358 0.5327026 0.7327173 0.5244083 0.7226032 0.4857092 0.7356411 0.5327026 0.7327173 0.4857092 0.7356411 0.4888322 0.744627 0.977257 0.8576236 0.9774466 0.8480346 0.9729275 0.8477218 0.977257 0.8576236 0.9729275 0.8477218 0.9727408 0.8576932 0.8735718 0.7509344 0.8738663 0.7735533 0.8958287 0.7762791 0.8735718 0.7509344 0.8958287 0.7762791 0.9117648 0.7641621 0.9860413 0.6919499 0.9860354 0.7081255 0.9869084 0.7083302 0.9860413 0.6919499 0.9869084 0.7083302 0.9868077 0.692182 0.5244083 0.7226032 0.5080591 0.710097 0.4862105 0.7125493 0.5244083 0.7226032 0.4862105 0.7125493 0.4857092 0.7356411 0.9774466 0.8480346 0.979079 0.8243764 0.9745465 0.8240137 0.9774466 0.8480346 0.9745465 0.8240137 0.9729275 0.8477218 0.8738663 0.7735533 0.8715689 0.784244 0.8856469 0.7901579 0.8738663 0.7735533 0.8856469 0.7901579 0.8958287 0.7762791 0.9860354 0.7081255 0.9825067 0.7254331 0.9859946 0.7254824 0.9860354 0.7081255 0.9859946 0.7254824 0.9869084 0.7083302 0.5080591 0.710097 0.4985294 0.6955183 0.4844641 0.7014583 0.5080591 0.710097 0.4844641 0.7014583 0.4862105 0.7125493 0.979079 0.8243764 0.9813557 0.8128691 0.9767643 0.8128651 0.979079 0.8243764 0.9767643 0.8128651 0.9745465 0.8240137 0.8715689 0.784244 0.8660076 0.8013874 0.8786078 0.8091472 0.8715689 0.784244 0.8786078 0.8091472 0.8856469 0.7901579 0.9825067 0.7254331 0.9828816 0.746454 0.9875269 0.7464902 0.9825067 0.7254331 0.9875269 0.7464902 0.9859946 0.7254824 0.4985294 0.6955183 0.4910255 0.6770403 0.4786917 0.6848184 0.4985294 0.6955183 0.4786917 0.6848184 0.4844641 0.7014583 0.9813557 0.8128691 0.9823432 0.794472 0.9783683 0.7944642 0.9813557 0.8128691 0.9783683 0.7944642 0.9767643 0.8128651 0.9523846 0.1263278 0.9578332 0.1261125 0.9580987 0.1229711 0.9523846 0.1263278 0.9580987 0.1229711 0.9524282 0.1231865 0.9524282 0.1231865 0.9580987 0.1229711 0.9587239 0.1178921 0.9524282 0.1231865 0.9587239 0.1178921 0.9520606 0.1181072 0.9520606 0.1181072 0.9587239 0.1178921 0.9587907 0.1122362 0.9520606 0.1181072 0.9587907 0.1122362 0.9521261 0.1124517 0.9521261 0.1124517 0.9587907 0.1122362 0.9586505 0.1075192 0.9521261 0.1124517 0.9586505 0.1075192 0.9521949 0.1077346 0.2242843 0.9824159 0.2188003 0.9829036 0.218853 0.9870283 0.2242843 0.9824159 0.218853 0.9870283 0.2245975 0.9865405 0.2245975 0.9865405 0.218853 0.9870283 0.2189021 0.9916271 0.2245975 0.9865405 0.2189021 0.9916271 0.2249226 0.9911394 0.9349266 0.1060055 0.9302226 0.1057903 0.9298636 0.1089317 0.9349266 0.1060055 0.9298636 0.1089317 0.9352152 0.1091469 0.9352152 0.1091469 0.9298636 0.1089317 0.9297707 0.1140108 0.9352152 0.1091469 0.9297707 0.1140108 0.9354537 0.1142259 0.2032272 0.9884653 0.2089715 0.988953 0.209297 0.9843541 0.2032272 0.9884653 0.209297 0.9843541 0.2032765 0.9838663 0.9517074 0.1620814 0.956411 0.1618661 0.9567 0.1587247 0.9517074 0.1620814 0.9567 0.1587247 0.9513484 0.1589401 0.9513484 0.1589401 0.9567 0.1587247 0.956938 0.1536457 0.9513484 0.1589401 0.956938 0.1536457 0.9512557 0.1538609 0.9363484 0.1417597 0.9309001 0.1415444 0.9309435 0.1446859 0.9363484 0.1417597 0.9309435 0.1446859 0.9366142 0.1449012 0.9366142 0.1449012 0.9309435 0.1446859 0.9305761 0.1497651 0.9366142 0.1449012 0.9305761 0.1497651 0.9372392 0.1499803 0.9372392 0.1499803 0.9305761 0.1497651 0.9306414 0.1554209 0.9372392 0.1499803 0.9306414 0.1554209 0.9373061 0.155636 0.9373061 0.155636 0.9306414 0.1554209 0.9307102 0.160138 0.9373061 0.155636 0.9307102 0.160138 0.9371659 0.1603533 0.2031744 0.99259 0.2086584 0.9930776 0.2089715 0.988953 0.2031744 0.99259 0.2089715 0.988953 0.2032272 0.9884653 0.3610882 0.08761239 0.3464186 0.0709961 0.3439953 0.07463914 0.3610882 0.08761239 0.3439953 0.07463914 0.3571628 0.08955419 0.3571628 0.08955419 0.3439953 0.07463914 0.3400664 0.07658094 0.3571628 0.08955419 0.3400664 0.07658094 0.3547319 0.0931974 0.3547319 0.0931974 0.3400664 0.07658094 0.3356931 0.07630121 0.3547319 0.0931974 0.3356931 0.07630121 0.3544589 0.09756517 0.9297707 0.1140108 0.9309001 0.1415444 0.9363484 0.1417597 0.9297707 0.1140108 0.9363484 0.1417597 0.9354537 0.1142259 0.5615477 0.1009354 0.5802957 0.07967156 0.5759274 0.0799511 0.5615477 0.1009354 0.5759274 0.0799511 0.5612708 0.09656727 0.5612708 0.09656727 0.5759274 0.0799511 0.5720021 0.0780096 0.5612708 0.09656727 0.5720021 0.0780096 0.5588416 0.09292477 0.5588416 0.09292477 0.5720021 0.0780096 0.5695769 0.07436674 0.5588416 0.09292477 0.5695769 0.07436674 0.5549209 0.09098267 0.5549209 0.09098267 0.5695769 0.07436674 0.5692967 0.0699988 0.5549209 0.09098267 0.5692967 0.0699988 0.5505484 0.0912624 0.9523846 0.1263278 0.9512557 0.1538609 0.956938 0.1536457 0.9523846 0.1263278 0.956938 0.1536457 0.9578332 0.1261125 0.3654626 0.08789211 0.3466998 0.06662827 0.3464186 0.0709961 0.3654626 0.08789211 0.3464186 0.0709961 0.3610882 0.08761239 0.2748378 0.0630896 0.2590039 0.06247484 0.2588879 0.06537252 0.2748378 0.0630896 0.2588879 0.06537252 0.2747054 0.06607306 0.2747054 0.06607306 0.2588879 0.06537252 0.2587671 0.06817412 0.2747054 0.06607306 0.2587671 0.06817412 0.2745941 0.06913286 0.2745941 0.06913286 0.2587671 0.06817412 0.2585974 0.07097697 0.2745941 0.06913286 0.2585974 0.07097697 0.2744475 0.07218569 0.2744475 0.07218569 0.2585974 0.07097697 0.2583922 0.07385385 0.2744475 0.07218569 0.2583922 0.07385385 0.2742946 0.07519906 0.2742946 0.07519906 0.2583922 0.07385385 0.2581825 0.07684797 0.2742946 0.07519906 0.2581825 0.07684797 0.2741394 0.07813543 0.2741394 0.07813543 0.2581825 0.07684797 0.2579954 0.07998853 0.2741394 0.07813543 0.2579954 0.07998853 0.2740241 0.08098095 0.2740241 0.08098095 0.2579954 0.07998853 0.257885 0.08325248 0.2740241 0.08098095 0.257885 0.08325248 0.2739651 0.08375221 0.2739651 0.08375221 0.257885 0.08325248 0.2578648 0.08659631 0.2739651 0.08375221 0.2578648 0.08659631 0.2739924 0.08647865 0.2739924 0.08647865 0.2578648 0.08659631 0.2579587 0.08995151 0.2739924 0.08647865 0.2579587 0.08995151 0.2740969 0.08921259 0.2740969 0.08921259 0.2579587 0.08995151 0.2581475 0.09325486 0.2740969 0.08921259 0.2581475 0.09325486 0.2742847 0.09198457 0.2742847 0.09198457 0.2581475 0.09325486 0.2584202 0.09646117 0.2742847 0.09198457 0.2584202 0.09646117 0.2745317 0.09483027 0.2745317 0.09483027 0.2584202 0.09646117 0.2587387 0.09954547 0.2745317 0.09483027 0.2587387 0.09954547 0.2748275 0.09774303 0.2748275 0.09774303 0.2587387 0.09954547 0.2590838 0.1025479 0.2748275 0.09774303 0.2590838 0.1025479 0.2751724 0.1006867</float_array>
          <technique_common>
            <accessor source="#Wing8_FinalDJI_0_004-mesh-map-0-array" count="909" stride="2">
              <param name="S" type="float"/>
              <param name="T" type="float"/>
            </accessor>
          </technique_common>
        </source>
        <vertices id="Wing8_FinalDJI_0_004-mesh-vertices">
          <input semantic="POSITION" source="#Wing8_FinalDJI_0_004-mesh-positions"/>
        </vertices>
        <triangles material="FinalDJI-material" count="303">
          <input semantic="VERTEX" source="#Wing8_FinalDJI_0_004-mesh-vertices" offset="0"/>
          <input semantic="NORMAL" source="#Wing8_FinalDJI_0_004-mesh-normals" offset="1"/>
          <input semantic="TEXCOORD" source="#Wing8_FinalDJI_0_004-mesh-map-0" offset="2" set="0"/>
          <p>0 0 0 1 0 1 2 0 2 3 1 3 1 1 4 0 1 5 4 2 6 1 2 7 3 2 8 5 3 9 1 3 10 4 3 11 6 4 12 1 4 13 5 4 14 7 5 15 1 5 16 6 5 17 8 6 18 1 6 19 7 6 20 9 7 21 1 7 22 8 7 23 10 8 24 1 8 25 9 8 26 11 9 27 1 9 28 10 9 29 12 10 30 1 10 31 11 10 32 2 11 33 1 11 34 12 11 35 13 12 36 14 12 37 15 12 38 15 13 39 14 13 40 16 13 41 16 14 42 14 14 43 17 14 44 17 15 45 14 15 46 18 15 47 18 16 48 14 16 49 19 16 50 19 17 51 14 17 52 20 17 53 20 18 54 14 18 55 21 18 56 21 19 57 14 19 58 22 19 59 22 20 60 14 20 61 23 20 62 23 21 63 14 21 64 24 21 65 24 22 66 14 22 67 25 22 68 25 23 69 14 23 70 13 23 71 26 24 72 27 24 73 28 24 74 29 25 75 27 25 76 26 25 77 30 26 78 27 26 79 29 26 80 31 27 81 27 27 82 30 27 83 32 28 84 27 28 85 31 28 86 33 29 87 27 29 88 32 29 89 34 30 90 27 30 91 33 30 92 35 31 93 27 31 94 34 31 95 36 32 96 27 32 97 35 32 98 37 33 99 27 33 100 36 33 101 38 34 102 27 34 103 37 34 104 28 35 105 27 35 106 38 35 107 39 36 108 40 36 109 41 36 110 41 37 111 40 37 112 42 37 113 42 38 114 40 38 115 43 38 116 43 39 117 40 39 118 44 39 119 44 40 120 40 40 121 45 40 122 45 41 123 40 41 124 46 41 125 46 42 126 40 42 127 47 42 128 47 43 129 40 43 130 48 43 131 48 44 132 40 44 133 49 44 134 49 45 135 40 45 136 50 45 137 50 46 138 40 46 139 51 46 140 51 47 141 40 47 142 39 47 143 52 48 144 53 48 145 54 48 146 55 49 147 53 49 148 52 49 149 56 50 150 53 50 151 55 50 152 57 51 153 53 51 154 56 51 155 58 52 156 53 52 157 57 52 158 59 53 159 53 53 160 58 53 161 60 54 162 53 54 163 59 54 164 61 55 165 53 55 166 60 55 167 62 56 168 53 56 169 61 56 170 63 57 171 53 57 172 62 57 173 64 58 174 53 58 175 63 58 176 54 59 177 53 59 178 64 59 179 65 60 180 66 60 181 67 60 182 67 61 183 66 61 184 68 61 185 68 62 186 66 62 187 69 62 188 69 63 189 66 63 190 70 63 191 70 64 192 66 64 193 71 64 194 71 65 195 66 65 196 72 65 197 72 66 198 66 66 199 73 66 200 73 67 201 66 67 202 74 67 203 74 68 204 66 68 205 75 68 206 75 69 207 66 69 208 76 69 209 76 70 210 66 70 211 77 70 212 77 71 213 66 71 214 65 71 215 78 72 216 79 73 217 80 74 218 80 75 219 79 76 220 81 75 221 81 77 222 79 78 223 82 77 224 82 79 225 79 80 226 83 81 227 83 82 228 79 83 229 84 84 230 84 84 231 79 83 232 85 85 233 85 86 234 79 87 235 86 88 236 86 89 237 79 90 238 87 89 239 87 91 240 79 92 241 88 93 242 88 93 243 79 92 244 89 94 245 89 95 246 79 96 247 90 95 248 90 97 249 79 98 250 91 97 251 91 99 252 79 73 253 78 72 254 92 100 255 93 101 256 94 102 257 92 100 258 94 102 259 95 103 260 96 104 261 97 104 262 98 104 263 96 105 264 98 105 265 99 105 266 100 106 267 101 106 268 102 106 269 100 107 270 102 107 271 103 107 272 104 108 273 105 109 274 106 110 275 104 108 276 106 110 277 107 111 278 107 111 279 106 110 280 108 112 281 107 111 282 108 112 283 109 113 284 110 114 285 111 115 286 112 116 287 110 114 288 112 116 289 113 117 290 113 117 291 112 116 292 114 118 293 113 117 294 114 118 295 115 119 296 116 120 297 117 121 298 118 122 299 116 120 300 118 122 301 119 123 302 120 124 303 121 124 304 122 124 305 120 125 306 122 125 307 123 125 308 124 126 309 125 127 310 126 128 311 124 126 312 126 128 313 127 129 314 127 129 315 126 128 316 128 130 317 127 129 318 128 130 319 129 131 320 130 132 321 131 133 322 93 101 323 130 132 324 93 101 325 92 100 326 132 134 327 133 134 328 134 134 329 132 135 330 134 135 331 135 135 332 136 136 333 137 137 334 138 138 335 136 136 336 138 138 337 139 139 338 140 140 339 141 141 340 142 142 341 140 140 342 142 142 343 143 143 344 144 144 345 145 145 346 146 146 347 144 144 348 146 146 349 147 147 350 148 148 351 149 149 352 150 150 353 148 148 354 150 150 355 151 151 356 143 143 357 142 142 358 152 152 359 143 143 360 152 152 361 153 153 362 144 144 363 147 147 364 154 154 365 144 144 366 154 154 367 155 155 368 137 137 369 136 136 370 156 156 371 137 137 372 156 156 373 157 157 374 158 158 375 159 159 376 160 160 377 158 158 378 160 160 379 161 161 380 139 139 381 138 138 382 162 162 383 139 139 384 162 162 385 163 163 386 146 146 387 145 145 388 164 164 389 146 146 390 164 164 391 165 165 392 141 141 393 140 140 394 166 166 395 141 141 396 166 166 397 167 167 398 148 148 399 151 151 400 168 168 401 148 148 402 168 168 403 169 169 404 163 163 405 162 162 406 170 170 407 163 163 408 170 170 409 171 171 410 165 165 411 164 164 412 172 172 413 165 165 414 172 172 415 173 173 416 167 167 417 166 166 418 174 174 419 167 167 420 174 174 421 175 175 422 169 169 423 168 168 424 176 176 425 169 169 426 176 176 427 177 177 428 171 171 429 170 170 430 178 178 431 171 171 432 178 178 433 179 179 434 173 173 435 172 172 436 180 180 437 173 173 438 180 180 439 181 181 440 175 175 441 174 174 442 182 182 443 175 175 444 182 182 445 183 183 446 177 177 447 176 176 448 184 184 449 177 177 450 184 184 451 185 185 452 179 179 453 178 178 454 186 186 455 179 179 456 186 186 457 187 187 458 188 188 459 189 189 460 190 190 461 188 188 462 190 190 463 191 191 464 183 183 465 182 182 466 192 192 467 183 183 468 192 192 469 193 193 470 185 185 471 184 184 472 194 194 473 185 185 474 194 194 475 195 195 476 187 187 477 186 186 478 196 196 479 187 187 480 196 196 481 197 197 482 191 191 483 190 190 484 198 198 485 191 191 486 198 198 487 199 199 488 193 193 489 192 192 490 200 200 491 193 193 492 200 200 493 201 201 494 195 195 495 194 194 496 202 202 497 195 195 498 202 202 499 203 203 500 204 204 501 205 204 502 206 204 503 204 205 504 206 205 505 207 205 506 208 206 507 209 207 508 210 208 509 208 206 510 210 208 511 211 209 512 212 210 513 213 211 514 214 212 515 212 210 516 214 212 517 215 213 518 216 214 519 217 215 520 218 216 521 216 214 522 218 216 523 219 217 524 220 218 525 221 219 526 222 220 527 220 218 528 222 220 529 223 221 530 213 211 531 224 222 532 225 223 533 213 211 534 225 223 535 214 212 536 216 214 537 226 224 538 227 225 539 216 214 540 227 225 541 217 215 542 211 209 543 228 226 544 229 227 545 211 209 546 229 227 547 208 206 548 230 228 549 231 229 550 232 230 551 230 228 552 232 230 553 233 231 554 209 207 555 234 232 556 235 233 557 209 207 558 235 233 559 210 208 560 218 216 561 236 234 562 237 235 563 218 216 564 237 235 565 219 217 566 215 213 567 238 236 568 239 237 569 215 213 570 239 237 571 212 210 572 220 218 573 240 238 574 241 239 575 220 218 576 241 239 577 221 219 578 234 232 579 242 240 580 243 241 581 234 232 582 243 241 583 235 233 584 236 234 585 244 242 586 245 243 587 236 234 588 245 243 589 237 235 590 238 236 591 246 244 592 247 245 593 238 236 594 247 245 595 239 237 596 240 238 597 248 246 598 249 247 599 240 238 600 249 247 601 241 239 602 242 240 603 250 248 604 251 249 605 242 240 606 251 249 607 243 241 608 244 242 609 252 250 610 253 251 611 244 242 612 253 251 613 245 243 614 246 244 615 254 252 616 255 253 617 246 244 618 255 253 619 247 245 620 248 246 621 256 254 622 257 255 623 248 246 624 257 255 625 249 247 626 250 248 627 258 256 628 259 257 629 250 248 630 259 257 631 251 249 632 260 258 633 261 259 634 262 260 635 260 258 636 262 260 637 263 261 638 254 252 639 264 262 640 265 263 641 254 252 642 265 263 643 255 253 644 256 254 645 266 264 646 267 265 647 256 254 648 267 265 649 257 255 650 258 256 651 201 201 652 200 200 653 258 256 654 200 200 655 259 257 656 261 259 657 203 203 658 202 202 659 261 259 660 202 202 661 262 260 662 264 262 663 197 197 664 196 196 665 264 262 666 196 196 667 265 263 668 266 264 669 199 199 670 198 198 671 266 264 672 198 198 673 267 265 674 268 266 675 269 267 676 270 268 677 268 266 678 270 268 679 271 269 680 272 270 681 273 270 682 274 270 683 272 271 684 274 271 685 275 271 686 276 272 687 277 272 688 278 272 689 276 273 690 278 273 691 279 273 692 280 274 693 281 274 694 282 274 695 280 275 696 282 275 697 283 275 698 284 276 699 285 276 700 286 276 701 284 277 702 286 277 703 287 277 704 288 278 705 289 278 706 290 278 707 288 279 708 290 279 709 291 279 710 292 280 711 293 280 712 294 280 713 292 281 714 294 281 715 295 281 716 296 282 717 297 283 718 298 284 719 296 282 720 298 284 721 299 285 722 300 286 723 301 286 724 302 286 725 300 287 726 302 287 727 303 287 728 304 288 729 305 288 730 306 288 731 304 289 732 306 289 733 307 289 734 308 290 735 309 291 736 310 292 737 308 290 738 310 292 739 311 293 740 312 294 741 313 295 742 314 296 743 312 294 744 314 296 745 315 297 746 316 298 747 317 298 748 318 298 749 316 299 750 318 299 751 319 299 752 320 300 753 321 300 754 322 300 755 320 301 756 322 301 757 323 301 758 324 302 759 325 302 760 326 302 761 324 303 762 326 303 763 327 303 764 328 304 765 329 304 766 330 304 767 328 305 768 330 305 769 331 305 770 39 306 771 70 306 772 71 306 773 39 307 774 71 307 775 51 307 776 51 308 777 71 308 778 72 308 779 51 309 780 72 309 781 50 309 782 50 310 783 72 310 784 73 310 785 50 311 786 73 311 787 49 311 788 298 284 789 313 295 790 312 294 791 298 284 792 312 294 793 299 285 794 36 312 795 60 312 796 59 312 797 36 313 798 59 313 799 37 313 800 37 314 801 59 314 802 58 314 803 37 315 804 58 315 805 38 315 806 38 316 807 58 316 808 57 316 809 38 317 810 57 317 811 28 317 812 28 318 813 57 318 814 56 318 815 28 319 816 56 319 817 26 319 818 268 266 819 311 293 820 310 292 821 268 266 822 310 292 823 269 267 824 41 320 825 69 320 826 70 320 827 41 321 828 70 321 829 39 321 830 332 322 831 333 323 832 334 324 833 332 322 834 334 324 835 335 325 836 335 325 837 334 324 838 336 326 839 335 325 840 336 326 841 337 327 842 337 327 843 336 326 844 338 328 845 337 327 846 338 328 847 339 329 848 339 329 849 338 328 850 340 330 851 339 329 852 340 330 853 341 331 854 341 331 855 340 330 856 342 332 857 341 331 858 342 332 859 343 333 860 343 333 861 342 332 862 344 334 863 343 333 864 344 334 865 345 335 866 345 335 867 344 334 868 346 336 869 345 335 870 346 336 871 347 337 872 347 337 873 346 336 874 348 338 875 347 337 876 348 338 877 349 339 878 349 339 879 348 338 880 350 340 881 349 339 882 350 340 883 351 341 884 351 341 885 350 340 886 352 342 887 351 341 888 352 342 889 353 343 890 353 343 891 352 342 892 354 344 893 353 343 894 354 344 895 355 345 896 355 345 897 354 344 898 356 346 899 355 345 900 356 346 901 357 347 902 357 347 903 356 346 904 358 348 905 357 347 906 358 348 907 359 349 908</p>
        </triangles>
      </mesh>
    </geometry>
    <geometry id="Wing8_FinalDJI_0_003-mesh" name="Wing8_FinalDJI_0.003">
      <mesh>
        <source id="Wing8_FinalDJI_0_003-mesh-positions">
          <float_array id="Wing8_FinalDJI_0_003-mesh-positions-array" count="1098">0.1302129 0.1481614 -0.03435939 0.005079627 5.1713e-4 -0.03772205 0.04404532 0.1122221 -0.04141634 0.1605039 0.1297957 -0.02964264 0.172784 0.09644961 -0.02586168 0.1215375 0.01809096 -0.02594798 0.06436645 -0.0715003 -0.02588754 -0.03388679 -0.1111881 -0.03402739 -0.1200543 -0.1471271 -0.04108434 -0.1503454 -0.1287615 -0.04580122 -0.1626254 -0.09541511 -0.04958206 -0.1113792 -0.0170567 -0.04949563 -0.05420792 0.07253432 -0.04955643 0.04112064 0.1141059 -0.01529783 0.002154469 0.00240159 -0.01160341 0.1272882 0.1500456 -0.008241117 0.157579 0.13168 -0.003524124 0.1698595 0.09833383 2.56836e-4 0.1186131 0.01997494 1.7041e-4 0.06144201 -0.06961631 2.31206e-4 -0.0368117 -0.1093039 -0.007908761 -0.1229792 -0.1452431 -0.01496571 -0.1532701 -0.1268775 -0.0196827 -0.1655505 -0.09353089 -0.02346354 -0.1143041 -0.01517248 -0.023377 -0.05713284 0.07441878 -0.02343767 -0.04408156 -0.1042306 0.02444231 -0.1002477 -0.08356618 0.01547873 -0.04104506 -0.07312035 0.02240478 -0.06216752 -0.1298043 0.02407824 -0.09045708 -0.1429884 0.02140963 -0.1213697 -0.1402499 0.01715219 -0.146623 -0.1223239 0.01244604 -0.1594501 -0.09401226 0.00855267 -0.1564141 -0.06290149 0.006514906 -0.1383281 -0.03732848 0.00687921 -0.1100383 -0.02414417 0.009547591 -0.07912552 -0.02688241 0.01380527 -0.05387222 -0.04480838 0.01851093 -0.04637229 -0.06993269 0.06313312 -0.1055747 -0.08037853 0.05620706 -0.04940855 -0.1010434 0.06517064 -0.06749475 -0.1266167 0.06480658 -0.09578406 -0.139801 0.06213796 -0.1266971 -0.137063 0.05788028 -0.1519504 -0.1191358 0.05317437 -0.1647773 -0.0908246 0.049281 -0.1617413 -0.05971407 0.04724323 -0.1436551 -0.03414082 0.0476073 -0.1153656 -0.02095675 0.05027568 -0.0844525 -0.02369451 0.0545336 -0.05919921 -0.04162096 0.0592395 0.1576217 0.06433844 0.0376321 0.1014555 0.08500313 0.02866852 0.1606577 0.0954492 0.03559458 0.1395357 0.03876519 0.03726804 0.1112462 0.02558112 0.03459942 0.08033311 0.02831935 0.03034198 0.05508005 0.04624557 0.02563607 0.04225289 0.07455801 0.02174246 0.04528915 0.105668 0.01970493 0.06337511 0.1312415 0.02006924 0.09166443 0.1444253 0.02273786 0.1225777 0.1416876 0.02699506 0.147831 0.1237609 0.0317012 0.1553305 0.09863686 0.07632291 0.0961281 0.08819103 0.06939661 0.1522945 0.0675261 0.07836043 0.1342085 0.04195261 0.07799637 0.1059192 0.02876853 0.07532799 0.07500612 0.03150701 0.07107031 0.04975283 0.04943323 0.06636393 0.03692591 0.07774496 0.06247079 0.03996169 0.1088554 0.06043279 0.05804812 0.1344289 0.06079733 0.08633744 0.147613 0.06346571 0.1172505 0.144875 0.06772339 0.1425038 0.1269485 0.07242953 -0.01925778 0.04410576 0.0659815 -0.008121252 6.53267e-4 0.06994271 0.002058625 0.04451942 0.06851887 0.02105247 0.03492808 0.07138609 0.03337264 0.01752901 0.07392632 0.03619754 -0.003692388 0.0755577 0.02887916 -0.02387404 0.07590627 0.01309478 -0.03839278 0.07489264 -0.007540702 -0.04392218 0.07274818 -0.02829861 -0.03919672 0.06996476 -0.04442441 -0.0252974 0.06718015 -0.05222356 -0.005409479 0.06503212 -0.04990947 0.01591157 0.06401252 -0.03801238 0.03378152 0.06435525 0.04404532 0.1122221 -0.04141634 0.04112064 0.1141059 -0.01529783 0.1272882 0.1500456 -0.008241117 0.1302129 0.1481614 -0.03435939 0.1302129 0.1481614 -0.03435939 0.1272882 0.1500456 -0.008241117 0.157579 0.13168 -0.003524124 0.1605039 0.1297957 -0.02964264 0.1605039 0.1297957 -0.02964264 0.157579 0.13168 -0.003524124 0.1698595 0.09833383 2.56836e-4 0.172784 0.09644961 -0.02586168 0.172784 0.09644961 -0.02586168 0.1698595 0.09833383 2.56836e-4 0.1186131 0.01997494 1.7041e-4 0.1215375 0.01809096 -0.02594798 0.06144201 -0.06961631 2.31206e-4 0.06436645 -0.0715003 -0.02588754 0.06436645 -0.0715003 -0.02588754 0.06144201 -0.06961631 2.31206e-4 -0.0368117 -0.1093039 -0.007908761 -0.03388679 -0.1111881 -0.03402739 -0.1229792 -0.1452431 -0.01496571 -0.1200543 -0.1471271 -0.04108434 -0.1200543 -0.1471271 -0.04108434 -0.1229792 -0.1452431 -0.01496571 -0.1532701 -0.1268775 -0.0196827 -0.1503454 -0.1287615 -0.04580122 -0.1503454 -0.1287615 -0.04580122 -0.1532701 -0.1268775 -0.0196827 -0.1655505 -0.09353089 -0.02346354 -0.1626254 -0.09541511 -0.04958206 -0.1626254 -0.09541511 -0.04958206 -0.1655505 -0.09353089 -0.02346354 -0.1143041 -0.01517248 -0.023377 -0.1113792 -0.0170567 -0.04949563 -0.05713284 0.07441878 -0.02343767 -0.05420792 0.07253432 -0.04955643 -0.05420792 0.07253432 -0.04955643 -0.05713284 0.07441878 -0.02343767 1.294224 0.7991273 0.1308981 1.336148 0.7362394 0.1532541 1.339418 0.7314336 0.1492236 1.297495 0.7943218 0.1268674 1.071222 0.8358388 0.02502977 1.195149 0.6953459 0.1260095 0.8413103 0.4349525 0.1056414 0.6730665 0.5877462 -0.0068174 0.6649915 0.5970907 0.02134096 0.8380394 0.4397581 0.1096721 1.191878 0.7001515 0.1300398 1.063147 0.8451829 0.05318796 1.191878 0.7001515 0.1300398 0.8380394 0.4397581 0.1096721 0.8413103 0.4349525 0.1056414 1.195149 0.6953459 0.1260095 0.6649915 0.5970907 0.02134096 1.063147 0.8451829 0.05318796 1.071222 0.8358388 0.02502977 0.6730665 0.5877462 -0.0068174 1.336148 0.7362394 0.1532541 1.294224 0.7991273 0.1308981 1.339418 0.7314336 0.1492236 1.336148 0.7362394 0.1532541 1.297495 0.7943218 0.1268674 1.339418 0.7314336 0.1492236 1.071222 0.8358388 0.02502977 1.063147 0.8451829 0.05318796 1.294224 0.7991273 0.1308981 1.297495 0.7943218 0.1268674 0.4597595 0.138822 0.08694255 0.2670282 0.3573451 -0.0467959 0.4564889 0.1436276 0.09097278 0.4597595 0.138822 0.08694255 0.2589536 0.3666899 -0.01863759 0.4564889 0.1436276 0.09097278 0.2670282 0.3573451 -0.0467959 0.2589536 0.3666899 -0.01863759 0.3741603 0.1100094 0.07474339 0.2145497 0.3164158 -0.04826265 0.3708896 0.1148149 0.07877385 0.3741603 0.1100094 0.07474339 0.206475 0.3257609 -0.02010434 0.3708896 0.1148149 0.07877385 0.2145497 0.3164158 -0.04826265 0.206475 0.3257609 -0.02010434 0.2340861 0.09612798 0.04770267 0.12705 0.1824474 -0.02889615 0.2308152 0.1009335 0.05173313 0.2340861 0.09612798 0.04770267 0.118975 0.191792 -7.38084e-4 0.2308152 0.1009335 0.05173313 0.12705 0.1824474 -0.02889615 0.118975 0.191792 -7.38084e-4 0.1259833 0.04634833 0.01735937 0.07074511 0.1314024 -0.01586836 0.2340861 0.09612798 0.04770267 0.2308152 0.1009335 0.05173313 0.1214863 0.05056428 0.04018056 0.1259833 0.04634833 0.01735937 0.06488311 0.1369085 0.01380884 0.1214863 0.05056428 0.04018056 0.07074511 0.1314024 -0.01586836 0.06488311 0.1369085 0.01380884 0.02247273 -0.04828786 -0.002021372 -0.02094304 0.04325008 -0.01701909 0.01730597 -0.0454452 0.02396905 0.02247273 -0.04828786 -0.002021372 -0.02655398 0.04565477 0.01309669 0.01730597 -0.0454452 0.02396905 -0.02094304 0.04325008 -0.01701909 -0.02655398 0.04565477 0.01309669 -1.287638 -0.808402 -0.1547613 -1.290859 -0.8042467 -0.1500286 -1.335476 -0.740496 -0.1625726 -1.332255 -0.7446513 -0.1673052 -1.059197 -0.8505595 -0.06352728 -0.6670981 -0.5952461 -0.01699429 -0.8443899 -0.4353309 -0.1023967 -1.191379 -0.7027963 -0.1409044 -0.6600299 -0.6007407 -0.04640966 -1.052129 -0.8560537 -0.09294277 -1.188158 -0.7069516 -0.1456374 -0.8411698 -0.4394862 -0.1071295 -1.188158 -0.7069516 -0.1456374 -1.191379 -0.7027963 -0.1409044 -0.8443899 -0.4353309 -0.1023967 -0.8411698 -0.4394862 -0.1071295 -0.6600299 -0.6007407 -0.04640966 -0.6670981 -0.5952461 -0.01699429 -1.059197 -0.8505595 -0.06352728 -1.052129 -0.8560537 -0.09294277 -1.287638 -0.808402 -0.1547613 -1.332255 -0.7446513 -0.1673052 -1.332255 -0.7446513 -0.1673052 -1.335476 -0.740496 -0.1625726 -1.335476 -0.740496 -0.1625726 -1.290859 -0.8042467 -0.1500286 -1.059197 -0.8505595 -0.06352728 -1.290859 -0.8042467 -0.1500286 -1.287638 -0.808402 -0.1547613 -1.052129 -0.8560537 -0.09294277 -0.2662708 -0.3582261 0.03505313 -0.4707999 -0.1312961 -0.0621795 -0.4707999 -0.1312961 -0.0621795 -0.4675793 -0.1354515 -0.06691247 -0.4675793 -0.1354515 -0.06691247 -0.2592024 -0.363721 0.005638003 -0.2592024 -0.363721 0.005638003 -0.2662708 -0.3582261 0.03505313 -0.2149418 -0.3160746 0.03951466 -0.3855797 -0.1013934 -0.04995352 -0.3855797 -0.1013934 -0.04995352 -0.3823589 -0.1055483 -0.05468624 -0.3823589 -0.1055483 -0.05468624 -0.2078732 -0.3215693 0.01009905 -0.2078732 -0.3215693 0.01009905 -0.2149418 -0.3160746 0.03951466 -0.1321667 -0.1779 0.03359639 -0.2448807 -0.08633112 -0.02711421 -0.2448807 -0.08633112 -0.02711421 -0.2416599 -0.09048604 -0.03184682 -0.2416599 -0.09048604 -0.03184682 -0.1250983 -0.1833946 0.004181087 -0.1250983 -0.1833946 0.004181087 -0.1321667 -0.1779 0.03359639 -0.07794582 -0.1237862 0.0248059 -0.1369639 -0.03714394 0.004815697 -0.2448807 -0.08633112 -0.02711421 -0.1369639 -0.03714394 0.004815697 -0.1333736 -0.03833603 -0.01851838 -0.2416599 -0.09048604 -0.03184682 -0.1333736 -0.03833603 -0.01851838 -0.07326185 -0.1253581 -0.005542099 -0.07326185 -0.1253581 -0.005542099 -0.07794582 -0.1237862 0.0248059 -0.04408156 -0.1042306 0.02444231 -0.04940855 -0.1010434 0.06517064 -0.06749475 -0.1266167 0.06480658 -0.06216752 -0.1298043 0.02407824 -0.06216752 -0.1298043 0.02407824 -0.06749475 -0.1266167 0.06480658 -0.09578406 -0.139801 0.06213796 -0.09045708 -0.1429884 0.02140963 -0.09045708 -0.1429884 0.02140963 -0.09578406 -0.139801 0.06213796 -0.1266971 -0.137063 0.05788028 -0.1213697 -0.1402499 0.01715219 -0.1213697 -0.1402499 0.01715219 -0.1266971 -0.137063 0.05788028 -0.1519504 -0.1191358 0.05317437 -0.146623 -0.1223239 0.01244604 -0.146623 -0.1223239 0.01244604 -0.1519504 -0.1191358 0.05317437 -0.1647773 -0.0908246 0.049281 -0.1594501 -0.09401226 0.00855267 -0.1594501 -0.09401226 0.00855267 -0.1647773 -0.0908246 0.049281 -0.1617413 -0.05971407 0.04724323 -0.1564141 -0.06290149 0.006514906 -0.1564141 -0.06290149 0.006514906 -0.1617413 -0.05971407 0.04724323 -0.1436551 -0.03414082 0.0476073 -0.1383281 -0.03732848 0.00687921 -0.1383281 -0.03732848 0.00687921 -0.1436551 -0.03414082 0.0476073 -0.1153656 -0.02095675 0.05027568 -0.1100383 -0.02414417 0.009547591 0.1606577 0.0954492 0.03559458 0.1553305 0.09863686 0.07632291 0.1522945 0.0675261 0.07836043 0.1576217 0.06433844 0.0376321 0.1576217 0.06433844 0.0376321 0.1522945 0.0675261 0.07836043 0.1342085 0.04195261 0.07799637 0.1395357 0.03876519 0.03726804 0.1395357 0.03876519 0.03726804 0.1342085 0.04195261 0.07799637 0.1059192 0.02876853 0.07532799 0.1112462 0.02558112 0.03459942 0.04528915 0.105668 0.01970493 0.03996169 0.1088554 0.06043279 0.05804812 0.1344289 0.06079733 0.06337511 0.1312415 0.02006924 0.06337511 0.1312415 0.02006924 0.05804812 0.1344289 0.06079733 0.08633744 0.147613 0.06346571 0.09166443 0.1444253 0.02273786 0.09166443 0.1444253 0.02273786 0.08633744 0.147613 0.06346571 0.1172505 0.144875 0.06772339 0.1225777 0.1416876 0.02699506 0.1225777 0.1416876 0.02699506 0.1172505 0.144875 0.06772339 0.1425038 0.1269485 0.07242953 0.147831 0.1237609 0.0317012 0.147831 0.1237609 0.0317012 0.1425038 0.1269485 0.07242953 0.1553305 0.09863686 0.07632291 0.1606577 0.0954492 0.03559458 -0.006182551 0.03572225 -0.04778826 -0.01925778 0.04410576 0.0659815 0.002058625 0.04451942 0.06851887 0.01504302 0.03613448 -0.04526174 0.02105247 0.03492808 0.07138609 0.03395593 0.02658414 -0.04240655 0.03395593 0.02658414 -0.04240655 0.02105247 0.03492808 0.07138609 0.03337264 0.01752901 0.07392632 0.04622423 0.009258747 -0.03987705 0.03619754 -0.003692388 0.0755577 0.04903697 -0.01187276 -0.03825259 0.02887916 -0.02387404 0.07590627 0.04174971 -0.03196859 -0.03790557 0.01309478 -0.03839278 0.07489264 0.0260322 -0.04642534 -0.03891479 0.0260322 -0.04642534 -0.03891479 0.01309478 -0.03839278 0.07489264 -0.007540702 -0.04392218 0.07274818 0.00548458 -0.05193185 -0.04105031 -0.02829861 -0.03919672 0.06996476 -0.01518523 -0.04722571 -0.04382145 -0.01518523 -0.04722571 -0.04382145 -0.02829861 -0.03919672 0.06996476 -0.04442441 -0.0252974 0.06718015 -0.0312426 -0.03338551 -0.0465945 -0.05222356 -0.005409479 0.06503212 -0.03900849 -0.01358222 -0.04873335 -0.04990947 0.01591157 0.06401252 -0.03670418 0.007648229 -0.04974889 -0.03801238 0.03378152 0.06435525 -0.02485787 0.02544212 -0.0494076 -0.02485787 0.02544212 -0.0494076 -0.03801238 0.03378152 0.06435525</float_array>
          <technique_common>
            <accessor source="#Wing8_FinalDJI_0_003-mesh-positions-array" count="366" stride="3">
              <param name="X" type="float"/>
              <param name="Y" type="float"/>
              <param name="Z" type="float"/>
            </accessor>
          </technique_common>
        </source>
        <source id="Wing8_FinalDJI_0_003-mesh-normals">
          <float_array id="Wing8_FinalDJI_0_003-mesh-normals-array" count="1044">0.1110039 -0.0715034 -0.9912444 0.1110001 -0.07150018 -0.9912451 0.1110095 -0.07151168 -0.9912431 0.1110066 -0.07150655 -0.9912439 0.1110066 -0.0715056 -0.991244 0.1110044 -0.07150733 -0.991244 0.1110056 -0.07150769 -0.991244 0.1110014 -0.07150423 -0.9912446 0.1110056 -0.07150954 -0.9912438 0.111001 -0.07150101 -0.9912449 0.1110019 -0.07150703 -0.9912444 0.1110056 -0.07150399 -0.9912441 -0.1110022 0.07150483 0.9912445 -0.1110046 0.07150685 0.9912441 -0.1110081 0.07151108 0.9912434 -0.1110031 0.07150226 0.9912446 -0.1110039 0.07150787 0.9912441 -0.1110048 0.07150709 0.991244 -0.1110055 0.07150727 0.991244 -0.1110047 0.07150661 0.9912441 -0.1110054 0.07150751 0.991244 -0.1110012 0.0715 0.9912449 -0.111002 0.07150566 0.9912445 -0.1110028 0.07150501 0.9912444 0.1293039 -0.07736641 -0.9885823 0.1293023 -0.07737034 -0.9885822 0.1293098 -0.07736408 -0.9885818 0.1292989 -0.07736605 -0.988583 0.1293089 -0.07736974 -0.9885814 0.1293044 -0.07736426 -0.9885825 0.1293054 -0.077371 -0.9885818 0.1293071 -0.07736665 -0.988582 0.1293037 -0.07736945 -0.9885821 0.1293056 -0.07736909 -0.9885819 0.1292942 -0.07736492 -0.9885837 0.129306 -0.07737922 -0.9885811 -0.1293039 0.07736426 0.9885824 -0.1293011 0.07737207 0.9885822 -0.1293115 0.07736349 0.9885815 -0.1293057 0.0773645 0.9885823 -0.1293011 0.07736295 0.9885829 -0.1293042 0.07736659 0.9885823 -0.129305 0.07737141 0.9885818 -0.1293039 0.07737416 0.9885817 -0.1293056 0.07737278 0.9885817 -0.1293131 0.07737153 0.9885808 -0.1293005 0.07736688 0.9885828 -0.1293055 0.07737296 0.9885817 0.1293046 -0.07736331 -0.9885824 0.1293018 -0.07737129 -0.9885823 0.12931 -0.07736444 -0.9885817 0.1292973 -0.07736665 -0.9885831 0.1293016 -0.07736814 -0.9885826 0.1293036 -0.07737082 -0.988582 0.1293029 -0.07736593 -0.9885826 0.1293039 -0.07736301 -0.9885826 0.1293082 -0.07735937 -0.9885824 0.1292905 -0.07736253 -0.9885843 0.1293076 -0.07736879 -0.9885817 0.1293051 -0.07736599 -0.9885822 -0.1293076 0.07736361 0.988582 -0.1293047 0.07737261 0.9885818 -0.1293054 0.07737195 0.9885817 -0.1293054 0.07737195 0.9885817 -0.1293062 0.07737129 0.9885817 -0.1293038 0.07737165 0.988582 -0.1293134 0.07737523 0.9885804 -0.1293001 0.07735902 0.9885835 -0.1293031 0.07737791 0.9885816 -0.1293097 0.07736033 0.988582 -0.1293034 0.07736551 0.9885825 -0.1293057 0.0773651 0.9885822 -0.1293097 0.07736665 0.9885816 -0.1293082 0.07736468 0.988582 -0.1190173 0.05984604 0.991087 -0.1189758 0.06013995 0.9910742 -0.1192512 0.05984264 0.9910591 -0.1194629 0.05994927 0.9910271 -0.1196764 0.06034034 0.9909776 -0.119534 0.05993974 0.9910191 -0.1189844 0.06034487 0.9910607 -0.1196232 0.06058901 0.990969 -0.1196592 0.0601601 0.9909906 -0.1192367 0.06042611 0.9910255 -0.1195498 0.06060022 0.9909771 -0.1193803 0.06076258 0.9909875 -0.1192814 0.06081736 0.9909961 -0.1190398 0.0608223 0.9910249 -0.1191481 0.06035554 0.9910404 -0.1188116 0.06070667 0.9910593 -0.118741 0.06060653 0.9910739 -0.1186558 0.06038933 0.9910973 -0.1186845 0.06015372 0.9911083 -0.1188153 0.05995595 0.9911046 -0.3695922 0.9229006 -0.1079642 -0.3695923 0.9229009 -0.1079615 -0.3751001 0.9206228 -0.1084153 -0.3750989 0.9206228 -0.1084183 0.5188602 0.8548517 -0.003569543 0.518857 0.8548537 -0.00356549 0.9325167 0.3523783 0.0790081 0.9325214 0.3523685 0.07899647 0.8295187 -0.542648 0.1320293 0.8295189 -0.5426477 0.1320307 0.832596 -0.5379155 0.1320265 0.8325959 -0.5379157 0.1320257 0.8356469 -0.5331644 0.1320231 0.8356468 -0.5331645 0.1320229 0.3646851 -0.9248989 0.1075494 0.3646848 -0.9248993 0.1075471 0.3698983 -0.9227747 0.1079917 0.3698984 -0.9227747 0.1079921 0.3750976 -0.9206239 0.1084129 0.3750974 -0.9206242 0.1084114 -0.518859 -0.8548525 0.003556609 -0.5188567 -0.8548539 0.003562271 -0.9325189 -0.3523734 -0.07900357 -0.9325208 -0.3523649 -0.07901811 -0.8295155 0.5426486 -0.1320478 -0.8295151 0.5426488 -0.1320493 -0.8327755 0.5376336 -0.1320425 -0.8327752 0.5376333 -0.1320447 -0.8356429 0.5331649 -0.1320468 -0.8356427 0.5331649 -0.1320474 -0.3646807 0.9248988 -0.1075662 -0.3646792 0.9248988 -0.1075705 0.8304266 0.5570433 0.009717047 0.8304197 0.5570531 0.00975418 0.29823 -0.3466022 -0.8893401 0.2986834 -0.3395002 -0.8919237 0.2906979 -0.3363318 -0.8957543 0.2883233 -0.3324916 -0.8979527 -0.2412924 0.258058 0.9355127 -0.2420018 0.2598246 0.9348403 -0.2446423 0.2612577 0.933753 -0.2444383 0.2643378 0.9329392 0.2443794 -0.5200808 0.8184099 0.3147025 -0.4750562 0.8217567 0.3154176 -0.474573 0.8217617 0.2354624 -0.5254617 0.8175865 -0.4436063 0.8048233 -0.3943008 -0.4626137 0.7932551 -0.3958979 -0.4626137 0.7932549 -0.3958984 -0.4436062 0.8048232 -0.3943009 -0.245606 0.2458163 0.9376845 -0.245611 0.2458155 0.9376834 0.03243458 -0.6292004 0.7765661 0.03243464 -0.6292003 0.7765663 0.3007366 -0.3031371 -0.9042486 0.3007314 -0.3031212 -0.9042556 0.290825 0.9094316 -0.2972458 0.2908299 0.909427 -0.2972553 0.2908315 0.9094227 -0.2972667 0.2908243 0.9094334 -0.2972412 0.2806392 -0.3243523 -0.9033477 0.2790234 -0.3250247 -0.9036067 0.2869785 -0.4933459 0.8211293 0.2897112 -0.4915697 0.821235 -0.2372162 0.2555708 0.9372364 -0.2381658 0.255006 0.9371495 -0.4413947 0.8061354 -0.3941022 -0.4414066 0.8061276 -0.3941047 0.2618504 -0.3461328 -0.9009032 0.2627318 -0.3493772 -0.899393 -0.02036458 -0.650566 0.7591767 0.001377046 -0.6420426 0.7666678 -0.2184399 0.2696369 0.9378592 -0.2199043 0.2682079 0.9379268 -0.73693 0.5494945 -0.3936879 -0.7369148 0.5494943 -0.3937165 0.2701805 -0.3567555 -0.8942752 0.2724804 -0.3496781 -0.8963704 -0.07599157 -0.6706104 0.7379072 -0.07599157 -0.6706104 0.7379072 -0.196337 0.2754791 0.9410436 -0.202588 0.275978 0.9395713 -0.7702838 0.5198621 -0.3693322 -0.7664431 0.5268839 -0.3673669 0.2576637 -0.2220426 -0.9403758 0.2603439 -0.2301154 -0.9376929 0.3241645 -0.8644663 0.3842076 0.3241443 -0.864481 0.3841918 0.5362662 -0.7928733 0.2894312 0.5508764 -0.7856324 0.281633 -0.1696942 0.1952566 0.96596 -0.1712765 0.1842223 0.9678464 -0.6879314 0.674905 -0.2669339 -0.687084 0.6781787 -0.2607477 0.1536275 -0.1141179 -0.9815171 0.1739741 -0.120025 -0.9774084 0.6286096 -0.7514946 0.2002644 0.6286962 -0.7513155 0.2006643 -0.1551894 0.1028249 0.9825189 -0.1445738 0.1030989 0.9841083 -0.6372277 0.7464866 -0.1915692 -0.6329679 0.7508575 -0.1885859 -0.8141513 -0.5788366 -0.04589205 -0.8141515 -0.578836 -0.04589551 -0.2678229 0.2231345 0.9372736 -0.2571514 0.2083993 0.9436328 -0.2596889 0.2123792 0.9420493 -0.2679623 0.2157545 0.9389603 0.2064328 -0.1314762 -0.9695873 0.2098644 -0.1379213 -0.9679539 0.2099463 -0.1347585 -0.9683815 0.2072148 -0.1332415 -0.9691795 -0.2950624 0.6094551 -0.7358688 -0.2862732 0.6149828 -0.7347406 -0.3652743 0.562099 -0.7420374 -0.364573 0.5626016 -0.7420014 0.4830466 -0.8324187 0.2715607 0.4830463 -0.8324189 0.2715605 0.5017738 -0.8205115 0.273832 0.5017738 -0.8205115 0.273832 0.2103067 -0.1189256 -0.9703752 0.2103018 -0.1189259 -0.9703761 -0.08459198 0.7195118 -0.6893091 -0.08459234 0.7195128 -0.6893081 -0.2684456 0.1780767 0.946692 -0.2684503 0.1780924 0.9466878 -0.25178 -0.9485179 0.1921475 -0.2517814 -0.9485121 0.1921743 -0.2517824 -0.9485164 0.1921523 -0.2517877 -0.9485141 0.1921567 -0.2474043 0.2006016 0.9479189 -0.2490105 0.1999121 0.9476439 -0.3396762 0.5800387 -0.7403886 -0.3369871 0.5818729 -0.7401782 0.2031075 -0.1283566 -0.970707 0.2022151 -0.1289327 -0.9708169 0.480879 -0.8337693 0.2712643 0.480857 -0.8337699 0.2713016 -0.2320048 0.2258186 0.9461395 -0.2309179 0.2224501 0.9472027 -0.05351495 0.7320803 -0.679113 -0.03169912 0.740321 -0.6715059 0.1852524 -0.1419507 -0.9723845 0.1838315 -0.1434299 -0.9724371 0.7688007 -0.5693892 0.2911043 0.7688139 -0.5693886 0.2910704 -0.2418798 0.2261667 0.9435799 -0.2397664 0.2332088 0.9424042 0.02424842 0.7593858 -0.6501888 0.02424836 0.759386 -0.6501885 0.1681488 -0.1500323 -0.9742773 0.1617799 -0.1495612 -0.9754275 0.7964764 -0.542701 0.2666482 0.8002028 -0.5358552 0.2693232 -0.18905 0.1469463 0.9709104 -0.1864506 0.1453878 0.9716473 -0.3649814 0.8942745 -0.2589629 -0.5195491 0.8336471 -0.1873534 -0.5186113 0.834126 -0.1878198 -0.3649708 0.8942849 -0.2589419 0.1107569 -0.1222473 -0.9863004 0.1113931 -0.1235247 -0.9860696 0.6611278 -0.7264159 0.1876966 0.6697772 -0.7173423 0.1918817 0.6555521 -0.7413336 0.1437917 0.6555395 -0.7413519 0.1437549 0.8061769 -0.5722845 0.1502308 0.806181 -0.5722769 0.1502376 0.4094951 -0.903805 0.1242986 0.4094871 -0.9038098 0.1242911 -0.09692448 -0.9931639 0.0650475 -0.09693872 -0.9931634 0.06503444 -0.5773819 -0.8163913 -0.01164311 -0.5773599 -0.8164071 -0.01161426 -0.9031063 -0.4208831 -0.08518481 -0.9031061 -0.4208835 -0.08518427 -0.9868568 0.08740288 -0.1359206 -0.9868569 0.08740186 -0.13592 -0.8061729 0.5722895 -0.1502342 -0.8061737 0.5722882 -0.1502338 -0.4094893 0.9038083 -0.1242951 -0.4094869 0.9038091 -0.1242966 -0.6022258 0.7858984 -0.1403142 -0.6022474 0.7858883 -0.1402778 0.9868569 -0.08740311 0.1359205 0.9868569 -0.08740258 0.1359207 0.8061785 -0.5722805 0.1502376 0.8061767 -0.5722841 0.1502342 0.4094884 -0.9038091 0.1242914 0.4094907 -0.9038079 0.1242935 0.602226 -0.7858996 0.1403056 0.6022452 -0.7858906 0.1402739 -0.655555 0.741336 -0.1437659 -0.6555368 0.7413519 -0.1437671 -0.8061735 0.5722879 -0.1502363 -0.8061788 0.5722818 -0.1502305 -0.4094908 0.9038079 -0.1242921 -0.4094828 0.9038109 -0.1242968 0.09692531 0.9931634 -0.06505477 0.09691524 0.9931647 -0.06504923 0.5773686 0.816401 0.01162731 0.5773738 0.8163973 0.0116235 0.9031118 0.4208711 0.08518606 0.9031119 0.420871 0.08518612 -0.129312 0.07737731 0.9885804 -0.1293063 0.07737261 0.9885815 -0.1292964 0.07736074 0.9885837 -0.1293016 0.07736504 0.9885828 -0.129313 0.0773788 0.9885801 -0.1293125 0.07737815 0.9885802 0.1293037 -0.07736599 -0.9885824 0.1293056 -0.07736903 -0.9885818 0.1293061 -0.07736968 -0.9885818 0.1292995 -0.07735729 -0.9885836 0.1293047 -0.07736355 -0.9885824 0.1293117 -0.0773766 -0.9885805 0.129298 -0.07736003 -0.9885836 0.129302 -0.07736623 -0.9885826 -0.1293043 0.07736706 0.9885822 -0.1293011 0.07736402 0.9885829 -0.2491174 0.9633365 -0.09961575 -0.2466835 0.9639866 -0.09938365 0.2280343 0.9725823 -0.04565197 0.2271272 0.9727891 -0.04576891 0.6506232 0.7591851 0.01809966 0.6513007 0.7586005 0.01824408 0.6513139 0.7585898 0.01821714 0.650637 0.759173 0.0181058 0.9248459 0.3723881 0.07737803 0.9257516 0.3700739 0.07764869 0.9879147 -0.09976619 0.1186226 0.9875278 -0.1032865 0.1188312 0.8249403 -0.5495012 0.1323711 0.8228419 -0.5526421 0.1323558 0.4726989 -0.8736331 0.1154162 0.4699624 -0.8751364 0.1152024 0.4699478 -0.8751469 0.1151821 0.4726934 -0.8736395 0.1153911 0.0117532 -0.9973683 0.07154226 0.009977817 -0.9974021 0.07134109 -0.4520257 -0.8919392 0.01083046 -0.4520532 -0.891925 0.01084637 -0.4520285 -0.8919375 0.01086163 -0.4520298 -0.8919371 0.01083618 -0.8118454 -0.5814873 -0.05272269 -0.8108443 -0.5829021 -0.05250591 -0.984962 -0.1375617 -0.1045312 -0.9845564 -0.1406338 -0.1042638 -0.9318812 0.337623 -0.1326956 -0.9331712 0.3340839 -0.1325879 -0.6652719 0.7350538 -0.1308026 -0.667888 0.732654 -0.1309341 -0.6679118 0.7326341 -0.1309244 -0.6652731 0.7350497 -0.1308202</float_array>
          <technique_common>
            <accessor source="#Wing8_FinalDJI_0_003-mesh-normals-array" count="348" stride="3">
              <param name="X" type="float"/>
              <param name="Y" type="float"/>
              <param name="Z" type="float"/>
            </accessor>
          </technique_common>
        </source>
        <source id="Wing8_FinalDJI_0_003-mesh-map-0">
          <float_array id="Wing8_FinalDJI_0_003-mesh-map-0-array" count="1818">0.7239488 0.0999847 0.7028329 0.1168822 0.7186096 0.1119275 0.7214847 0.09564155 0.7028329 0.1168822 0.7239488 0.0999847 0.7168608 0.09375989 0.7028329 0.1168822 0.7214847 0.09564155 0.7057066 0.1005963 0.7028329 0.1168822 0.7168608 0.09375989 0.69296 0.1082133 0.7028329 0.1168822 0.7057066 0.1005963 0.6870533 0.1218372 0.7028329 0.1168822 0.69296 0.1082133 0.6817153 0.1337801 0.7028329 0.1168822 0.6870533 0.1218372 0.6841779 0.1381229 0.7028329 0.1168822 0.6817153 0.1337801 0.6888037 0.1400047 0.7028329 0.1168822 0.6841779 0.1381229 0.6999561 0.1331685 0.7028329 0.1168822 0.6888037 0.1400047 0.7127033 0.1255515 0.7028329 0.1168822 0.6999561 0.1331685 0.7186096 0.1119275 0.7028329 0.1168822 0.7127033 0.1255515 0.522982 0.1170538 0.5387658 0.1220088 0.5176442 0.1051102 0.5176442 0.1051102 0.5387658 0.1220088 0.5201091 0.1007675 0.5201091 0.1007675 0.5387658 0.1220088 0.5247327 0.09888571 0.5247327 0.09888571 0.5387658 0.1220088 0.5358851 0.1057222 0.5358851 0.1057222 0.5387658 0.1220088 0.5486332 0.1133391 0.5486332 0.1133391 0.5387658 0.1220088 0.5545395 0.1269639 0.5545395 0.1269639 0.5387658 0.1220088 0.5598788 0.138907 0.5598788 0.138907 0.5387658 0.1220088 0.5574172 0.1432502 0.5574172 0.1432502 0.5387658 0.1220088 0.5527902 0.1451319 0.5527902 0.1451319 0.5387658 0.1220088 0.5416361 0.1382951 0.5416361 0.1382951 0.5387658 0.1220088 0.5288895 0.1306781 0.5288895 0.1306781 0.5387658 0.1220088 0.522982 0.1170538 0.5876587 0.09355252 0.5903971 0.1015629 0.5920349 0.0932728 0.5840269 0.09597855 0.5903971 0.1015629 0.5876587 0.09355252 0.5821007 0.09990096 0.5903971 0.1015629 0.5840269 0.09597855 0.5824109 0.104269 0.5903971 0.1015629 0.5821007 0.09990096 0.5848565 0.1079119 0.5903971 0.1015629 0.5824109 0.104269 0.5887789 0.1098536 0.5903971 0.1015629 0.5848565 0.1079119 0.5931251 0.1095741 0.5903971 0.1015629 0.5887789 0.1098536 0.5967505 0.1071479 0.5903971 0.1015629 0.5931251 0.1095741 0.5986632 0.1032254 0.5903971 0.1015629 0.5967505 0.1071479 0.5983903 0.09885776 0.5903971 0.1015629 0.5986632 0.1032254 0.5959592 0.09521454 0.5903971 0.1015629 0.5983903 0.09885776 0.5920349 0.0932728 0.5903971 0.1015629 0.5959592 0.09521454 0.8943485 0.09174549 0.8959877 0.1000361 0.8987341 0.09202486 0.8987341 0.09202486 0.8959877 0.1000361 0.9024047 0.0944513 0.9024047 0.0944513 0.8959877 0.1000361 0.9042913 0.09837394 0.9042913 0.09837394 0.8959877 0.1000361 0.9039301 0.1027417 0.9039301 0.1027417 0.8959877 0.1000361 0.9014505 0.1063848 0.9014505 0.1063848 0.8959877 0.1000361 0.8975518 0.1083269 0.8975518 0.1083269 0.8959877 0.1000361 0.8932361 0.1080473 0.8932361 0.1080473 0.8959877 0.1000361 0.8896571 0.1056212 0.8896571 0.1056212 0.8959877 0.1000361 0.8877124 0.1016982 0.8877124 0.1016982 0.8959877 0.1000361 0.8879874 0.09733062 0.8879874 0.09733062 0.8959877 0.1000361 0.890415 0.09368723 0.890415 0.09368723 0.8959877 0.1000361 0.8943485 0.09174549 0.6119635 0.06594014 0.6146916 0.07395082 0.6163098 0.06566023 0.6083385 0.06836622 0.6146916 0.07395082 0.6119635 0.06594014 0.6064222 0.07228875 0.6146916 0.07395082 0.6083385 0.06836622 0.6067031 0.07665652 0.6146916 0.07395082 0.6064222 0.07228875 0.6091271 0.08029937 0.6146916 0.07395082 0.6067031 0.07665652 0.6130559 0.08224135 0.6146916 0.07395082 0.6091271 0.08029937 0.6174283 0.08196181 0.6146916 0.07395082 0.6130559 0.08224135 0.6210617 0.07953542 0.6146916 0.07395082 0.6174283 0.08196181 0.6229875 0.07561296 0.6146916 0.07395082 0.6210617 0.07953542 0.6226776 0.07124513 0.6146916 0.07395082 0.6229875 0.07561296 0.6202321 0.06760209 0.6146916 0.07395082 0.6226776 0.07124513 0.6163098 0.06566023 0.6146916 0.07395082 0.6202321 0.06760209 0.8701023 0.06413167 0.8716663 0.07242274 0.8744179 0.06441146 0.8744179 0.06441146 0.8716663 0.07242274 0.877997 0.06683754 0.877997 0.06683754 0.8716663 0.07242274 0.8799405 0.07076036 0.8799405 0.07076036 0.8716663 0.07242274 0.879669 0.07512843 0.879669 0.07512843 0.8716663 0.07242274 0.8772398 0.07877141 0.8772398 0.07877141 0.8716663 0.07242274 0.873302 0.08071333 0.873302 0.08071333 0.8716663 0.07242274 0.8689224 0.08043378 0.8689224 0.08043378 0.8716663 0.07242274 0.865249 0.07800763 0.865249 0.07800763 0.8716663 0.07242274 0.8633624 0.07408481 0.8633624 0.07408481 0.8716663 0.07242274 0.8637236 0.06971663 0.8637236 0.06971663 0.8716663 0.07242274 0.866203 0.06607371 0.866203 0.06607371 0.8716663 0.07242274 0.8701023 0.06413167 0.09842044 0.9836736 0.09998351 0.9897723 0.1014122 0.9836155 0.1014122 0.9836155 0.09998351 0.9897723 0.104078 0.9849616 0.104078 0.9849616 0.09998351 0.9897723 0.1058072 0.9874038 0.1058072 0.9874038 0.09998351 0.9897723 0.1062035 0.9903821 0.1062035 0.9903821 0.09998351 0.9897723 0.1051764 0.9932146 0.1051764 0.9932146 0.09998351 0.9897723 0.1029611 0.9952524 0.1029611 0.9952524 0.09998351 0.9897723 0.1000648 0.9960283 0.1000648 0.9960283 0.09998351 0.9897723 0.09715157 0.9953653 0.09715157 0.9953653 0.09998351 0.9897723 0.09488826 0.9934142 0.09488826 0.9934142 0.09998351 0.9897723 0.09379369 0.9906232 0.09379369 0.9906232 0.09998351 0.9897723 0.09411841 0.9876306 0.09411841 0.9876306 0.09998351 0.9897723 0.09578812 0.9851225 0.09578812 0.9851225 0.09998351 0.9897723 0.09842044 0.9836736 0.7372997 0.9608246 0.7328124 0.9607741 0.732499 0.9767431 0.7372997 0.9608246 0.732499 0.9767431 0.7369288 0.9767935 0.7369288 0.9767935 0.732499 0.9767431 0.732499 0.9825503 0.7369288 0.9767935 0.732499 0.9825503 0.736817 0.9826007 0.7442181 0.9855254 0.7479045 0.9858232 0.7479423 0.9808395 0.7442181 0.9855254 0.7479423 0.9808395 0.7442559 0.9805416 0.845642 0.9882106 0.8482105 0.9881602 0.8483572 0.9790191 0.845642 0.9882106 0.8483572 0.9790191 0.8457923 0.9790695 0.8457923 0.9790695 0.8483572 0.9790191 0.848663 0.9688347 0.8457923 0.9790695 0.848663 0.9688347 0.8451413 0.9688851 0.8451413 0.9688851 0.848663 0.9688347 0.8486314 0.950618 0.8451413 0.9688851 0.8486314 0.950618 0.844144 0.9506686 0.844144 0.9506686 0.8486314 0.950618 0.8482605 0.9346495 0.844144 0.9506686 0.8482605 0.9346495 0.8438305 0.9347 0.8438305 0.9347 0.8482605 0.9346495 0.848149 0.9288422 0.8438305 0.9347 0.848149 0.9288422 0.8438307 0.9288927 0.005678415 0.9864029 0.001992046 0.9867007 0.002029836 0.9916844 0.005678415 0.9864029 0.002029836 0.9916844 0.005716323 0.9913867 0.7368787 0.9232819 0.73431 0.9232314 0.7344608 0.9323726 0.7368787 0.9232819 0.7344608 0.9323726 0.7370255 0.9324231 0.7370255 0.9324231 0.7344608 0.9323726 0.7338095 0.9425573 0.7370255 0.9324231 0.7338095 0.9425573 0.7373312 0.9426077 0.7373312 0.9426077 0.7338095 0.9425573 0.7328124 0.9607741 0.7373312 0.9426077 0.7328124 0.9607741 0.7372997 0.9608246 0.335049 0.1334021 0.3340408 0.1438516 0.3347123 0.1446389 0.335049 0.1334021 0.3347123 0.1446389 0.3358021 0.134037 0.3979805 0.5750736 0.3700597 0.583029 0.3924455 0.6387338 0.3979805 0.5750736 0.3924455 0.6387338 0.4263503 0.6323546 0.6173872 0.9261805 0.5831226 0.9202527 0.5613075 0.9772858 0.6173872 0.9261805 0.5613075 0.9772858 0.5891573 0.984931 0.7509748 0.6507177 0.7527329 0.6914405 0.7533889 0.6915283 0.7509748 0.6507177 0.7533889 0.6915283 0.7516292 0.6507293 0.5551502 0.7126045 0.5563914 0.7798349 0.5607864 0.7797328 0.5551502 0.7126045 0.5607864 0.7797328 0.5595452 0.7125389 0.5891573 0.984931 0.5613075 0.9772858 0.5469426 0.9924004 0.5891573 0.984931 0.5469426 0.9924004 0.5569689 0.9966026 0.7509748 0.6507177 0.7516292 0.6507293 0.7521486 0.6366427 0.7509748 0.6507177 0.7521486 0.6366427 0.7514987 0.636827 0.3700597 0.583029 0.3979805 0.5750736 0.3654881 0.5639755 0.3700597 0.583029 0.3654881 0.5639755 0.3555263 0.5681707 0.3482862 0.1010418 0.3441579 0.09998327 0.335049 0.1334021 0.3482862 0.1010418 0.335049 0.1334021 0.3358021 0.134037 0.4263503 0.6323546 0.3924455 0.6387338 0.4157785 0.7004495 0.4263503 0.6323546 0.4157785 0.7004495 0.4575544 0.6878083 0.7533889 0.6915283 0.7527329 0.6914405 0.753165 0.7363618 0.7533889 0.6915283 0.753165 0.7363618 0.7538206 0.7364216 0.5831226 0.9202527 0.6173872 0.9261805 0.6487395 0.8689096 0.5831226 0.9202527 0.6487395 0.8689096 0.6060792 0.8566623 0.5551502 0.7126045 0.5595452 0.7125389 0.5585588 0.6455696 0.5551502 0.7126045 0.5585588 0.6455696 0.5541643 0.6456387 0.4575544 0.6878083 0.4157785 0.7004495 0.4239073 0.7099406 0.4575544 0.6878083 0.4239073 0.7099406 0.4606883 0.6962549 0.7538206 0.7364216 0.753165 0.7363618 0.7532888 0.7449967 0.7538206 0.7364216 0.7532888 0.7449967 0.7539384 0.744772 0.6060792 0.8566623 0.6487395 0.8689096 0.6519168 0.8602404 0.6060792 0.8566623 0.6519168 0.8602404 0.614301 0.8468901 0.5541643 0.6456387 0.5585588 0.6455696 0.5578039 0.6357656 0.5541643 0.6456387 0.5578039 0.6357656 0.5534078 0.6364247 0.4606883 0.6962549 0.4239073 0.7099406 0.439628 0.721279 0.4606883 0.6962549 0.439628 0.721279 0.4607519 0.7179438 0.7539384 0.744772 0.7532888 0.7449967 0.7538542 0.7588967 0.7539384 0.744772 0.7538542 0.7588967 0.7546418 0.7587007 0.614301 0.8468901 0.6519168 0.8602404 0.6518661 0.8377818 0.614301 0.8468901 0.6518661 0.8377818 0.6304311 0.8348382 0.5534078 0.6364247 0.5578039 0.6357656 0.55423 0.6126757 0.5534078 0.6364247 0.55423 0.6126757 0.5498024 0.6134144 0.4607519 0.7179438 0.439628 0.721279 0.4497498 0.7342469 0.4607519 0.7179438 0.4497498 0.7342469 0.4632111 0.7281742 0.7546418 0.7587007 0.7538542 0.7588967 0.7543383 0.7751539 0.7546418 0.7587007 0.7543383 0.7751539 0.7577068 0.7752413 0.6304311 0.8348382 0.6518661 0.8377818 0.6538084 0.8267936 0.6304311 0.8348382 0.6538084 0.8267936 0.6397949 0.8206018 0.5498024 0.6134144 0.55423 0.6126757 0.5510992 0.6018747 0.5498024 0.6134144 0.5510992 0.6018747 0.5465183 0.6021957 0.4632111 0.7281742 0.4497498 0.7342469 0.4552528 0.7534852 0.4632111 0.7281742 0.4552528 0.7534852 0.4675864 0.7457072 0.7577068 0.7752413 0.7543383 0.7751539 0.7554072 0.7962492 0.7577068 0.7752413 0.7554072 0.7962492 0.7593818 0.7962568 0.6397949 0.8206018 0.6538084 0.8267936 0.6578946 0.8084034 0.6397949 0.8206018 0.6578946 0.8084034 0.6452941 0.8006437 0.5465183 0.6021957 0.5510992 0.6018747 0.5499252 0.582789 0.5465183 0.6021957 0.5499252 0.582789 0.5452793 0.5827527 0.1256988 0.9787893 0.1248956 0.9793524 0.1250789 0.9900423 0.1256988 0.9787893 0.1250789 0.9900423 0.1258029 0.9893569 0.7169089 0.6256981 0.6876496 0.6837989 0.7223764 0.6901412 0.7169089 0.6256981 0.7223764 0.6901412 0.7452429 0.6338555 0.4971151 0.8725143 0.526305 0.9328244 0.5549727 0.9249317 0.4971151 0.8725143 0.5549727 0.9249317 0.5323516 0.8666104 0.5554527 0.4181553 0.5546846 0.4181345 0.5523395 0.4658625 0.5554527 0.4181553 0.5523395 0.4658625 0.5531083 0.4658145 0.7564215 0.9282624 0.7519052 0.9283345 0.7538331 0.9974194 0.7564215 0.9282624 0.7538331 0.9974194 0.7583513 0.9973703 0.526305 0.9328244 0.5596091 0.944711 0.5699639 0.9403022 0.526305 0.9328244 0.5699639 0.9403022 0.5549727 0.9249317 0.5554527 0.4181553 0.5545768 0.4017543 0.5538085 0.4015576 0.5554527 0.4181553 0.5538085 0.4015576 0.5546846 0.4181345 0.7452429 0.6338555 0.7601358 0.6189662 0.7500299 0.6146937 0.7452429 0.6338555 0.7500299 0.6146937 0.7169089 0.6256981 0.1152792 0.9454983 0.1248956 0.9793524 0.1256988 0.9787893 0.1152792 0.9454983 0.1256988 0.9787893 0.1194891 0.94476 0.6876496 0.6837989 0.6559957 0.7413603 0.6991956 0.7535532 0.6876496 0.6837989 0.6991956 0.7535532 0.7223764 0.6901412 0.5523395 0.4658625 0.5492873 0.5183617 0.5500563 0.5183386 0.5523395 0.4658625 0.5500563 0.5183386 0.5531083 0.4658145 0.5323516 0.8666104 0.5092637 0.8013841 0.4653934 0.8132937 0.5323516 0.8666104 0.4653934 0.8132937 0.4971151 0.8725143 0.7564215 0.9282624 0.7545955 0.8594141 0.7500776 0.8594836 0.7564215 0.9282624 0.7500776 0.8594836 0.7519052 0.9283345 0.6559957 0.7413603 0.6528585 0.7501906 0.6910514 0.7634183 0.6559957 0.7413603 0.6910514 0.7634183 0.6991956 0.7535532 0.5492873 0.5183617 0.5489628 0.5282521 0.549725 0.5284842 0.5492873 0.5183617 0.549725 0.5284842 0.5500563 0.5183386 0.5092637 0.8013841 0.5009695 0.79127 0.4622704 0.8043079 0.5092637 0.8013841 0.4622704 0.8043079 0.4653934 0.8132937 0.7545955 0.8594141 0.7547072 0.8498242 0.7501928 0.8495113 0.7545955 0.8594141 0.7501928 0.8495113 0.7500776 0.8594836 0.6528585 0.7501906 0.653153 0.7728095 0.6751155 0.7755353 0.6528585 0.7501906 0.6751155 0.7755353 0.6910514 0.7634183 0.5489628 0.5282521 0.5485708 0.5444267 0.5494406 0.5446314 0.5489628 0.5282521 0.5494406 0.5446314 0.549725 0.5284842 0.5009695 0.79127 0.4846204 0.7787638 0.4627716 0.781216 0.5009695 0.79127 0.4627716 0.781216 0.4622704 0.8043079 0.7547072 0.8498242 0.7560963 0.826164 0.7515654 0.8258013 0.7547072 0.8498242 0.7515654 0.8258013 0.7501928 0.8495113 0.653153 0.7728095 0.6508557 0.7835002 0.6649335 0.7894141 0.653153 0.7728095 0.6649335 0.7894141 0.6751155 0.7755353 0.5485708 0.5444267 0.5449894 0.5617332 0.5484762 0.5617824 0.5485708 0.5444267 0.5484762 0.5617824 0.5494406 0.5446314 0.4846204 0.7787638 0.4750906 0.7641851 0.4610252 0.770125 0.4846204 0.7787638 0.4610252 0.770125 0.4627716 0.781216 0.7560963 0.826164 0.7583777 0.8146558 0.7537856 0.8146518 0.7560963 0.826164 0.7537856 0.8146518 0.7515654 0.8258013 0.6508557 0.7835002 0.6452941 0.8006437 0.6578946 0.8084034 0.6508557 0.7835002 0.6578946 0.8084034 0.6649335 0.7894141 0.5449894 0.5617332 0.5452793 0.5827527 0.5499252 0.582789 0.5449894 0.5617332 0.5499252 0.582789 0.5484762 0.5617824 0.4750906 0.7641851 0.4675864 0.7457072 0.4552528 0.7534852 0.4750906 0.7641851 0.4552528 0.7534852 0.4610252 0.770125 0.7583777 0.8146558 0.7593818 0.7962568 0.7554072 0.7962492 0.7583777 0.8146558 0.7554072 0.7962492 0.7537856 0.8146518 0.688704 0.9614771 0.694153 0.9612616 0.6944183 0.9581199 0.688704 0.9614771 0.6944183 0.9581199 0.6887475 0.9583353 0.6887475 0.9583353 0.6944183 0.9581199 0.6950435 0.9530408 0.6887475 0.9583353 0.6950435 0.9530408 0.6883799 0.9532563 0.6883799 0.9532563 0.6950435 0.9530408 0.6951101 0.9473847 0.6883799 0.9532563 0.6951101 0.9473847 0.6884455 0.9476 0.6884455 0.9476 0.6951101 0.9473847 0.6949701 0.9426677 0.6884455 0.9476 0.6949701 0.9426677 0.6885142 0.9428827 0.4371861 0.9855907 0.4317021 0.9860783 0.431755 0.9902029 0.4371861 0.9855907 0.431755 0.9902029 0.4374994 0.9897152 0.4374994 0.9897152 0.431755 0.9902029 0.4318043 0.9948018 0.4374994 0.9897152 0.4318043 0.9948018 0.4378246 0.9943141 0.05793148 0.1225572 0.05322772 0.122342 0.05286878 0.1254835 0.05793148 0.1225572 0.05286878 0.1254835 0.05822044 0.1256987 0.05822044 0.1256987 0.05286878 0.1254835 0.05277591 0.1305628 0.05822044 0.1256987 0.05277591 0.1305628 0.05845868 0.130778 0.1114253 0.9884246 0.1171699 0.9889123 0.117495 0.9843134 0.1114253 0.9884246 0.117495 0.9843134 0.1114746 0.9838256 0.6880267 0.997232 0.6927308 0.9970169 0.6930196 0.9938753 0.6880267 0.997232 0.6930196 0.9938753 0.6876678 0.9940906 0.6876678 0.9940906 0.6930196 0.9938753 0.6932577 0.9887959 0.6876678 0.9940906 0.6932577 0.9887959 0.687575 0.9890114 0.05935376 0.1583117 0.05390518 0.1580965 0.05394864 0.161238 0.05935376 0.1583117 0.05394864 0.161238 0.05961924 0.1614534 0.05961924 0.1614534 0.05394864 0.161238 0.05358105 0.1663174 0.05961924 0.1614534 0.05358105 0.1663174 0.06024432 0.1665327 0.06024432 0.1665327 0.05358105 0.1663174 0.05364674 0.1719732 0.06024432 0.1665327 0.05364674 0.1719732 0.06031113 0.1721885 0.06031113 0.1721885 0.05364674 0.1719732 0.05371546 0.1766902 0.06031113 0.1721885 0.05371546 0.1766902 0.06017118 0.1769055 0.1113727 0.9925493 0.1168566 0.9930368 0.1171699 0.9889123 0.1113727 0.9925493 0.1171699 0.9889123 0.1114253 0.9884246 0.8943485 0.09174549 0.879669 0.07512843 0.8772398 0.07877141 0.8943485 0.09174549 0.8772398 0.07877141 0.890415 0.09368723 0.890415 0.09368723 0.8772398 0.07877141 0.873302 0.08071333 0.890415 0.09368723 0.873302 0.08071333 0.8879874 0.09733062 0.8879874 0.09733062 0.873302 0.08071333 0.8689224 0.08043378 0.8879874 0.09733062 0.8689224 0.08043378 0.8877124 0.1016982 0.05277591 0.1305628 0.05390518 0.1580965 0.05935376 0.1583117 0.05277591 0.1305628 0.05935376 0.1583117 0.05845868 0.130778 0.5986632 0.1032254 0.6174283 0.08196181 0.6130559 0.08224135 0.5986632 0.1032254 0.6130559 0.08224135 0.5983903 0.09885776 0.5983903 0.09885776 0.6130559 0.08224135 0.6091271 0.08029937 0.5983903 0.09885776 0.6091271 0.08029937 0.5959592 0.09521454 0.5959592 0.09521454 0.6091271 0.08029937 0.6067031 0.07665652 0.5959592 0.09521454 0.6067031 0.07665652 0.5920349 0.0932728 0.5920349 0.0932728 0.6067031 0.07665652 0.6064222 0.07228875 0.5920349 0.0932728 0.6064222 0.07228875 0.5876587 0.09355252 0.688704 0.9614771 0.687575 0.9890114 0.6932577 0.9887959 0.688704 0.9614771 0.6932577 0.9887959 0.694153 0.9612616 0.8987341 0.09202486 0.8799405 0.07076036 0.879669 0.07512843 0.8987341 0.09202486 0.879669 0.07512843 0.8943485 0.09174549 0.9904391 0.05793893 0.9922028 0.04198729 0.9892619 0.04163151 0.9904391 0.05793893 0.9892619 0.04163151 0.9874327 0.05758464 0.9874327 0.05758464 0.9892619 0.04163151 0.9863126 0.04122966 0.9874327 0.05758464 0.9863126 0.04122966 0.9844599 0.05718433 0.8398733 0.05560088 0.8411787 0.039595 0.8381435 0.03923767 0.8398733 0.05560088 0.8381435 0.03923767 0.8369272 0.0552451 0.8369272 0.0552451 0.8381435 0.03923767 0.8350527 0.03900837 0.8369272 0.0552451 0.8350527 0.03900837 0.8340354 0.05501651 0.8340354 0.05501651 0.8350527 0.03900837 0.8319606 0.03895926 0.8340354 0.05501651 0.8319606 0.03895926 0.8311471 0.05496782 0.8311471 0.05496782 0.8319606 0.03895926 0.8289269 0.03910183 0.8311471 0.05496782 0.8289269 0.03910183 0.828205 0.05510967 0.289066 0.9945599 0.287275 0.9786065 0.2842779 0.9789071 0.289066 0.9945599 0.2842779 0.9789071 0.2860949 0.9948593 0.2860949 0.9948593 0.2842779 0.9789071 0.2813036 0.9792972 0.2860949 0.9948593 0.2813036 0.9792972 0.2831555 0.9952478 0.6401216 0.9965162 0.6387555 0.9805142 0.6357946 0.9809059 0.6401216 0.9965162 0.6357946 0.9809059 0.6371117 0.9969063 0.6371117 0.9969063 0.6357946 0.9809059 0.6328802 0.981208 0.6371117 0.9969063 0.6328802 0.981208 0.6340556 0.9972072 0.6340556 0.9972072 0.6328802 0.981208 0.6299738 0.9813513 0.6340556 0.9972072 0.6299738 0.9813513 0.6309904 0.9973499 0.6309904 0.9973499 0.6299738 0.9813513 0.6270249 0.981303 0.6309904 0.9973499 0.6270249 0.981303 0.6279665 0.9973019 0.9934371 0.05816596 0.9951771 0.04221528 0.9922028 0.04198729 0.9934371 0.05816596 0.9922028 0.04198729 0.9904391 0.05793893</float_array>
          <technique_common>
            <accessor source="#Wing8_FinalDJI_0_003-mesh-map-0-array" count="909" stride="2">
              <param name="S" type="float"/>
              <param name="T" type="float"/>
            </accessor>
          </technique_common>
        </source>
        <vertices id="Wing8_FinalDJI_0_003-mesh-vertices">
          <input semantic="POSITION" source="#Wing8_FinalDJI_0_003-mesh-positions"/>
        </vertices>
        <triangles material="FinalDJI-material" count="303">
          <input semantic="VERTEX" source="#Wing8_FinalDJI_0_003-mesh-vertices" offset="0"/>
          <input semantic="NORMAL" source="#Wing8_FinalDJI_0_003-mesh-normals" offset="1"/>
          <input semantic="TEXCOORD" source="#Wing8_FinalDJI_0_003-mesh-map-0" offset="2" set="0"/>
          <p>0 0 0 1 0 1 2 0 2 3 1 3 1 1 4 0 1 5 4 2 6 1 2 7 3 2 8 5 3 9 1 3 10 4 3 11 6 4 12 1 4 13 5 4 14 7 5 15 1 5 16 6 5 17 8 6 18 1 6 19 7 6 20 9 7 21 1 7 22 8 7 23 10 8 24 1 8 25 9 8 26 11 9 27 1 9 28 10 9 29 12 10 30 1 10 31 11 10 32 2 11 33 1 11 34 12 11 35 13 12 36 14 12 37 15 12 38 15 13 39 14 13 40 16 13 41 16 14 42 14 14 43 17 14 44 17 15 45 14 15 46 18 15 47 18 16 48 14 16 49 19 16 50 19 17 51 14 17 52 20 17 53 20 18 54 14 18 55 21 18 56 21 19 57 14 19 58 22 19 59 22 20 60 14 20 61 23 20 62 23 21 63 14 21 64 24 21 65 24 22 66 14 22 67 25 22 68 25 23 69 14 23 70 13 23 71 26 24 72 27 24 73 28 24 74 29 25 75 27 25 76 26 25 77 30 26 78 27 26 79 29 26 80 31 27 81 27 27 82 30 27 83 32 28 84 27 28 85 31 28 86 33 29 87 27 29 88 32 29 89 34 30 90 27 30 91 33 30 92 35 31 93 27 31 94 34 31 95 36 32 96 27 32 97 35 32 98 37 33 99 27 33 100 36 33 101 38 34 102 27 34 103 37 34 104 28 35 105 27 35 106 38 35 107 39 36 108 40 36 109 41 36 110 41 37 111 40 37 112 42 37 113 42 38 114 40 38 115 43 38 116 43 39 117 40 39 118 44 39 119 44 40 120 40 40 121 45 40 122 45 41 123 40 41 124 46 41 125 46 42 126 40 42 127 47 42 128 47 43 129 40 43 130 48 43 131 48 44 132 40 44 133 49 44 134 49 45 135 40 45 136 50 45 137 50 46 138 40 46 139 51 46 140 51 47 141 40 47 142 39 47 143 52 48 144 53 48 145 54 48 146 55 49 147 53 49 148 52 49 149 56 50 150 53 50 151 55 50 152 57 51 153 53 51 154 56 51 155 58 52 156 53 52 157 57 52 158 59 53 159 53 53 160 58 53 161 60 54 162 53 54 163 59 54 164 61 55 165 53 55 166 60 55 167 62 56 168 53 56 169 61 56 170 63 57 171 53 57 172 62 57 173 64 58 174 53 58 175 63 58 176 54 59 177 53 59 178 64 59 179 65 60 180 66 60 181 67 60 182 67 61 183 66 62 184 68 63 185 68 63 186 66 62 187 69 64 188 69 65 189 66 65 190 70 65 191 70 66 192 66 66 193 71 66 194 71 67 195 66 67 196 72 67 197 72 68 198 66 68 199 73 68 200 73 69 201 66 69 202 74 69 203 74 70 204 66 70 205 75 70 206 75 71 207 66 71 208 76 71 209 76 72 210 66 72 211 77 72 212 77 73 213 66 73 214 65 73 215 78 74 216 79 75 217 80 76 218 80 76 219 79 75 220 81 77 221 81 77 222 79 75 223 82 78 224 82 79 225 79 80 226 83 81 227 83 82 228 79 83 229 84 84 230 84 84 231 79 83 232 85 85 233 85 85 234 79 83 235 86 86 236 86 87 237 79 88 238 87 87 239 87 89 240 79 75 241 88 90 242 88 90 243 79 75 244 89 91 245 89 91 246 79 75 247 90 92 248 90 92 249 79 75 250 91 93 251 91 93 252 79 75 253 78 74 254 92 94 255 93 95 256 94 96 257 92 94 258 94 96 259 95 97 260 96 98 261 97 98 262 98 98 263 96 99 264 98 99 265 99 99 266 100 100 267 101 100 268 102 100 269 100 101 270 102 101 271 103 101 272 104 102 273 105 103 274 106 104 275 104 102 276 106 104 277 107 105 278 107 105 279 106 104 280 108 106 281 107 105 282 108 106 283 109 107 284 110 108 285 111 109 286 112 110 287 110 108 288 112 110 289 113 111 290 113 111 291 112 110 292 114 112 293 113 111 294 114 112 295 115 113 296 116 114 297 117 114 298 118 114 299 116 115 300 118 115 301 119 115 302 120 116 303 121 116 304 122 116 305 120 117 306 122 117 307 123 117 308 124 118 309 125 119 310 126 120 311 124 118 312 126 120 313 127 121 314 127 121 315 126 120 316 128 122 317 127 121 318 128 122 319 129 123 320 130 124 321 131 125 322 93 95 323 130 124 324 93 95 325 92 94 326 132 126 327 133 126 328 134 126 329 132 127 330 134 127 331 135 127 332 136 128 333 137 129 334 138 130 335 136 128 336 138 130 337 139 131 338 140 132 339 141 133 340 142 134 341 140 132 342 142 134 343 143 135 344 144 136 345 145 137 346 146 138 347 144 136 348 146 138 349 147 139 350 148 140 351 149 141 352 150 142 353 148 140 354 150 142 355 151 143 356 143 135 357 142 134 358 152 144 359 143 135 360 152 144 361 153 145 362 144 136 363 147 139 364 154 146 365 144 136 366 154 146 367 155 147 368 137 129 369 136 128 370 156 148 371 137 129 372 156 148 373 157 149 374 158 150 375 159 151 376 160 152 377 158 150 378 160 152 379 161 153 380 139 131 381 138 130 382 162 154 383 139 131 384 162 154 385 163 155 386 146 138 387 145 137 388 164 156 389 146 138 390 164 156 391 165 157 392 141 133 393 140 132 394 166 158 395 141 133 396 166 158 397 167 159 398 148 140 399 151 143 400 168 160 401 148 140 402 168 160 403 169 161 404 163 155 405 162 154 406 170 162 407 163 155 408 170 162 409 171 163 410 165 157 411 164 156 412 172 164 413 165 157 414 172 164 415 173 165 416 167 159 417 166 158 418 174 166 419 167 159 420 174 166 421 175 167 422 169 161 423 168 160 424 176 168 425 169 161 426 176 168 427 177 169 428 171 163 429 170 162 430 178 170 431 171 163 432 178 170 433 179 171 434 173 165 435 172 164 436 180 172 437 173 165 438 180 172 439 181 173 440 175 167 441 174 166 442 182 174 443 175 167 444 182 174 445 183 175 446 177 169 447 176 168 448 184 176 449 177 169 450 184 176 451 185 177 452 179 171 453 178 170 454 186 178 455 179 171 456 186 178 457 187 179 458 188 180 459 189 181 460 190 182 461 188 180 462 190 182 463 191 183 464 183 175 465 182 174 466 192 184 467 183 175 468 192 184 469 193 185 470 185 177 471 184 176 472 194 186 473 185 177 474 194 186 475 195 187 476 187 179 477 186 178 478 196 188 479 187 179 480 196 188 481 197 189 482 191 183 483 190 182 484 198 190 485 191 183 486 198 190 487 199 191 488 193 185 489 192 184 490 200 192 491 193 185 492 200 192 493 201 193 494 195 187 495 194 186 496 202 194 497 195 187 498 202 194 499 203 195 500 204 196 501 205 196 502 206 196 503 204 197 504 206 197 505 207 197 506 208 198 507 209 199 508 210 200 509 208 198 510 210 200 511 211 201 512 212 202 513 213 203 514 214 204 515 212 202 516 214 204 517 215 205 518 216 206 519 217 207 520 218 208 521 216 206 522 218 208 523 219 209 524 220 210 525 221 211 526 222 212 527 220 210 528 222 212 529 223 213 530 213 203 531 224 214 532 225 215 533 213 203 534 225 215 535 214 204 536 216 206 537 226 216 538 227 217 539 216 206 540 227 217 541 217 207 542 211 201 543 228 218 544 229 219 545 211 201 546 229 219 547 208 198 548 230 220 549 231 221 550 232 222 551 230 220 552 232 222 553 233 223 554 209 199 555 234 224 556 235 225 557 209 199 558 235 225 559 210 200 560 218 208 561 236 226 562 237 227 563 218 208 564 237 227 565 219 209 566 215 205 567 238 228 568 239 229 569 215 205 570 239 229 571 212 202 572 220 210 573 240 230 574 241 231 575 220 210 576 241 231 577 221 211 578 234 224 579 242 232 580 243 233 581 234 224 582 243 233 583 235 225 584 236 226 585 244 234 586 245 235 587 236 226 588 245 235 589 237 227 590 238 228 591 246 236 592 247 237 593 238 228 594 247 237 595 239 229 596 240 230 597 248 238 598 249 239 599 240 230 600 249 239 601 241 231 602 242 232 603 250 240 604 251 241 605 242 232 606 251 241 607 243 233 608 244 234 609 252 242 610 253 243 611 244 234 612 253 243 613 245 235 614 246 236 615 254 244 616 255 245 617 246 236 618 255 245 619 247 237 620 248 238 621 256 246 622 257 247 623 248 238 624 257 247 625 249 239 626 250 240 627 258 248 628 259 249 629 250 240 630 259 249 631 251 241 632 260 250 633 261 251 634 262 252 635 260 250 636 262 252 637 263 253 638 254 244 639 264 254 640 265 255 641 254 244 642 265 255 643 255 245 644 256 246 645 266 256 646 267 257 647 256 246 648 267 257 649 257 247 650 258 248 651 201 193 652 200 192 653 258 248 654 200 192 655 259 249 656 261 251 657 203 195 658 202 194 659 261 251 660 202 194 661 262 252 662 264 254 663 197 189 664 196 188 665 264 254 666 196 188 667 265 255 668 266 256 669 199 191 670 198 190 671 266 256 672 198 190 673 267 257 674 268 258 675 269 259 676 270 260 677 268 258 678 270 260 679 271 261 680 272 262 681 273 262 682 274 262 683 272 263 684 274 263 685 275 263 686 276 264 687 277 264 688 278 264 689 276 265 690 278 265 691 279 265 692 280 266 693 281 266 694 282 266 695 280 267 696 282 267 697 283 267 698 284 268 699 285 268 700 286 268 701 284 269 702 286 269 703 287 269 704 288 270 705 289 270 706 290 270 707 288 271 708 290 271 709 291 271 710 292 272 711 293 272 712 294 272 713 292 273 714 294 273 715 295 273 716 296 274 717 297 275 718 298 276 719 296 274 720 298 276 721 299 277 722 300 278 723 301 278 724 302 278 725 300 279 726 302 279 727 303 279 728 304 280 729 305 280 730 306 280 731 304 281 732 306 281 733 307 281 734 308 282 735 309 283 736 310 284 737 308 282 738 310 284 739 311 285 740 312 286 741 313 287 742 314 288 743 312 286 744 314 288 745 315 289 746 316 290 747 317 290 748 318 290 749 316 291 750 318 291 751 319 291 752 320 292 753 321 292 754 322 292 755 320 293 756 322 293 757 323 293 758 324 294 759 325 294 760 326 294 761 324 295 762 326 295 763 327 295 764 328 296 765 329 296 766 330 296 767 328 297 768 330 297 769 331 297 770 39 298 771 70 298 772 71 298 773 39 299 774 71 299 775 51 299 776 51 300 777 71 300 778 72 300 779 51 301 780 72 301 781 50 301 782 50 302 783 72 302 784 73 302 785 50 303 786 73 303 787 49 303 788 298 276 789 313 287 790 312 286 791 298 276 792 312 286 793 299 277 794 36 304 795 60 304 796 59 304 797 36 305 798 59 305 799 37 305 800 37 306 801 59 306 802 58 306 803 37 307 804 58 307 805 38 307 806 38 308 807 58 308 808 57 308 809 38 309 810 57 309 811 28 309 812 28 310 813 57 310 814 56 310 815 28 311 816 56 311 817 26 311 818 268 258 819 311 285 820 310 284 821 268 258 822 310 284 823 269 259 824 41 312 825 69 312 826 70 312 827 41 313 828 70 313 829 39 313 830 332 314 831 333 315 832 334 316 833 332 314 834 334 316 835 335 317 836 335 317 837 334 316 838 336 318 839 335 317 840 336 318 841 337 319 842 338 320 843 339 321 844 340 322 845 338 320 846 340 322 847 341 323 848 341 323 849 340 322 850 342 324 851 341 323 852 342 324 853 343 325 854 343 325 855 342 324 856 344 326 857 343 325 858 344 326 859 345 327 860 345 327 861 344 326 862 346 328 863 345 327 864 346 328 865 347 329 866 348 330 867 349 331 868 350 332 869 348 330 870 350 332 871 351 333 872 351 333 873 350 332 874 352 334 875 351 333 876 352 334 877 353 335 878 354 336 879 355 337 880 356 338 881 354 336 882 356 338 883 357 339 884 357 339 885 356 338 886 358 340 887 357 339 888 358 340 889 359 341 890 359 341 891 358 340 892 360 342 893 359 341 894 360 342 895 361 343 896 361 343 897 360 342 898 362 344 899 361 343 900 362 344 901 363 345 902 364 346 903 365 347 904 333 315 905 364 346 906 333 315 907 332 314 908</p>
        </triangles>
      </mesh>
    </geometry>
    <geometry id="Wing8_FinalDJI_0_002-mesh" name="Wing8_FinalDJI_0.002">
      <mesh>
        <source id="Wing8_FinalDJI_0_002-mesh-positions">
          <float_array id="Wing8_FinalDJI_0_002-mesh-positions-array" count="1092">-0.1302123 0.1481613 -0.03435951 -0.04404473 0.1122218 -0.04141634 -0.005078554 5.16824e-4 -0.03772205 -0.1605032 0.1297954 -0.02964276 -0.1727833 0.09644907 -0.02586191 -0.121537 0.01809084 -0.02594822 -0.06436586 -0.07150059 -0.02588754 0.03388756 -0.1111882 -0.03402751 0.1200551 -0.1471275 -0.04108422 0.1503461 -0.1287618 -0.04580134 0.1626263 -0.09541541 -0.04958206 0.1113799 -0.017057 -0.04949539 0.05420869 0.07253402 -0.04955643 -0.04111981 0.1141056 -0.01529794 -0.1272874 0.1500455 -0.008241117 -0.002153635 0.002401232 -0.01160353 -0.1575785 0.1316797 -0.003524005 -0.1698587 0.09833329 2.56564e-4 -0.1186124 0.01997458 1.70376e-4 -0.06144106 -0.06961661 2.31292e-4 0.03681248 -0.1093043 -0.007908999 0.1229799 -0.1452435 -0.01496583 0.153271 -0.1268779 -0.01968294 0.1655511 -0.09353119 -0.02346354 0.1143049 -0.01517277 -0.023377 0.05713349 0.07441872 -0.02343779 0.0440821 -0.1042312 0.02444225 0.04104584 -0.07312017 0.02240473 0.1002483 -0.08356648 0.01547867 0.06216806 -0.1298044 0.02407819 0.09045761 -0.1429885 0.02140957 0.1213706 -0.14025 0.01715189 0.1466239 -0.1223241 0.01244598 0.1594508 -0.09401232 0.00855261 0.1564146 -0.06290155 0.006514608 0.1383287 -0.03732877 0.00687915 0.1100392 -0.0241447 0.009547531 0.07912617 -0.02688246 0.01380521 0.05387276 -0.04480892 0.01851111 0.04637306 -0.06993323 0.06313306 0.04940921 -0.1010438 0.06517034 0.1055755 -0.08037859 0.056207 0.06749528 -0.126617 0.06480652 0.09578484 -0.1398011 0.0621379 0.1266977 -0.1370633 0.05788022 0.1519511 -0.1191362 0.05317431 0.1647782 -0.0908249 0.04928094 0.1617419 -0.05971437 0.04724317 0.1436558 -0.03414136 0.047607 0.1153663 -0.02095729 0.05027586 0.08445328 -0.02369457 0.05453354 0.05920022 -0.0416215 0.05923944 -0.1576209 0.06433838 0.0376318 -0.1606572 0.09544867 0.03559428 -0.1014547 0.08500283 0.02866846 -0.139535 0.03876531 0.03726798 -0.1112454 0.025581 0.0345996 -0.08033227 0.02831876 0.03034192 -0.05507898 0.04624521 0.02563601 -0.04225206 0.07455772 0.0217424 -0.04528832 0.1056677 0.01970487 -0.06337451 0.1312412 0.02006918 -0.09166383 0.144425 0.02273756 -0.122577 0.1416873 0.02699476 -0.14783 0.1237604 0.03170114 -0.15533 0.09863656 0.07632285 -0.1522937 0.0675258 0.07836014 -0.09612751 0.08819097 0.06939655 -0.1342077 0.04195225 0.07799631 -0.1059182 0.02876794 0.07532793 -0.07500529 0.03150618 0.07107025 -0.04975199 0.04943263 0.0663641 -0.03692507 0.07774418 0.06247049 -0.03996109 0.1088551 0.06043297 -0.05804705 0.1344286 0.06079727 -0.08633673 0.1476127 0.06346541 -0.1172494 0.1448747 0.06772333 -0.1425028 0.1269482 0.07242947 0.01925832 0.04410541 0.06598156 -0.00205779 0.04451906 0.06851881 0.008121669 6.52723e-4 0.06994265 -0.02105164 0.03492772 0.07138603 -0.03337192 0.01752865 0.07392615 -0.03619694 -0.003692686 0.07555788 -0.02887845 -0.02387458 0.07590621 -0.0130937 -0.03839308 0.07489293 0.007541358 -0.04392272 0.07274812 0.02829927 -0.03919702 0.06996482 0.04442507 -0.0252977 0.06718009 0.05222433 -0.005409777 0.06503206 0.04991 0.01591122 0.06401246 0.0380128 0.03378093 0.06435531 -0.04404473 0.1122218 -0.04141634 -0.1302123 0.1481613 -0.03435951 -0.1272874 0.1500455 -0.008241117 -0.04111981 0.1141056 -0.01529794 -0.1302123 0.1481613 -0.03435951 -0.1605032 0.1297954 -0.02964276 -0.1575785 0.1316797 -0.003524005 -0.1272874 0.1500455 -0.008241117 -0.1605032 0.1297954 -0.02964276 -0.1727833 0.09644907 -0.02586191 -0.1698587 0.09833329 2.56564e-4 -0.1575785 0.1316797 -0.003524005 -0.1727833 0.09644907 -0.02586191 -0.121537 0.01809084 -0.02594822 -0.1186124 0.01997458 1.70376e-4 -0.1698587 0.09833329 2.56564e-4 -0.06436586 -0.07150059 -0.02588754 -0.06144106 -0.06961661 2.31292e-4 -0.06436586 -0.07150059 -0.02588754 0.03388756 -0.1111882 -0.03402751 0.03681248 -0.1093043 -0.007908999 -0.06144106 -0.06961661 2.31292e-4 0.1200551 -0.1471275 -0.04108422 0.1229799 -0.1452435 -0.01496583 0.1200551 -0.1471275 -0.04108422 0.1503461 -0.1287618 -0.04580134 0.153271 -0.1268779 -0.01968294 0.1229799 -0.1452435 -0.01496583 0.1503461 -0.1287618 -0.04580134 0.1626263 -0.09541541 -0.04958206 0.1655511 -0.09353119 -0.02346354 0.153271 -0.1268779 -0.01968294 0.1626263 -0.09541541 -0.04958206 0.1113799 -0.017057 -0.04949539 0.1143049 -0.01517277 -0.023377 0.1655511 -0.09353119 -0.02346354 0.05420869 0.07253402 -0.04955643 0.05713349 0.07441872 -0.02343779 0.05420869 0.07253402 -0.04955643 0.05713349 0.07441872 -0.02343779 -1.294224 0.7991273 0.1308981 -1.297494 0.7943215 0.1268674 -1.339418 0.7314331 0.1492236 -1.336147 0.7362394 0.1532541 -1.071221 0.8358385 0.02502971 -0.6730657 0.5877459 -0.006817519 -0.8413096 0.4349522 0.1056414 -1.195148 0.6953458 0.1260095 -0.6649907 0.5970904 0.02134066 -1.063146 0.8451828 0.0531879 -1.191878 0.7001514 0.1300398 -0.8380386 0.4397575 0.1096721 -1.191878 0.7001514 0.1300398 -1.195148 0.6953458 0.1260095 -0.8413096 0.4349522 0.1056414 -0.8380386 0.4397575 0.1096721 -0.6649907 0.5970904 0.02134066 -0.6730657 0.5877459 -0.006817519 -1.071221 0.8358385 0.02502971 -1.063146 0.8451828 0.0531879 -1.294224 0.7991273 0.1308981 -1.336147 0.7362394 0.1532541 -1.336147 0.7362394 0.1532541 -1.339418 0.7314331 0.1492236 -1.339418 0.7314331 0.1492236 -1.297494 0.7943215 0.1268674 -1.071221 0.8358385 0.02502971 -1.297494 0.7943215 0.1268674 -1.294224 0.7991273 0.1308981 -1.063146 0.8451828 0.0531879 -0.2670276 0.3573446 -0.0467959 -0.4597588 0.1388215 0.08694225 -0.4597588 0.1388215 0.08694225 -0.4564879 0.1436268 0.09097272 -0.4564879 0.1436268 0.09097272 -0.2589526 0.3666896 -0.01863771 -0.2589526 0.3666896 -0.01863771 -0.2670276 0.3573446 -0.0467959 -0.214549 0.3164153 -0.04826265 -0.3741596 0.1100091 0.07474333 -0.3741596 0.1100091 0.07474333 -0.3708886 0.1148149 0.07877379 -0.3708886 0.1148149 0.07877379 -0.2064741 0.3257606 -0.02010446 -0.2064741 0.3257606 -0.02010446 -0.214549 0.3164153 -0.04826265 -0.1270492 0.1824471 -0.02889627 -0.2340852 0.09612745 0.04770261 -0.2340852 0.09612745 0.04770261 -0.2308145 0.100933 0.05173283 -0.2308145 0.100933 0.05173283 -0.1189745 0.1917914 -7.38118e-4 -0.1189745 0.1917914 -7.38118e-4 -0.1270492 0.1824471 -0.02889627 -0.07074427 0.1314019 -0.01586836 -0.1259827 0.04634821 0.01735931 -0.2340852 0.09612745 0.04770261 -0.1259827 0.04634821 0.01735931 -0.1214857 0.05056393 0.0401805 -0.2308145 0.100933 0.05173283 -0.1214857 0.05056393 0.0401805 -0.06488227 0.1369084 0.01380878 -0.06488227 0.1369084 0.01380878 -0.07074427 0.1314019 -0.01586836 0.02094382 0.0432502 -0.01701921 -0.0224719 -0.04828816 -0.002021372 -0.0224719 -0.04828816 -0.002021372 -0.01730549 -0.0454455 0.02396899 -0.01730549 -0.0454455 0.02396899 0.02655464 0.04565441 0.01309639 0.02655464 0.04565441 0.01309639 0.02094382 0.0432502 -0.01701921 1.287638 -0.8084022 -0.1547614 1.332256 -0.7446516 -0.1673053 1.335477 -0.7404963 -0.1625726 1.290859 -0.8042471 -0.1500288 1.059198 -0.8505598 -0.06352716 1.19138 -0.7027968 -0.1409047 0.8443911 -0.4353313 -0.1023969 0.667099 -0.5952463 -0.01699429 0.6600306 -0.6007411 -0.04640978 0.8411706 -0.4394863 -0.1071296 1.188159 -0.7069518 -0.1456373 1.052129 -0.8560539 -0.09294289 1.188159 -0.7069518 -0.1456373 0.8411706 -0.4394863 -0.1071296 0.8443911 -0.4353313 -0.1023969 1.19138 -0.7027968 -0.1409047 0.6600306 -0.6007411 -0.04640978 1.052129 -0.8560539 -0.09294289 1.059198 -0.8505598 -0.06352716 0.667099 -0.5952463 -0.01699429 1.332256 -0.7446516 -0.1673053 1.287638 -0.8084022 -0.1547614 1.335477 -0.7404963 -0.1625726 1.332256 -0.7446516 -0.1673053 1.290859 -0.8042471 -0.1500288 1.335477 -0.7404963 -0.1625726 1.059198 -0.8505598 -0.06352716 1.052129 -0.8560539 -0.09294289 1.287638 -0.8084022 -0.1547614 1.290859 -0.8042471 -0.1500288 0.4708008 -0.1312965 -0.0621795 0.2662714 -0.3582264 0.03505307 0.4675801 -0.1354519 -0.06691247 0.4708008 -0.1312965 -0.0621795 0.259203 -0.3637213 0.005638182 0.4675801 -0.1354519 -0.06691247 0.2662714 -0.3582264 0.03505307 0.259203 -0.3637213 0.005638182 0.3855804 -0.1013935 -0.04995352 0.2149426 -0.3160749 0.0395146 0.3823597 -0.1055487 -0.05468636 0.3855804 -0.1013935 -0.04995352 0.207874 -0.3215698 0.01009899 0.3823597 -0.1055487 -0.05468636 0.2149426 -0.3160749 0.0395146 0.207874 -0.3215698 0.01009899 0.2448816 -0.08633118 -0.02711433 0.1321675 -0.1779006 0.03359633 0.2416609 -0.09048658 -0.03184694 0.2448816 -0.08633118 -0.02711433 0.1250991 -0.1833952 0.004181027 0.2416609 -0.09048658 -0.03184694 0.1321675 -0.1779006 0.03359633 0.1250991 -0.1833952 0.004181027 0.1369646 -0.037144 0.004815638 0.07794636 -0.1237863 0.02480584 0.2448816 -0.08633118 -0.02711433 0.2416609 -0.09048658 -0.03184694 0.1333742 -0.03833609 -0.01851838 0.1369646 -0.037144 0.004815638 0.07326287 -0.1253587 -0.005542099 0.1333742 -0.03833609 -0.01851838 0.07794636 -0.1237863 0.02480584 0.07326287 -0.1253587 -0.005542099 0.0440821 -0.1042312 0.02444225 0.06216806 -0.1298044 0.02407819 0.06749528 -0.126617 0.06480652 0.04940921 -0.1010438 0.06517034 0.06216806 -0.1298044 0.02407819 0.09045761 -0.1429885 0.02140957 0.09578484 -0.1398011 0.0621379 0.06749528 -0.126617 0.06480652 0.09045761 -0.1429885 0.02140957 0.1213706 -0.14025 0.01715189 0.1266977 -0.1370633 0.05788022 0.09578484 -0.1398011 0.0621379 0.1213706 -0.14025 0.01715189 0.1466239 -0.1223241 0.01244598 0.1519511 -0.1191362 0.05317431 0.1266977 -0.1370633 0.05788022 0.1466239 -0.1223241 0.01244598 0.1594508 -0.09401232 0.00855261 0.1647782 -0.0908249 0.04928094 0.1519511 -0.1191362 0.05317431 0.1594508 -0.09401232 0.00855261 0.1564146 -0.06290155 0.006514608 0.1617419 -0.05971437 0.04724317 0.1647782 -0.0908249 0.04928094 0.1564146 -0.06290155 0.006514608 0.1383287 -0.03732877 0.00687915 0.1436558 -0.03414136 0.047607 0.1617419 -0.05971437 0.04724317 0.1383287 -0.03732877 0.00687915 0.1100392 -0.0241447 0.009547531 0.1153663 -0.02095729 0.05027586 0.1436558 -0.03414136 0.047607 -0.1606572 0.09544867 0.03559428 -0.1576209 0.06433838 0.0376318 -0.1522937 0.0675258 0.07836014 -0.15533 0.09863656 0.07632285 -0.1576209 0.06433838 0.0376318 -0.139535 0.03876531 0.03726798 -0.1342077 0.04195225 0.07799631 -0.1522937 0.0675258 0.07836014 -0.1112454 0.025581 0.0345996 -0.1059182 0.02876794 0.07532793 -0.04528832 0.1056677 0.01970487 -0.06337451 0.1312412 0.02006918 -0.05804705 0.1344286 0.06079727 -0.03996109 0.1088551 0.06043297 -0.06337451 0.1312412 0.02006918 -0.09166383 0.144425 0.02273756 -0.08633673 0.1476127 0.06346541 -0.05804705 0.1344286 0.06079727 -0.09166383 0.144425 0.02273756 -0.122577 0.1416873 0.02699476 -0.1172494 0.1448747 0.06772333 -0.08633673 0.1476127 0.06346541 -0.122577 0.1416873 0.02699476 -0.14783 0.1237604 0.03170114 -0.1425028 0.1269482 0.07242947 -0.1172494 0.1448747 0.06772333 -0.14783 0.1237604 0.03170114 -0.1606572 0.09544867 0.03559428 -0.15533 0.09863656 0.07632285 -0.1425028 0.1269482 0.07242947 0.006183207 0.03572189 -0.04778826 -0.0150423 0.03613388 -0.04526185 -0.00205779 0.04451906 0.06851881 0.01925832 0.04410541 0.06598156 -0.03395533 0.02658379 -0.04240655 -0.02105164 0.03492772 0.07138603 -0.03395533 0.02658379 -0.04240655 -0.0462234 0.009258389 -0.03987693 -0.03337192 0.01752865 0.07392615 -0.02105164 0.03492772 0.07138603 -0.04903614 -0.01187306 -0.03825259 -0.03619694 -0.003692686 0.07555788 -0.041749 -0.03196889 -0.03790545 -0.02887845 -0.02387458 0.07590621 -0.02603173 -0.04642587 -0.03891491 -0.0130937 -0.03839308 0.07489293 -0.02603173 -0.04642587 -0.03891491 -0.005484104 -0.05193215 -0.04105043 0.007541358 -0.04392272 0.07274812 -0.0130937 -0.03839308 0.07489293 0.01518577 -0.04722625 -0.04382157 0.02829927 -0.03919702 0.06996482 0.01518577 -0.04722625 -0.04382157 0.03124326 -0.03338557 -0.0465945 0.04442507 -0.0252977 0.06718009 0.02829927 -0.03919702 0.06996482 0.03900891 -0.01358252 -0.04873335 0.05222433 -0.005409777 0.06503206 0.03670495 0.007647871 -0.04974901 0.04991 0.01591122 0.06401246 0.02485841 0.02544176 -0.0494076 0.0380128 0.03378093 0.06435531 0.02485841 0.02544176 -0.0494076 0.0380128 0.03378093 0.06435531</float_array>
          <technique_common>
            <accessor source="#Wing8_FinalDJI_0_002-mesh-positions-array" count="364" stride="3">
              <param name="X" type="float"/>
              <param name="Y" type="float"/>
              <param name="Z" type="float"/>
            </accessor>
          </technique_common>
        </source>
        <source id="Wing8_FinalDJI_0_002-mesh-normals">
          <float_array id="Wing8_FinalDJI_0_002-mesh-normals-array" count="1056">-0.1110028 -0.07150352 -0.9912445 -0.1109998 -0.07150101 -0.991245 -0.1110065 -0.07150894 -0.9912437 -0.1110042 -0.07150495 -0.9912443 -0.1110044 -0.07150667 -0.9912441 -0.1110048 -0.07150632 -0.9912441 -0.111002 -0.07150536 -0.9912445 -0.1110065 -0.07150924 -0.9912437 -0.1110039 -0.0715059 -0.9912443 -0.1109988 -0.07149678 -0.9912454 -0.1110004 -0.07150858 -0.9912444 -0.1110054 -0.07150441 -0.9912442 0.111004 0.07150542 0.9912443 0.1110066 0.07150763 0.9912438 0.1110026 0.07150292 0.9912446 0.1110046 0.07150632 0.9912441 0.1110051 0.07151025 0.9912438 0.1110087 0.07150733 0.9912437 0.1110036 0.0715056 0.9912443 0.1110067 0.07150828 0.9912438 0.1110023 0.07150286 0.9912447 0.1110002 0.0714991 0.9912452 0.1110012 0.07150626 0.9912444 0.1110027 0.07150501 0.9912444 -0.1293045 -0.07736378 -0.9885825 -0.1293017 -0.07737129 -0.9885823 -0.12931 -0.07736432 -0.9885817 -0.129305 -0.07736533 -0.9885823 -0.1293033 -0.07736468 -0.9885826 -0.1293041 -0.07736551 -0.9885824 -0.1293063 -0.07737952 -0.988581 -0.1293129 -0.0773617 -0.9885815 -0.1293041 -0.07736915 -0.9885821 -0.1293063 -0.07736879 -0.9885818 -0.1293001 -0.07736647 -0.9885829 -0.1293063 -0.07737392 -0.9885814 0.1293023 0.07735669 0.9885833 0.1292947 0.0773763 0.9885827 0.1293102 0.07736384 0.9885817 0.1293073 0.0773642 0.988582 0.1293012 0.077362 0.988583 0.1293044 0.07736593 0.9885823 0.1293056 0.07737249 0.9885817 0.1293022 0.07738208 0.9885813 0.1293194 0.07736724 0.9885802 0.1293073 0.07736945 0.9885817 0.1293002 0.07736676 0.9885827 0.129305 0.07737231 0.9885818 -0.1293002 -0.0773651 -0.9885829 -0.1292958 -0.07737714 -0.9885826 -0.1293048 -0.07736951 -0.988582 -0.1293059 -0.07736939 -0.9885818 -0.1293001 -0.0773673 -0.9885828 -0.1293038 -0.07737177 -0.9885819 -0.1293029 -0.07736593 -0.9885826 -0.1293036 -0.07736402 -0.9885825 -0.1293026 -0.07736492 -0.9885826 -0.1292911 -0.07736694 -0.9885839 -0.1293128 -0.07737493 -0.9885805 -0.129299 -0.0773583 -0.9885836 0.1293064 0.07735687 0.9885827 0.1292989 0.07737767 0.9885821 0.129306 0.07737183 0.9885816 0.1293055 0.07737189 0.9885817 0.1293057 0.07737207 0.9885817 0.1293068 0.07737314 0.9885814 0.1293051 0.07736277 0.9885825 0.129305 0.07736361 0.9885824 0.129296 0.07737082 0.988583 0.129315 0.07736754 0.9885808 0.12931 0.07736569 0.9885817 0.1293075 0.07736283 0.9885821 0.1190149 0.05984324 0.9910874 0.1191279 0.05981326 0.9910756 0.1191397 0.06030416 0.9910445 0.1193712 0.05986869 0.991043 0.119222 0.06016927 0.9910428 0.1195521 0.06002408 0.9910118 0.1192823 0.06022256 0.9910323 0.1196495 0.06027001 0.9909852 0.1193181 0.06030654 0.9910229 0.1196272 0.06048387 0.9909748 0.1191762 0.06033414 0.9910383 0.1194683 0.06072503 0.9909793 0.119385 0.06077122 0.9909864 0.1191802 0.06046599 0.9910297 0.1191674 0.06082034 0.9910096 0.1190333 0.06082308 0.9910256 0.1188141 0.06071203 0.9910587 0.1190334 0.06045824 0.9910479 0.1186698 0.0605067 0.9910885 0.1191153 0.06033504 0.9910455 0.1187011 0.06060254 0.991079 0.1186398 0.06027376 0.9911063 0.1192075 0.06033325 0.9910346 0.1187285 0.06003129 0.9911105 0.1190006 0.0602225 0.9910662 0.1189016 0.05987334 0.9910992 0.3695925 0.9229 -0.1079672 0.3751009 0.9206217 -0.1084214 0.3751019 0.9206216 -0.1084185 0.3695923 0.9229003 -0.107966 -0.5188652 0.8548487 -0.003568053 -0.5188617 0.8548508 -0.00356549 -0.9325221 0.3523665 0.07899695 -0.9325209 0.3523689 0.07900011 -0.8295187 -0.5426482 0.1320288 -0.8325956 -0.5379167 0.1320244 -0.8325956 -0.5379167 0.1320244 -0.8295189 -0.5426477 0.1320306 -0.8356465 -0.5331624 0.1320334 -0.8356465 -0.5331629 0.1320317 -0.3646844 -0.9248989 0.1075517 -0.3695895 -0.9229022 0.1079599 -0.3698983 -0.9227755 0.1079853 -0.3646843 -0.9248991 0.1075512 -0.3751 -0.9206233 0.1084111 -0.3751 -0.9206233 0.1084114 0.518858 -0.8548531 0.003557682 0.5188565 -0.8548541 0.003559589 0.9325202 -0.3523696 -0.07900506 0.9325214 -0.3523648 -0.07901328 0.8295167 0.5426489 -0.1320388 0.8327756 0.5376341 -0.1320401 0.8325936 0.5379147 -0.1320453 0.8295169 0.5426488 -0.132038 0.8356431 0.5331639 -0.1320491 0.8356434 0.5331637 -0.1320484 0.3646785 0.9248988 -0.1075724 0.3646768 0.9248989 -0.1075771 -0.8304291 0.5570393 0.009736955 -0.8304291 0.5570405 0.009669721 -0.2982302 -0.3466026 -0.8893399 -0.2883235 -0.3324912 -0.8979529 -0.2906984 -0.3363317 -0.8957542 -0.2986833 -0.3395008 -0.8919235 0.241293 0.2580584 0.9355125 0.2444376 0.2643375 0.9329394 0.2446425 0.2612578 0.9337529 0.2420023 0.2598249 0.9348401 -0.2443739 -0.520069 0.818419 -0.235454 -0.5254518 0.8175951 -0.3154236 -0.4745807 0.8217549 -0.3150914 -0.4747789 0.8217679 0.4436058 0.8048226 -0.3943025 0.443606 0.8048226 -0.3943024 0.4626116 0.7932522 -0.395906 0.4626116 0.7932523 -0.3959057 0.2455996 0.2458092 0.937688 0.2456026 0.2458144 0.9376858 -0.03242248 -0.6291714 0.7765902 -0.03242272 -0.6291723 0.7765894 -0.3007305 -0.3031218 -0.9042558 -0.300736 -0.3031378 -0.9042485 -0.290834 0.9094131 -0.2972936 -0.2908496 0.909409 -0.2972907 -0.2908389 0.9094182 -0.297273 -0.290825 0.9094268 -0.2972607 -0.2790227 -0.3250249 -0.9036068 -0.2806378 -0.3243513 -0.9033487 -0.2897205 -0.4915828 0.8212238 -0.2869819 -0.4933643 0.8211169 0.2381653 0.2550059 0.9371496 0.23717 0.255579 0.9372459 0.441409 0.8061308 -0.3940954 0.44139 0.8061317 -0.3941149 -0.2627323 -0.3493794 -0.899392 -0.2618021 -0.34614 -0.9009144 -0.001377642 -0.6420334 0.7666754 0.02037036 -0.6505508 0.7591895 0.2199043 0.268209 0.9379265 0.2184407 0.2696376 0.9378589 0.7369201 0.5495012 -0.393697 0.7369273 0.549492 -0.3936964 -0.2724793 -0.3496774 -0.8963709 -0.2700862 -0.3564535 -0.8944241 0.07599592 -0.6705905 0.7379249 0.07599592 -0.6705906 0.7379248 0.2025888 0.2759789 0.939571 0.1963365 0.2754794 0.9410436 0.7664453 0.5268841 -0.3673622 0.7702875 0.5198608 -0.3693264 -0.2603003 -0.2301216 -0.9377035 -0.2576639 -0.2220434 -0.9403755 -0.3241578 -0.8644602 0.3842267 -0.550899 -0.7856086 0.2816553 -0.5362656 -0.7928755 0.2894266 -0.3241347 -0.8644744 0.3842144 0.1712762 0.1842222 0.9678465 0.1696936 0.1952561 0.9659603 0.6870784 0.6781843 -0.2607479 0.6879311 0.6749033 -0.2669387 -0.1739745 -0.1200256 -0.9774082 -0.1535792 -0.1141161 -0.9815249 -0.6286934 -0.7513216 0.2006502 -0.6286076 -0.7514998 0.2002512 0.1445751 0.1031004 0.9841079 0.1551902 0.1028257 0.9825187 0.632954 0.7508617 -0.1886168 0.6372333 0.746484 -0.1915606 0.8141446 -0.5788407 -0.04595738 0.8141474 -0.5788405 -0.04591017 0.2678235 0.2231349 0.9372734 0.2679624 0.2157543 0.9389603 0.2597283 0.2124023 0.9420332 0.2571518 0.2083998 0.9436326 -0.2064396 -0.1315225 -0.9695796 -0.2072145 -0.1332417 -0.9691795 -0.2099466 -0.1347567 -0.9683817 -0.209864 -0.1379203 -0.9679542 0.2950642 0.6094388 -0.7358815 0.3646829 0.5625098 -0.742017 0.3652674 0.5620915 -0.7420465 0.2862998 0.6149519 -0.7347561 -0.4830445 -0.832417 0.2715696 -0.5017757 -0.8205133 0.2738235 -0.5017755 -0.820513 0.2738244 -0.4830442 -0.8324171 0.2715699 -0.2103017 -0.1189257 -0.9703762 -0.2103052 -0.1189286 -0.9703751 0.08459478 0.7195182 -0.6893021 0.08459466 0.7195181 -0.6893022 0.2684494 0.1780914 0.9466882 0.2684431 0.1780746 0.9466931 0.2517875 -0.9485176 0.1921396 0.2517892 -0.9485147 0.1921512 0.2517809 -0.9485175 0.1921491 0.2517628 -0.9485265 0.1921274 0.2490105 0.1999121 0.9476439 0.2474043 0.2006015 0.947919 0.336988 0.581874 -0.7401769 0.3396728 0.5800343 -0.7403936 -0.2022141 -0.1289329 -0.9708172 -0.2031539 -0.1283523 -0.9706979 -0.4808688 -0.8337783 0.2712541 -0.4808696 -0.8337615 0.2713051 0.2309177 0.22245 0.9472028 0.2320048 0.2258185 0.9461394 0.03167909 0.7402885 -0.6715425 0.05349713 0.7320559 -0.6791409 -0.1838298 -0.143431 -0.9724373 -0.1852097 -0.1420376 -0.97238 -0.7688052 -0.5693814 0.2911074 -0.7687942 -0.5693844 0.2911309 0.2398757 0.2335239 0.9422985 0.2418802 0.2261666 0.9435797 -0.02425789 0.7593529 -0.6502268 -0.02425813 0.7593517 -0.6502282 -0.1617802 -0.1495615 -0.9754273 -0.1681018 -0.1500322 -0.9742854 -0.8002031 -0.5358545 0.2693237 -0.7964768 -0.5427002 0.2666484 0.1864501 0.1453881 0.9716475 0.1890503 0.1469464 0.9709103 0.3649669 0.8942699 -0.2589991 0.3649427 0.8942856 -0.2589792 0.5186117 0.8341249 -0.1878234 0.5195492 0.8336468 -0.1873548 -0.111394 -0.123525 -0.9860695 -0.1107573 -0.1222476 -0.9863004 -0.6697993 -0.7173322 0.1918424 -0.6611239 -0.7264207 0.1876918 -0.6555549 -0.7413368 0.1437626 -0.8061767 -0.5722841 0.1502343 -0.806176 -0.5722851 0.1502337 -0.6555403 -0.7413499 0.1437613 -0.4094867 -0.9038096 0.124293 -0.4094868 -0.9038097 0.1242932 0.09693747 -0.993164 0.06502872 0.09691768 -0.9931645 0.06504875 0.5773598 -0.8164073 -0.01161628 0.5773801 -0.8163926 -0.01164156 0.9031083 -0.4208776 -0.08519011 0.9031052 -0.420886 -0.08518171 0.9868562 0.08740848 -0.135922 0.9868558 0.08741003 -0.1359234 0.8061723 0.5722905 -0.1502336 0.8061729 0.5722897 -0.1502323 0.4094871 0.9038096 -0.1242925 0.6022403 0.7858859 -0.1403211 0.6022307 0.7859011 -0.1402765 0.409486 0.90381 -0.1242933 -0.986856 -0.08741253 0.1359205 -0.9868561 -0.0874114 0.1359209 -0.8061773 -0.5722839 0.1502304 -0.6292781 -0.7640796 0.1420972 -0.629276 -0.764081 0.142099 -0.8061798 -0.5722794 0.1502343 -0.6022493 -0.7858887 0.1402675 -0.6022346 -0.7859 0.1402671 0.6555557 0.7413355 -0.1437652 0.8061743 0.572286 -0.1502398 0.8061765 0.5722835 -0.1502371 0.6555427 0.7413473 -0.1437636 0.4094837 0.9038104 -0.1242982 0.4094866 0.9038094 -0.1242957 -0.09691578 0.9931647 -0.0650478 -0.09692716 0.9931632 -0.06505417 -0.5773828 0.8163911 0.01162028 -0.5773659 0.8164027 0.01163184 -0.9031068 0.4208828 0.08518165 -0.9031065 0.4208834 0.08518207 0.1293068 0.07737129 0.9885815 0.1293067 0.077371 0.9885816 0.1293006 0.07736647 0.9885827 0.1293082 0.07737255 0.9885813 0.1293072 0.07737183 0.9885815 0.1292969 0.07736206 0.9885836 -0.1293062 -0.0773698 -0.9885818 -0.1293039 -0.07736605 -0.9885823 -0.1293026 -0.07736283 -0.9885827 -0.1293068 -0.07737046 -0.9885816 -0.1293082 -0.07737296 -0.9885812 -0.1293031 -0.07736319 -0.9885827 -0.1293016 -0.07736349 -0.9885829 -0.1293057 -0.07736992 -0.9885818 0.1292942 0.07735598 0.9885844 0.1293057 0.07736694 0.988582 0.249114 0.9633374 -0.09961599 -0.2271273 0.9727889 -0.04576957 -0.2280343 0.9725823 -0.04565274 0.2466893 0.9639852 -0.09938305 -0.6512911 0.7586086 0.01824408 -0.6506182 0.7591887 0.01813274 -0.6512796 0.7586185 0.01824456 -0.9257532 0.3700701 0.07764768 -0.9248444 0.3723918 0.07737785 -0.6506338 0.7591758 0.01810723 -0.9875282 -0.1032842 0.1188295 -0.987915 -0.099765 0.1186209 -0.8228461 -0.5526354 0.1323575 -0.8249347 -0.54951 0.1323693 -0.4699743 -0.8751296 0.1152061 -0.4726912 -0.8736419 0.115382 -0.4699413 -0.8751506 0.1151813 -0.009977698 -0.9974022 0.07134091 -0.01175379 -0.9973684 0.07154226 -0.4727044 -0.8736327 0.115397 0.4520426 -0.8919304 0.01084941 0.4520321 -0.8919359 0.01082783 0.4520385 -0.8919324 0.01085853 0.8108492 -0.582895 -0.05250918 0.811844 -0.5814893 -0.05272239 0.45203 -0.891937 0.01083791 0.9845559 -0.1406371 -0.1042641 0.9849622 -0.137558 -0.1045337 0.9331728 0.3340804 -0.1325856 0.9318779 0.3376321 -0.1326962 0.667881 0.7326609 -0.1309313 0.6652641 0.7350613 -0.1307999 0.6679149 0.7326314 -0.1309237 0.6652825 0.7350414 -0.1308183</float_array>
          <technique_common>
            <accessor source="#Wing8_FinalDJI_0_002-mesh-normals-array" count="352" stride="3">
              <param name="X" type="float"/>
              <param name="Y" type="float"/>
              <param name="Z" type="float"/>
            </accessor>
          </technique_common>
        </source>
        <source id="Wing8_FinalDJI_0_002-mesh-map-0">
          <float_array id="Wing8_FinalDJI_0_002-mesh-map-0-array" count="1818">0.6035862 0.11011 0.6089099 0.1220576 0.6246829 0.1270144 0.6060531 0.1057651 0.6035862 0.11011 0.6246829 0.1270144 0.610679 0.1038827 0.6060531 0.1057651 0.6246829 0.1270144 0.6218228 0.110722 0.610679 0.1038827 0.6246829 0.1270144 0.6345508 0.1183417 0.6218228 0.110722 0.6246829 0.1270144 0.6404562 0.1319711 0.6345508 0.1183417 0.6246829 0.1270144 0.6457801 0.1439184 0.6404562 0.1319711 0.6246829 0.1270144 0.6433129 0.1482635 0.6457801 0.1439184 0.6246829 0.1270144 0.6386869 0.1501458 0.6433129 0.1482635 0.6246829 0.1270144 0.627543 0.1433067 0.6386869 0.1501458 0.6246829 0.1270144 0.614815 0.1356869 0.627543 0.1433067 0.6246829 0.1270144 0.6089099 0.1220576 0.614815 0.1356869 0.6246829 0.1270144 0.2537174 0.12295 0.2590413 0.1110023 0.2379442 0.1279068 0.2590413 0.1110023 0.2565743 0.1066574 0.2379442 0.1279068 0.2565743 0.1066574 0.2519482 0.1047749 0.2379442 0.1279068 0.2519482 0.1047749 0.2408043 0.1116144 0.2379442 0.1279068 0.2408043 0.1116144 0.2280762 0.1192343 0.2379442 0.1279068 0.2280762 0.1192343 0.2221707 0.1328635 0.2379442 0.1279068 0.2221707 0.1328635 0.2168471 0.1448112 0.2379442 0.1279068 0.2168471 0.1448112 0.219314 0.149156 0.2379442 0.1279068 0.219314 0.149156 0.22394 0.1510384 0.2379442 0.1279068 0.22394 0.1510384 0.235084 0.1441992 0.2379442 0.1279068 0.235084 0.1441992 0.2478122 0.1365793 0.2379442 0.1279068 0.2478122 0.1365793 0.2537174 0.12295 0.2379442 0.1279068 0.6798798 0.095173 0.6755122 0.09489315 0.6771728 0.103186 0.6835064 0.09759992 0.6798798 0.095173 0.6771728 0.103186 0.6854488 0.1015232 0.6835064 0.09759992 0.6771728 0.103186 0.6851758 0.1058928 0.6854488 0.1015232 0.6771728 0.103186 0.6827586 0.1095367 0.6851758 0.1058928 0.6771728 0.103186 0.6788446 0.1114788 0.6827586 0.1095367 0.6771728 0.103186 0.6744826 0.1111991 0.6788446 0.1114788 0.6771728 0.103186 0.6708392 0.1087725 0.6744826 0.1111991 0.6771728 0.103186 0.6688803 0.1048488 0.6708392 0.1087725 0.6771728 0.103186 0.6691591 0.1004794 0.6688803 0.1048488 0.6771728 0.103186 0.6715874 0.09683585 0.6691591 0.1004794 0.6771728 0.103186 0.6755122 0.09489315 0.6715874 0.09683585 0.6771728 0.103186 0.2228778 0.09789985 0.21851 0.09817957 0.2212169 0.1061931 0.21851 0.09817957 0.2148832 0.1006066 0.2212169 0.1061931 0.2148832 0.1006066 0.2129406 0.1045303 0.2212169 0.1061931 0.2129406 0.1045303 0.2132135 0.1088996 0.2212169 0.1061931 0.2132135 0.1088996 0.2156309 0.1125437 0.2212169 0.1061931 0.2156309 0.1125437 0.2195452 0.1144862 0.2212169 0.1061931 0.2195452 0.1144862 0.2239072 0.1142066 0.2212169 0.1061931 0.2239072 0.1142066 0.2275507 0.1117795 0.2212169 0.1061931 0.2275507 0.1117795 0.2295097 0.1078556 0.2212169 0.1061931 0.2295097 0.1078556 0.2292309 0.1034864 0.2212169 0.1061931 0.2292309 0.1034864 0.2268026 0.0998423 0.2212169 0.1061931 0.2268026 0.0998423 0.2228778 0.09789985 0.2212169 0.1061931 0.6555703 0.06755226 0.6512082 0.06727224 0.6528798 0.07556569 0.6592136 0.06997889 0.6555703 0.06755226 0.6528798 0.07556569 0.6611723 0.07390296 0.6592136 0.06997889 0.6528798 0.07556569 0.6608934 0.07827192 0.6611723 0.07390296 0.6528798 0.07556569 0.6584653 0.08191597 0.6608934 0.07827192 0.6528798 0.07556569 0.6545405 0.08385837 0.6584653 0.08191597 0.6528798 0.07556569 0.6501731 0.08357858 0.6545405 0.08385837 0.6528798 0.07556569 0.6465464 0.08115184 0.6501731 0.08357858 0.6528798 0.07556569 0.644604 0.07722824 0.6465464 0.08115184 0.6528798 0.07556569 0.6448768 0.07285887 0.644604 0.07722824 0.6528798 0.07556569 0.6472942 0.06921494 0.6448768 0.07285887 0.6528798 0.07556569 0.6512082 0.06727224 0.6472942 0.06921494 0.6528798 0.07556569 0.2471824 0.0702781 0.2428205 0.07055765 0.2455107 0.07857143 0.2428205 0.07055765 0.2391769 0.07298469 0.2455107 0.07857143 0.2391769 0.07298469 0.237218 0.07690858 0.2455107 0.07857143 0.237218 0.07690858 0.2374967 0.08127772 0.2455107 0.07857143 0.2374967 0.08127772 0.239925 0.08492207 0.2455107 0.07857143 0.239925 0.08492207 0.2438502 0.08686447 0.2455107 0.07857143 0.2438502 0.08686447 0.2482177 0.0865848 0.2455107 0.07857143 0.2482177 0.0865848 0.2518447 0.08415806 0.2455107 0.07857143 0.2518447 0.08415806 0.2537869 0.08023405 0.2455107 0.07857143 0.2537869 0.08023405 0.2535143 0.07586497 0.2455107 0.07857143 0.2535143 0.07586497 0.2510966 0.07222056 0.2455107 0.07857143 0.2510966 0.07222056 0.2471824 0.0702781 0.2455107 0.07857143 0.3711225 0.04234755 0.3681307 0.04228955 0.3695595 0.04844647 0.3681307 0.04228955 0.3654649 0.04363578 0.3695595 0.04844647 0.3654649 0.04363578 0.3637357 0.04607772 0.3695595 0.04844647 0.3637357 0.04607772 0.3633392 0.04905641 0.3695595 0.04844647 0.3633392 0.04905641 0.3643664 0.051889 0.3695595 0.04844647 0.3643664 0.051889 0.3665818 0.0539267 0.3695595 0.04844647 0.3665818 0.0539267 0.3694781 0.05470275 0.3695595 0.04844647 0.3694781 0.05470275 0.3723915 0.05403953 0.3695595 0.04844647 0.3723915 0.05403953 0.3746548 0.05208855 0.3695595 0.04844647 0.3746548 0.05208855 0.3757495 0.04929745 0.3695595 0.04844647 0.3757495 0.04929745 0.3754246 0.04630494 0.3695595 0.04844647 0.3754246 0.04630494 0.3737548 0.04379701 0.3695595 0.04844647 0.3737548 0.04379701 0.3711225 0.04234755 0.3695595 0.04844647 0.1839952 0.938502 0.1836422 0.954475 0.1880704 0.9544246 0.1839952 0.938502 0.1880704 0.9544246 0.1884866 0.9384515 0.1836422 0.954475 0.1837485 0.9602837 0.188054 0.9602333 0.1836422 0.954475 0.188054 0.9602333 0.1880704 0.9544246 0.1974774 0.9922678 0.1970779 0.9872907 0.1934083 0.9875882 0.1974774 0.9922678 0.1934083 0.9875882 0.1938075 0.9925652 0.006364703 0.9793593 0.006657838 0.9702157 0.004094183 0.9701651 0.006364703 0.9793593 0.004094183 0.9701651 0.003791332 0.9793089 0.006657838 0.9702157 0.006954789 0.9600285 0.003432869 0.959978 0.006657838 0.9702157 0.003432869 0.959978 0.004094183 0.9701651 0.006954789 0.9600285 0.006836533 0.9418069 0.002345383 0.9417564 0.006954789 0.9600285 0.002345383 0.9417564 0.003432869 0.959978 0.006836533 0.9418069 0.006420612 0.9258337 0.001991987 0.9257833 0.006836533 0.9418069 0.001991987 0.9257833 0.002345383 0.9417564 0.006420612 0.9258337 0.00640428 0.9200249 0.002098798 0.9199745 0.006420612 0.9258337 0.002098798 0.9199745 0.001991987 0.9257833 0.3188142 0.9893316 0.3184149 0.9943087 0.3220846 0.9946061 0.3188142 0.9893316 0.3220846 0.9946061 0.3224839 0.989629 0.1854412 0.9009495 0.185744 0.9100932 0.1883074 0.9100427 0.1854412 0.9009495 0.1883074 0.9100427 0.1880142 0.9008991 0.185744 0.9100932 0.1850827 0.9202803 0.1886048 0.9202299 0.185744 0.9100932 0.1886048 0.9202299 0.1883074 0.9100427 0.1850827 0.9202803 0.1839952 0.938502 0.1884866 0.9384515 0.1850827 0.9202803 0.1884866 0.9384515 0.1886048 0.9202299 0.2896314 0.1388103 0.2888936 0.1394467 0.2916214 0.1500736 0.2896314 0.1388103 0.2916214 0.1500736 0.2922132 0.1492842 0.9397059 0.4974207 0.9113621 0.5547006 0.9452998 0.5610796 0.9397059 0.4974207 0.9452998 0.5610796 0.9676239 0.505376 0.4158211 0.9276331 0.4443066 0.9863954 0.4722805 0.9787486 0.4158211 0.9276331 0.4722805 0.9787486 0.450143 0.9217041 0.5903937 0.4081439 0.5897409 0.4081557 0.5909997 0.4489478 0.5903937 0.4081439 0.5909997 0.4489478 0.5916525 0.4488601 0.79657 0.7247074 0.7921754 0.724642 0.7910945 0.7918335 0.79657 0.7247074 0.7910945 0.7918335 0.7954902 0.7919355 0.4443066 0.9863954 0.4767226 0.9980694 0.4868243 0.9938663 0.4443066 0.9863954 0.4868243 0.9938663 0.4722805 0.9787486 0.5903937 0.4081439 0.5894056 0.3942558 0.5887513 0.3940715 0.5903937 0.4081439 0.5887513 0.3940715 0.5897409 0.4081557 0.9676239 0.505376 0.9821736 0.4905179 0.9721791 0.4863227 0.9676239 0.505376 0.9721791 0.4863227 0.9397059 0.4974207 0.2773972 0.1063737 0.2888936 0.1394467 0.2896314 0.1388103 0.2773972 0.1063737 0.2896314 0.1388103 0.2815387 0.1053124 0.9113621 0.5547006 0.8800567 0.6101531 0.9218558 0.6227942 0.9113621 0.5547006 0.9218558 0.6227942 0.9452998 0.5610796 0.5909997 0.4489478 0.5933 0.4938337 0.5939531 0.4937736 0.5909997 0.4489478 0.5939531 0.4937736 0.5916525 0.4488601 0.450143 0.9217041 0.4269927 0.8581007 0.3844076 0.8703505 0.450143 0.9217041 0.3844076 0.8703505 0.4158211 0.9276331 0.79657 0.7247074 0.7977418 0.6577442 0.7933498 0.657675 0.79657 0.7247074 0.7933498 0.657675 0.7921754 0.724642 0.8800567 0.6101531 0.8768983 0.6185997 0.9137029 0.6322849 0.8800567 0.6101531 0.9137029 0.6322849 0.9218558 0.6227942 0.5933 0.4938337 0.5932956 0.5021826 0.5939458 0.5024072 0.5933 0.4938337 0.5939458 0.5024072 0.5939531 0.4937736 0.4269927 0.8581007 0.4187734 0.8483265 0.3812124 0.8616796 0.4269927 0.8581007 0.3812124 0.8616796 0.3844076 0.8703505 0.7977418 0.6577442 0.7985225 0.6485305 0.794125 0.6478715 0.7977418 0.6577442 0.794125 0.6478715 0.7933498 0.657675 0.8768983 0.6185997 0.8766767 0.6402882 0.8978192 0.6436234 0.8768983 0.6185997 0.8978192 0.6436234 0.9137029 0.6322849 0.5932956 0.5021826 0.5926044 0.5161088 0.5933922 0.5163047 0.5932956 0.5021826 0.5933922 0.5163047 0.5939458 0.5024072 0.4187734 0.8483265 0.4026175 0.8362722 0.3811669 0.8392164 0.4187734 0.8483265 0.3811669 0.8392164 0.3812124 0.8616796 0.7985225 0.6485305 0.8020606 0.6255211 0.7976326 0.6247825 0.7985225 0.6485305 0.7976326 0.6247825 0.794125 0.6478715 0.8766767 0.6402882 0.874095 0.6505183 0.8875921 0.6565909 0.8766767 0.6402882 0.8875921 0.6565909 0.8978192 0.6436234 0.5926044 0.5161088 0.5896995 0.5326465 0.5930675 0.5325594 0.5926044 0.5161088 0.5930675 0.5325594 0.5933922 0.5163047 0.4026175 0.8362722 0.3930701 0.8220329 0.3790735 0.828226 0.4026175 0.8362722 0.3790735 0.828226 0.3811669 0.8392164 0.8020606 0.6255211 0.8053757 0.6143026 0.8007982 0.6139817 0.8020606 0.6255211 0.8007982 0.6139817 0.7976326 0.6247825 0.874095 0.6505183 0.8696907 0.6680509 0.8820146 0.6758288 0.874095 0.6505183 0.8820146 0.6758288 0.8875921 0.6565909 0.5896995 0.5326465 0.5879604 0.553659 0.5919333 0.5536511 0.5896995 0.5326465 0.5919333 0.5536511 0.5930675 0.5325594 0.3930701 0.8220329 0.3874843 0.8020706 0.3748756 0.8098319 0.3930701 0.8220329 0.3748756 0.8098319 0.3790735 0.828226 0.8053757 0.6143026 0.8068528 0.5948606 0.8022016 0.5948968 0.8053757 0.6143026 0.8022016 0.5948968 0.8007982 0.6139817 0.8292886 0.9838041 0.828205 0.9943868 0.8288884 0.9950732 0.8292886 0.9838041 0.8288884 0.9950732 0.8300829 0.9843679 0.3164279 0.6270896 0.2881664 0.6352487 0.31077 0.6915457 0.3164279 0.6270896 0.31077 0.6915457 0.345436 0.6852022 0.8405428 0.7948556 0.8053394 0.7889518 0.7827045 0.847272 0.8405428 0.7948556 0.7827045 0.847272 0.8113604 0.8551646 0.8004778 0.430269 0.8017414 0.4779262 0.8025087 0.4779743 0.8004778 0.430269 0.8025087 0.4779743 0.8012446 0.4302481 0.5922931 0.6856423 0.5913477 0.7547385 0.5958654 0.7547877 0.5922931 0.6856423 0.5958654 0.7547877 0.5968103 0.6857144 0.8113604 0.8551646 0.7827045 0.847272 0.7676563 0.8626422 0.8113604 0.8551646 0.7676563 0.8626422 0.7780354 0.867051 0.8004778 0.430269 0.8012446 0.4302481 0.8019613 0.413672 0.8004778 0.430269 0.8019613 0.413672 0.8011951 0.4138685 0.2881664 0.6352487 0.3164279 0.6270896 0.2834768 0.616083 0.2881664 0.6352487 0.2834768 0.616083 0.2734907 0.6203563 0.8389911 0.9504653 0.8347744 0.9497261 0.8292886 0.9838041 0.8389911 0.9504653 0.8292886 0.9838041 0.8300829 0.9843679 0.345436 0.6852022 0.31077 0.6915457 0.3338469 0.7549706 0.345436 0.6852022 0.3338469 0.7549706 0.3770077 0.7427753 0.8025087 0.4779743 0.8017414 0.4779262 0.8023912 0.5304487 0.8025087 0.4779743 0.8023912 0.5304487 0.8031588 0.5304716 0.8053394 0.7889518 0.8405428 0.7948556 0.8721507 0.7356362 0.8053394 0.7889518 0.8721507 0.7356362 0.8283061 0.7237268 0.5922931 0.6856423 0.5968103 0.6857144 0.5978538 0.6168751 0.5922931 0.6856423 0.5978538 0.6168751 0.5933362 0.6168054 0.3770077 0.7427753 0.3338469 0.7549706 0.3419247 0.7648377 0.3770077 0.7427753 0.3419247 0.7648377 0.380093 0.7516074 0.8031588 0.5304716 0.8023912 0.5304487 0.8025518 0.5405938 0.8031588 0.5304716 0.8025518 0.5405938 0.8033156 0.540362 0.8283061 0.7237268 0.8721507 0.7356362 0.8752492 0.7266507 0.8283061 0.7237268 0.8752492 0.7266507 0.8365631 0.7136129 0.5933362 0.6168054 0.5978538 0.6168751 0.5976425 0.6069043 0.5933362 0.6168054 0.5976425 0.6069043 0.5931251 0.6072171 0.380093 0.7516074 0.3419247 0.7648377 0.3577624 0.7769572 0.380093 0.7516074 0.3577624 0.7769572 0.3797196 0.7742308 0.8033156 0.540362 0.8025518 0.5405938 0.8026998 0.5567405 0.8033156 0.540362 0.8026998 0.5567405 0.803571 0.5565357 0.8365631 0.7136129 0.8752492 0.7266507 0.8746531 0.7035592 0.8365631 0.7136129 0.8746531 0.7035592 0.8528349 0.701107 0.5931251 0.6072171 0.5976425 0.6069043 0.5958551 0.5831983 0.5931251 0.6072171 0.5958551 0.5831983 0.5913223 0.5835608 0.3797196 0.7742308 0.3577624 0.7769572 0.3678751 0.7908388 0.3797196 0.7742308 0.3678751 0.7908388 0.3819869 0.7849237 0.803571 0.5565357 0.8026998 0.5567405 0.8038516 0.5738909 0.803571 0.5565357 0.8038516 0.5738909 0.8073449 0.5738418 0.8528349 0.701107 0.8746531 0.7035592 0.8763189 0.6924684 0.8528349 0.701107 0.8763189 0.6924684 0.8622612 0.6865286 0.5913223 0.5835608 0.5958551 0.5831983 0.5935443 0.5720508 0.5913223 0.5835608 0.5935443 0.5720508 0.5889514 0.5720547 0.3819869 0.7849237 0.3678751 0.7908388 0.3748756 0.8098319 0.3819869 0.7849237 0.3748756 0.8098319 0.3874843 0.8020706 0.8073449 0.5738418 0.8038516 0.5738909 0.8022016 0.5948968 0.8073449 0.5738418 0.8022016 0.5948968 0.8068528 0.5948606 0.8622612 0.6865286 0.8763189 0.6924684 0.8820146 0.6758288 0.8622612 0.6865286 0.8820146 0.6758288 0.8696907 0.6680509 0.5889514 0.5720547 0.5935443 0.5720508 0.5919333 0.5536511 0.5889514 0.5720547 0.5919333 0.5536511 0.5879604 0.553659 0.9715571 0.1243233 0.9718527 0.1211847 0.966157 0.1209695 0.9715571 0.1243233 0.966157 0.1209695 0.9661237 0.1241082 0.9718527 0.1211847 0.9725063 0.1161098 0.9658547 0.1158947 0.9718527 0.1211847 0.9658547 0.1158947 0.966157 0.1209695 0.9725063 0.1161098 0.9726648 0.110459 0.9659817 0.110244 0.9725063 0.1161098 0.9659817 0.110244 0.9658547 0.1158947 0.9726648 0.110459 0.9726893 0.1057462 0.9662756 0.1055311 0.9726648 0.110459 0.9662756 0.1055311 0.9659817 0.110244 0.6455462 0.9853798 0.6450806 0.9894944 0.6508235 0.9899811 0.6455462 0.9853798 0.6508235 0.9899811 0.651091 0.9858664 0.6450806 0.9894944 0.644604 0.9940824 0.6505466 0.994569 0.6450806 0.9894944 0.6505466 0.994569 0.6508235 0.9899811 0.2658863 0.1044036 0.2657223 0.1075421 0.2710236 0.107327 0.2658863 0.1044036 0.2710236 0.107327 0.2705627 0.1041885 0.2657223 0.1075421 0.2656778 0.1126164 0.2713664 0.1124016 0.2657223 0.1075421 0.2713664 0.1124016 0.2710236 0.107327 0.1371244 0.9891264 0.1368475 0.9845386 0.130905 0.985025 0.1371244 0.9891264 0.130905 0.985025 0.1313815 0.9896129 0.9698097 0.1600461 0.9702715 0.1569073 0.9649693 0.1566922 0.9698097 0.1600461 0.9649693 0.1566922 0.9651333 0.159831 0.9702715 0.1569073 0.9706119 0.1518326 0.964928 0.1516175 0.9702715 0.1569073 0.964928 0.1516175 0.9649693 0.1566922 0.2668786 0.140124 0.2669094 0.1432626 0.2726052 0.1430475 0.2668786 0.140124 0.2726052 0.1430475 0.2723073 0.139909 0.2669094 0.1432626 0.2666078 0.148337 0.2732592 0.1481219 0.2669094 0.1432626 0.2732592 0.1481219 0.2726052 0.1430475 0.2666078 0.148337 0.2667344 0.1539875 0.2734167 0.1537722 0.2666078 0.148337 0.2734167 0.1537722 0.2732592 0.1481219 0.2667344 0.1539875 0.2670281 0.1587001 0.273441 0.1584849 0.2667344 0.1539875 0.273441 0.1584849 0.2734167 0.1537722 0.1373919 0.9932411 0.1371244 0.9891264 0.1313815 0.9896129 0.1373919 0.9932411 0.1313815 0.9896129 0.1318472 0.9937276 0.2228778 0.09789985 0.2268026 0.0998423 0.239925 0.08492207 0.2228778 0.09789985 0.239925 0.08492207 0.2374967 0.08127772 0.2268026 0.0998423 0.2292309 0.1034864 0.2438502 0.08686447 0.2268026 0.0998423 0.2438502 0.08686447 0.239925 0.08492207 0.2292309 0.1034864 0.2295097 0.1078556 0.2482177 0.0865848 0.2292309 0.1034864 0.2482177 0.0865848 0.2438502 0.08686447 0.2713664 0.1124016 0.2656778 0.1126164 0.2668786 0.140124 0.2713664 0.1124016 0.2668786 0.140124 0.2723073 0.139909 0.6688803 0.1048488 0.6691591 0.1004794 0.6545405 0.08385837 0.6688803 0.1048488 0.6545405 0.08385837 0.6501731 0.08357858 0.6691591 0.1004794 0.6715874 0.09683585 0.6584653 0.08191597 0.6691591 0.1004794 0.6584653 0.08191597 0.6545405 0.08385837 0.6715874 0.09683585 0.6755122 0.09489315 0.6608934 0.07827192 0.6715874 0.09683585 0.6608934 0.07827192 0.6584653 0.08191597 0.6755122 0.09489315 0.6798798 0.095173 0.6611723 0.07390296 0.6755122 0.09489315 0.6611723 0.07390296 0.6608934 0.07827192 0.9715571 0.1243233 0.9661237 0.1241082 0.964928 0.1516175 0.9715571 0.1243233 0.964928 0.1516175 0.9706119 0.1518326 0.21851 0.09817957 0.2228778 0.09789985 0.2374967 0.08127772 0.21851 0.09817957 0.2374967 0.08127772 0.237218 0.07690858 0.2352575 0.9966387 0.2382639 0.9962844 0.2364346 0.9803315 0.2352575 0.9966387 0.2364346 0.9803315 0.2334939 0.9806873 0.2382639 0.9962844 0.2412367 0.9958841 0.2393841 0.9799296 0.2382639 0.9962844 0.2393841 0.9799296 0.2364346 0.9803315 0.07752013 0.05531191 0.08046597 0.05495613 0.0792495 0.03895032 0.07752013 0.05531191 0.0792495 0.03895032 0.07621467 0.03930765 0.08046597 0.05495613 0.08335757 0.05472785 0.08234024 0.0387209 0.08046597 0.05495613 0.08234024 0.0387209 0.0792495 0.03895032 0.08335757 0.05472785 0.08624541 0.05467891 0.08543193 0.03867197 0.08335757 0.05472785 0.08543193 0.03867197 0.08234024 0.0387209 0.08624541 0.05467891 0.08918714 0.05482089 0.08846551 0.03881448 0.08624541 0.05467891 0.08846551 0.03881448 0.08543193 0.03867197 0.5176442 0.05459386 0.5206151 0.05489301 0.522432 0.03894209 0.5176442 0.05459386 0.522432 0.03894209 0.5194352 0.03864145 0.5206151 0.05489301 0.5235543 0.05528157 0.525406 0.03933221 0.5206151 0.05489301 0.525406 0.03933221 0.522432 0.03894209 0.9532089 0.9954949 0.9562193 0.9958849 0.9575367 0.9798813 0.9532089 0.9954949 0.9575367 0.9798813 0.9545753 0.9794896 0.9562193 0.9958849 0.9592761 0.9961858 0.9604518 0.9801836 0.9562193 0.9958849 0.9604518 0.9801836 0.9575367 0.9798813 0.9592761 0.9961858 0.9623419 0.9963287 0.9633588 0.9803268 0.9592761 0.9961858 0.9633588 0.9803268 0.9604518 0.9801836 0.9623419 0.9963287 0.9653664 0.9962805 0.9663082 0.9802787 0.9623419 0.9963287 0.9663082 0.9802787 0.9633588 0.9803268 0.2322596 0.9968658 0.2352575 0.9966387 0.2334939 0.9806873 0.2322596 0.9968658 0.2334939 0.9806873 0.2305197 0.9809154</float_array>
          <technique_common>
            <accessor source="#Wing8_FinalDJI_0_002-mesh-map-0-array" count="909" stride="2">
              <param name="S" type="float"/>
              <param name="T" type="float"/>
            </accessor>
          </technique_common>
        </source>
        <vertices id="Wing8_FinalDJI_0_002-mesh-vertices">
          <input semantic="POSITION" source="#Wing8_FinalDJI_0_002-mesh-positions"/>
        </vertices>
        <triangles material="FinalDJI-material" count="303">
          <input semantic="VERTEX" source="#Wing8_FinalDJI_0_002-mesh-vertices" offset="0"/>
          <input semantic="NORMAL" source="#Wing8_FinalDJI_0_002-mesh-normals" offset="1"/>
          <input semantic="TEXCOORD" source="#Wing8_FinalDJI_0_002-mesh-map-0" offset="2" set="0"/>
          <p>0 0 0 1 0 1 2 0 2 3 1 3 0 1 4 2 1 5 4 2 6 3 2 7 2 2 8 5 3 9 4 3 10 2 3 11 6 4 12 5 4 13 2 4 14 7 5 15 6 5 16 2 5 17 8 6 18 7 6 19 2 6 20 9 7 21 8 7 22 2 7 23 10 8 24 9 8 25 2 8 26 11 9 27 10 9 28 2 9 29 12 10 30 11 10 31 2 10 32 1 11 33 12 11 34 2 11 35 13 12 36 14 12 37 15 12 38 14 13 39 16 13 40 15 13 41 16 14 42 17 14 43 15 14 44 17 15 45 18 15 46 15 15 47 18 16 48 19 16 49 15 16 50 19 17 51 20 17 52 15 17 53 20 18 54 21 18 55 15 18 56 21 19 57 22 19 58 15 19 59 22 20 60 23 20 61 15 20 62 23 21 63 24 21 64 15 21 65 24 22 66 25 22 67 15 22 68 25 23 69 13 23 70 15 23 71 26 24 72 27 24 73 28 24 74 29 25 75 26 25 76 28 25 77 30 26 78 29 26 79 28 26 80 31 27 81 30 27 82 28 27 83 32 28 84 31 28 85 28 28 86 33 29 87 32 29 88 28 29 89 34 30 90 33 30 91 28 30 92 35 31 93 34 31 94 28 31 95 36 32 96 35 32 97 28 32 98 37 33 99 36 33 100 28 33 101 38 34 102 37 34 103 28 34 104 27 35 105 38 35 106 28 35 107 39 36 108 40 36 109 41 36 110 40 37 111 42 37 112 41 37 113 42 38 114 43 38 115 41 38 116 43 39 117 44 39 118 41 39 119 44 40 120 45 40 121 41 40 122 45 41 123 46 41 124 41 41 125 46 42 126 47 42 127 41 42 128 47 43 129 48 43 130 41 43 131 48 44 132 49 44 133 41 44 134 49 45 135 50 45 136 41 45 137 50 46 138 51 46 139 41 46 140 51 47 141 39 47 142 41 47 143 52 48 144 53 48 145 54 48 146 55 49 147 52 49 148 54 49 149 56 50 150 55 50 151 54 50 152 57 51 153 56 51 154 54 51 155 58 52 156 57 52 157 54 52 158 59 53 159 58 53 160 54 53 161 60 54 162 59 54 163 54 54 164 61 55 165 60 55 166 54 55 167 62 56 168 61 56 169 54 56 170 63 57 171 62 57 172 54 57 173 64 58 174 63 58 175 54 58 176 53 59 177 64 59 178 54 59 179 65 60 180 66 60 181 67 60 182 66 61 183 68 61 184 67 61 185 68 62 186 69 62 187 67 62 188 69 63 189 70 63 190 67 63 191 70 64 192 71 64 193 67 64 194 71 65 195 72 65 196 67 65 197 72 66 198 73 66 199 67 66 200 73 67 201 74 67 202 67 67 203 74 68 204 75 68 205 67 68 206 75 69 207 76 69 208 67 69 209 76 70 210 77 70 211 67 70 212 77 71 213 65 71 214 67 71 215 78 72 216 79 73 217 80 74 218 79 75 219 81 75 220 80 76 221 81 77 222 82 77 223 80 78 224 82 79 225 83 79 226 80 80 227 83 81 228 84 81 229 80 82 230 84 83 231 85 84 232 80 85 233 85 84 234 86 86 235 80 85 236 86 86 237 87 87 238 80 85 239 87 88 240 88 88 241 80 89 242 88 90 243 89 90 244 80 91 245 89 92 246 90 93 247 80 94 248 90 95 249 91 95 250 80 96 251 91 97 252 78 72 253 80 74 254 92 98 255 93 99 256 94 100 257 92 98 258 94 100 259 95 101 260 96 102 261 97 102 262 98 102 263 96 103 264 98 103 265 99 103 266 100 104 267 101 104 268 102 104 269 100 105 270 102 105 271 103 105 272 104 106 273 105 107 274 106 108 275 104 106 276 106 108 277 107 109 278 105 107 279 108 110 280 109 111 281 105 107 282 109 111 283 106 108 284 110 112 285 111 113 286 112 114 287 110 112 288 112 114 289 113 115 290 111 113 291 114 116 292 115 117 293 111 113 294 115 117 295 112 114 296 116 118 297 117 118 298 118 118 299 116 119 300 118 119 301 119 119 302 120 120 303 121 120 304 122 120 305 120 121 306 122 121 307 123 121 308 124 122 309 125 123 310 126 124 311 124 122 312 126 124 313 127 125 314 125 123 315 128 126 316 129 127 317 125 123 318 129 127 319 126 124 320 130 128 321 92 98 322 95 101 323 130 128 324 95 101 325 131 129 326 132 130 327 133 130 328 134 130 329 132 131 330 134 131 331 135 131 332 136 132 333 137 133 334 138 134 335 136 132 336 138 134 337 139 135 338 140 136 339 141 137 340 142 138 341 140 136 342 142 138 343 143 139 344 144 140 345 145 141 346 146 142 347 144 140 348 146 142 349 147 143 350 148 144 351 149 145 352 150 146 353 148 144 354 150 146 355 151 147 356 141 137 357 152 148 358 153 149 359 141 137 360 153 149 361 142 138 362 144 140 363 154 150 364 155 151 365 144 140 366 155 151 367 145 141 368 139 135 369 156 152 370 157 153 371 139 135 372 157 153 373 136 132 374 158 154 375 159 155 376 160 156 377 158 154 378 160 156 379 161 157 380 137 133 381 162 158 382 163 159 383 137 133 384 163 159 385 138 134 386 146 142 387 164 160 388 165 161 389 146 142 390 165 161 391 147 143 392 143 139 393 166 162 394 167 163 395 143 139 396 167 163 397 140 136 398 148 144 399 168 164 400 169 165 401 148 144 402 169 165 403 149 145 404 162 158 405 170 166 406 171 167 407 162 158 408 171 167 409 163 159 410 164 160 411 172 168 412 173 169 413 164 160 414 173 169 415 165 161 416 166 162 417 174 170 418 175 171 419 166 162 420 175 171 421 167 163 422 168 164 423 176 172 424 177 173 425 168 164 426 177 173 427 169 165 428 170 166 429 178 174 430 179 175 431 170 166 432 179 175 433 171 167 434 172 168 435 180 176 436 181 177 437 172 168 438 181 177 439 173 169 440 174 170 441 182 178 442 183 179 443 174 170 444 183 179 445 175 171 446 176 172 447 184 180 448 185 181 449 176 172 450 185 181 451 177 173 452 178 174 453 186 182 454 187 183 455 178 174 456 187 183 457 179 175 458 188 184 459 189 185 460 190 186 461 188 184 462 190 186 463 191 187 464 182 178 465 192 188 466 193 189 467 182 178 468 193 189 469 183 179 470 184 180 471 194 190 472 195 191 473 184 180 474 195 191 475 185 181 476 186 182 477 196 192 478 197 193 479 186 182 480 197 193 481 187 183 482 189 185 483 198 194 484 199 195 485 189 185 486 199 195 487 190 186 488 192 188 489 200 196 490 201 197 491 192 188 492 201 197 493 193 189 494 194 190 495 202 198 496 203 199 497 194 190 498 203 199 499 195 191 500 204 200 501 205 200 502 206 200 503 204 201 504 206 201 505 207 201 506 208 202 507 209 203 508 210 204 509 208 202 510 210 204 511 211 205 512 212 206 513 213 207 514 214 208 515 212 206 516 214 208 517 215 209 518 216 210 519 217 211 520 218 212 521 216 210 522 218 212 523 219 213 524 220 214 525 221 215 526 222 216 527 220 214 528 222 216 529 223 217 530 215 209 531 214 208 532 224 218 533 215 209 534 224 218 535 225 219 536 216 210 537 219 213 538 226 220 539 216 210 540 226 220 541 227 221 542 209 203 543 208 202 544 228 222 545 209 203 546 228 222 547 229 223 548 230 224 549 231 225 550 232 226 551 230 224 552 232 226 553 233 227 554 211 205 555 210 204 556 234 228 557 211 205 558 234 228 559 235 229 560 218 212 561 217 211 562 236 230 563 218 212 564 236 230 565 237 231 566 213 207 567 212 206 568 238 232 569 213 207 570 238 232 571 239 233 572 220 214 573 223 217 574 240 234 575 220 214 576 240 234 577 241 235 578 235 229 579 234 228 580 242 236 581 235 229 582 242 236 583 243 237 584 237 231 585 236 230 586 244 238 587 237 231 588 244 238 589 245 239 590 239 233 591 238 232 592 246 240 593 239 233 594 246 240 595 247 241 596 241 235 597 240 234 598 248 242 599 241 235 600 248 242 601 249 243 602 243 237 603 242 236 604 250 244 605 243 237 606 250 244 607 251 245 608 245 239 609 244 238 610 252 246 611 245 239 612 252 246 613 253 247 614 247 241 615 246 240 616 254 248 617 247 241 618 254 248 619 255 249 620 249 243 621 248 242 622 256 250 623 249 243 624 256 250 625 257 251 626 251 245 627 250 244 628 258 252 629 251 245 630 258 252 631 259 253 632 260 254 633 261 255 634 262 256 635 260 254 636 262 256 637 263 257 638 255 249 639 254 248 640 264 258 641 255 249 642 264 258 643 265 259 644 257 251 645 256 250 646 266 260 647 257 251 648 266 260 649 267 261 650 259 253 651 258 252 652 201 197 653 259 253 654 201 197 655 200 196 656 263 257 657 262 256 658 203 199 659 263 257 660 203 199 661 202 198 662 265 259 663 264 258 664 197 193 665 265 259 666 197 193 667 196 192 668 267 261 669 266 260 670 199 195 671 267 261 672 199 195 673 198 194 674 268 262 675 269 263 676 270 264 677 268 262 678 270 264 679 271 265 680 272 266 681 273 266 682 274 266 683 272 267 684 274 267 685 275 267 686 276 268 687 277 268 688 278 268 689 276 269 690 278 269 691 279 269 692 280 270 693 281 270 694 282 270 695 280 271 696 282 271 697 283 271 698 284 272 699 285 272 700 286 272 701 284 273 702 286 273 703 287 273 704 288 274 705 289 274 706 290 274 707 288 275 708 290 275 709 291 275 710 292 276 711 293 276 712 294 276 713 292 277 714 294 277 715 295 277 716 296 278 717 297 279 718 298 280 719 296 278 720 298 280 721 299 281 722 300 282 723 301 282 724 302 282 725 300 283 726 302 283 727 303 283 728 304 284 729 305 285 730 306 286 731 304 284 732 306 286 733 307 287 734 305 285 735 308 288 736 309 289 737 305 285 738 309 289 739 306 286 740 310 290 741 311 291 742 312 292 743 310 290 744 312 292 745 313 293 746 314 294 747 315 294 748 316 294 749 314 295 750 316 295 751 317 295 752 318 296 753 319 296 754 320 296 755 318 297 756 320 297 757 321 297 758 322 298 759 323 298 760 324 298 761 322 299 762 324 299 763 325 299 764 326 300 765 327 300 766 328 300 767 326 301 768 328 301 769 329 301 770 39 302 771 51 302 772 71 302 773 39 303 774 71 303 775 70 303 776 51 304 777 50 304 778 72 304 779 51 305 780 72 305 781 71 305 782 50 306 783 49 306 784 73 306 785 50 307 786 73 307 787 72 307 788 298 280 789 297 279 790 310 290 791 298 280 792 310 290 793 313 293 794 36 308 795 37 308 796 59 308 797 36 309 798 59 309 799 60 309 800 37 310 801 38 310 802 58 310 803 37 311 804 58 311 805 59 311 806 38 312 807 27 312 808 57 312 809 38 313 810 57 313 811 58 313 812 27 314 813 26 314 814 56 314 815 27 315 816 56 315 817 57 315 818 268 262 819 271 265 820 309 289 821 268 262 822 309 289 823 308 288 824 40 316 825 39 316 826 70 316 827 40 317 828 70 317 829 69 317 830 330 318 831 331 319 832 332 320 833 330 318 834 332 320 835 333 321 836 331 319 837 334 322 838 335 323 839 331 319 840 335 323 841 332 320 842 336 324 843 337 325 844 338 326 845 336 324 846 338 326 847 339 327 848 337 325 849 340 328 850 341 329 851 337 325 852 341 329 853 338 326 854 340 328 855 342 330 856 343 331 857 340 328 858 343 331 859 341 329 860 342 330 861 344 332 862 345 333 863 342 330 864 345 333 865 343 331 866 346 334 867 347 335 868 348 336 869 346 334 870 348 336 871 349 337 872 347 335 873 350 338 874 351 339 875 347 335 876 351 339 877 348 336 878 352 340 879 353 341 880 354 342 881 352 340 882 354 342 883 355 343 884 353 341 885 356 344 886 357 345 887 353 341 888 357 345 889 354 342 890 356 344 891 358 346 892 359 347 893 356 344 894 359 347 895 357 345 896 358 346 897 360 348 898 361 349 899 358 346 900 361 349 901 359 347 902 362 350 903 330 318 904 333 321 905 362 350 906 333 321 907 363 351 908</p>
        </triangles>
      </mesh>
    </geometry>
    <geometry id="Wing8_FinalDJI_0_001-mesh" name="Wing8_FinalDJI_0.001">
      <mesh>
        <source id="Wing8_FinalDJI_0_001-mesh-positions">
          <float_array id="Wing8_FinalDJI_0_001-mesh-positions-array" count="1080">0.05741047 0.01904666 0.07059252 0.04632425 0.03741449 0.07142782 0.01451349 0.005542576 0.07289671 0.02798247 0.04851287 0.0726031 0.006587028 0.04979938 0.07384943 -0.01296114 0.04097908 0.07488095 -0.02618312 0.0240727 0.0754615 -0.03005003 0.002953469 0.07545816 -0.02367615 -0.01754069 0.07487154 -0.008521795 -0.03271472 0.07383608 0.01194167 -0.03909254 0.07258903 0.03302597 -0.03521287 0.07141613 0.04990124 -0.0219646 0.07058596 0.05870151 -0.002382755 0.07028865 0.1506693 0.1218572 -0.04820585 0.1125009 0.03638488 -0.04621958 -1.36137e-4 9.2417e-4 -0.0381304 0.1331119 0.15294 -0.04656875 0.1001136 0.1664072 -0.04395377 0.02047467 0.1174793 -0.03847956 -0.07054316 0.06296736 -0.0322088 -0.1127734 -0.03453654 -0.03004121 -0.1509417 -0.1200088 -0.02805495 -0.1333843 -0.1510917 -0.02969205 -0.1003861 -0.164559 -0.03230702 -0.02074718 -0.115631 -0.03778123 0.07027077 -0.06111907 -0.04405212 0.1144728 0.03611487 -0.01994562 0.1526412 0.1215872 -0.02193188 0.001835584 6.54161e-4 -0.01185643 0.1350839 0.15267 -0.02029478 0.1020855 0.1661373 -0.01767981 0.02244663 0.1172093 -0.0122056 -0.0685712 0.06269741 -0.005934715 -0.1108015 -0.03480654 -0.003767251 -0.1489698 -0.1202788 -0.001780986 -0.1314125 -0.1513617 -0.003418087 -0.0984143 -0.1648289 -0.006033062 -0.01877522 -0.1159009 -0.01150727 0.07224249 -0.06138902 -0.01777803 -0.1057137 -0.0388385 0.02914237 -0.07454919 -0.03683817 0.02669143 -0.08654439 -0.09614729 0.02593851 -0.1317417 -0.05619466 0.03073489 -0.1456593 -0.08425611 0.03104221 -0.143737 -0.1155037 0.02998208 -0.1264901 -0.1415649 0.02783846 -0.09853959 -0.1554564 0.0251857 -0.06737506 -0.1534561 0.02273464 -0.04134702 -0.1360999 0.02114212 -0.02742934 -0.1080384 0.0208348 -0.02935171 -0.0767908 0.02189493 -0.04659867 -0.05072969 0.02403867 -0.07124447 -0.03802758 0.06774008 -0.102409 -0.04002791 0.07019102 -0.08323967 -0.0973367 0.06698715 -0.128437 -0.05738407 0.07178366 -0.1423546 -0.08544558 0.07209098 -0.1404323 -0.1166932 0.07103073 -0.1231853 -0.1427543 0.06888711 -0.09523487 -0.1566458 0.06623435 -0.06407034 -0.1546455 0.0637834 -0.0380423 -0.1372893 0.06219077 -0.02412462 -0.1092278 0.06188344 -0.02604699 -0.07798022 0.06294369 -0.04329395 -0.0519191 0.06508731 0.06802368 0.1586983 0.02087914 0.09918832 0.1606987 0.01842808 0.08719301 0.1013895 0.01767528 0.04199552 0.1413422 0.02247166 0.02807807 0.1132807 0.02277898 0.03000044 0.08203309 0.02171885 0.0472474 0.05597192 0.01957511 0.07519793 0.04208046 0.01692247 0.1063623 0.04408079 0.01447141 0.1323904 0.06143695 0.01287889 0.1463079 0.0894984 0.01257157 0.1443858 0.120746 0.0136317 0.1271388 0.1468071 0.01577544 0.102493 0.1595092 0.05947685 0.0713284 0.1575089 0.06192779 0.09049773 0.1002001 0.05872392 0.04530024 0.1401527 0.06352031 0.03138279 0.1120913 0.06382775 0.03330516 0.08084368 0.0627675 0.05055212 0.05478256 0.06062388 0.07850241 0.04089105 0.05797111 0.109667 0.04289132 0.05552005 0.1356952 0.06024748 0.05392754 0.1496126 0.08830899 0.05362021 0.1476905 0.1195566 0.05468046 0.1304433 0.1456177 0.05682408 0.04989433 0.01898849 -0.04398608 0.03885507 0.03727835 -0.04315435 0.04632425 0.03741449 0.07142782 0.05741047 0.01904666 0.07059252 0.02059125 0.04832959 -0.04198396 0.02798247 0.04851287 0.0726031 -7.13348e-4 0.04961061 -0.04074299 0.006587028 0.04979938 0.07384943 -0.02017855 0.04082781 -0.03971588 -0.01296114 0.04097908 0.07488095 -0.03334403 0.02399319 -0.03913772 -0.02618312 0.0240727 0.0754615 -0.03719472 0.002963662 -0.03914105 -0.03005003 0.002953469 0.07545816 -0.03084802 -0.01744347 -0.03972518 -0.02367615 -0.01754069 0.07487154 -0.01575803 -0.03255307 -0.04075622 -0.008521795 -0.03271472 0.07383608 0.004618644 -0.03890377 -0.04199802 0.01194167 -0.03909254 0.07258903 0.0256133 -0.03504061 -0.04316592 0.03302597 -0.03521287 0.07141613 0.04241704 -0.02184861 -0.04399263 0.04990124 -0.0219646 0.07058596 0.05117988 -0.002349913 -0.04428863 0.05870151 -0.002382755 0.07028865 0.04989433 0.01898849 -0.04398608 0.05741047 0.01904666 0.07059252 0.1125009 0.03638488 -0.04621958 0.1506693 0.1218572 -0.04820585 0.1526412 0.1215872 -0.02193188 0.1144728 0.03611487 -0.01994562 0.1506693 0.1218572 -0.04820585 0.1331119 0.15294 -0.04656875 0.1350839 0.15267 -0.02029478 0.1526412 0.1215872 -0.02193188 0.1331119 0.15294 -0.04656875 0.1001136 0.1664072 -0.04395377 0.1020855 0.1661373 -0.01767981 0.1350839 0.15267 -0.02029478 0.1001136 0.1664072 -0.04395377 0.02047467 0.1174793 -0.03847956 0.02244663 0.1172093 -0.0122056 0.1020855 0.1661373 -0.01767981 -0.07054316 0.06296736 -0.0322088 -0.0685712 0.06269741 -0.005934715 -0.07054316 0.06296736 -0.0322088 -0.1127734 -0.03453654 -0.03004121 -0.1108015 -0.03480654 -0.003767251 -0.0685712 0.06269741 -0.005934715 -0.1509417 -0.1200088 -0.02805495 -0.1489698 -0.1202788 -0.001780986 -0.1509417 -0.1200088 -0.02805495 -0.1333843 -0.1510917 -0.02969205 -0.1314125 -0.1513617 -0.003418087 -0.1489698 -0.1202788 -0.001780986 -0.1333843 -0.1510917 -0.02969205 -0.1003861 -0.164559 -0.03230702 -0.0984143 -0.1648289 -0.006033062 -0.1314125 -0.1513617 -0.003418087 -0.1003861 -0.164559 -0.03230702 -0.02074718 -0.115631 -0.03778123 -0.01877522 -0.1159009 -0.01150727 -0.0984143 -0.1648289 -0.006033062 0.07027077 -0.06111907 -0.04405212 0.07224249 -0.06138902 -0.01777803 0.07027077 -0.06111907 -0.04405212 0.07224249 -0.06138902 -0.01777803 0.8321259 1.279368 -0.006074309 0.82738 1.282331 -0.01040315 0.7657223 1.327953 0.007740378 0.7704682 1.32499 0.0120691 0.8624768 1.045777 -0.08853697 0.6041176 0.653046 -0.0783087 0.4563689 0.8358846 0.0167663 0.7258232 1.183049 -3.58582e-4 0.6134288 0.6476709 -0.04950189 0.8717878 1.040402 -0.05973029 0.7305689 1.180086 0.003970026 0.4611144 0.8329219 0.02109527 0.7305689 1.180086 0.003970026 0.7258232 1.183049 -3.58582e-4 0.4563689 0.8358846 0.0167663 0.4611144 0.8329219 0.02109527 0.6134288 0.6476709 -0.04950189 0.6041176 0.653046 -0.0783087 0.8624768 1.045777 -0.08853697 0.8717878 1.040402 -0.05973029 0.8321259 1.279368 -0.006074309 0.7704682 1.32499 0.0120691 0.7704682 1.32499 0.0120691 0.7657223 1.327953 0.007740378 0.7657223 1.327953 0.007740378 0.82738 1.282331 -0.01040315 0.8624768 1.045777 -0.08853697 0.82738 1.282331 -0.01040315 0.8321259 1.279368 -0.006074309 0.8717878 1.040402 -0.05973029 0.3631919 0.2511798 -0.0754199 0.1504938 0.4622665 0.03853452 0.1504938 0.4622665 0.03853452 0.1552395 0.4593037 0.04286324 0.1552395 0.4593037 0.04286324 0.3725035 0.2458046 -0.04661309 0.3725035 0.2458046 -0.04661309 0.3631919 0.2511798 -0.0754199 0.3209298 0.199911 -0.07132589 0.1194322 0.3766448 0.03532159 0.1194322 0.3766448 0.03532159 0.1241779 0.3736821 0.03965044 0.1241779 0.3736821 0.03965044 0.3302415 0.194536 -0.04251921 0.3302415 0.194536 -0.04251921 0.3209298 0.199911 -0.07132589 0.1848969 0.1183824 -0.0425688 0.1018149 0.2349404 0.02290487 0.1018149 0.2349404 0.02290487 0.1065609 0.2319776 0.02723371 0.1065609 0.2319776 0.02723371 0.1942081 0.1130073 -0.01376211 0.1942081 0.1130073 -0.01376211 0.1848969 0.1183824 -0.0425688 0.1325151 0.06506347 -0.0236268 0.04910635 0.1256207 0.004037976 0.1018149 0.2349404 0.02290487 0.04910635 0.1256207 0.004037976 0.05334877 0.1233876 0.02718567 0.1065609 0.2319776 0.02723371 0.05334877 0.1233876 0.02718567 0.138055 0.06214493 0.006476283 0.138055 0.06214493 0.006476283 0.1325151 0.06506347 -0.0236268 0.04204773 -0.02393257 -0.01501011 -0.04825758 0.02316176 -0.004237055 -0.04825758 0.02316176 -0.004237055 -0.04538583 0.02062481 0.02213692 -0.04538583 0.02062481 0.02213692 0.04449677 -0.02647578 0.01551449 0.04449677 -0.02647578 0.01551449 0.04204773 -0.02393257 -0.01501011 -0.8424723 -1.275496 -0.01847565 -0.7799599 -1.322811 -0.02658474 -0.7758587 -1.325634 -0.02156054 -0.8383712 -1.27832 -0.01345133 -0.8782203 -1.037862 0.04888975 -0.734362 -1.181102 -0.01498758 -0.4578999 -0.8390671 -0.01338922 -0.612706 -0.6498299 0.05386734 -0.6182017 -0.645685 0.02390003 -0.4620011 -0.8362435 -0.01841342 -0.7384632 -1.178278 -0.02001202 -0.8837161 -1.033717 0.01892256 -0.7384632 -1.178278 -0.02001202 -0.4620011 -0.8362435 -0.01841342 -0.4578999 -0.8390671 -0.01338922 -0.734362 -1.181102 -0.01498758 -0.6182017 -0.645685 0.02390003 -0.8837161 -1.033717 0.01892256 -0.8782203 -1.037862 0.04888975 -0.612706 -0.6498299 0.05386734 -0.7799599 -1.322811 -0.02658474 -0.8424723 -1.275496 -0.01847565 -0.7758587 -1.325634 -0.02156054 -0.7799599 -1.322811 -0.02658474 -0.8383712 -1.27832 -0.01345133 -0.7758587 -1.325634 -0.02156054 -0.8782203 -1.037862 0.04888975 -0.8837161 -1.033717 0.01892256 -0.8424723 -1.275496 -0.01847565 -0.8383712 -1.27832 -0.01345133 -0.1441922 -0.471356 -0.01296162 -0.3652213 -0.2520753 0.06349623 -0.1482934 -0.4685324 -0.01798605 -0.1441922 -0.471356 -0.01296162 -0.3707174 -0.2479302 0.03352928 -0.1482934 -0.4685324 -0.01798605 -0.3652213 -0.2520753 0.06349623 -0.3707174 -0.2479302 0.03352928 -0.1120499 -0.3861366 -0.009687066 -0.3217474 -0.2016736 0.06249487 -0.1161512 -0.383313 -0.01471149 -0.1120499 -0.3861366 -0.009687066 -0.3272436 -0.1975286 0.03252756 -0.1161512 -0.383313 -0.01471149 -0.3217474 -0.2016736 0.06249487 -0.3272436 -0.1975286 0.03252756 -0.09326243 -0.2442741 -0.001517891 -0.1815469 -0.1235685 0.04758596 -0.09736371 -0.2414504 -0.006542205 -0.09326243 -0.2442741 -0.001517891 -0.1870428 -0.1194236 0.01761877 -0.09736371 -0.2414504 -0.006542205 -0.1815469 -0.1235685 0.04758596 -0.1870428 -0.1194236 0.01761877 -0.04114079 -0.1349606 0.01894843 -0.1261234 -0.07196563 0.03306269 -0.09326243 -0.2442741 -0.001517891 -0.09736371 -0.2414504 -0.006542205 -0.04238653 -0.1337603 -0.004626989 -0.04114079 -0.1349606 0.01894843 -0.1277651 -0.07038992 0.002399444 -0.04238653 -0.1337603 -0.004626989 -0.1261234 -0.07196563 0.03306269 -0.1277651 -0.07038992 0.002399444 -0.1057137 -0.0388385 0.02914237 -0.1317417 -0.05619466 0.03073489 -0.128437 -0.05738407 0.07178366 -0.102409 -0.04002791 0.07019102 -0.1317417 -0.05619466 0.03073489 -0.1456593 -0.08425611 0.03104221 -0.1423546 -0.08544558 0.07209098 -0.128437 -0.05738407 0.07178366 -0.1456593 -0.08425611 0.03104221 -0.143737 -0.1155037 0.02998208 -0.1404323 -0.1166932 0.07103073 -0.1423546 -0.08544558 0.07209098 -0.143737 -0.1155037 0.02998208 -0.1264901 -0.1415649 0.02783846 -0.1231853 -0.1427543 0.06888711 -0.1404323 -0.1166932 0.07103073 -0.1264901 -0.1415649 0.02783846 -0.09853959 -0.1554564 0.0251857 -0.09523487 -0.1566458 0.06623435 -0.1231853 -0.1427543 0.06888711 -0.09853959 -0.1554564 0.0251857 -0.06737506 -0.1534561 0.02273464 -0.06407034 -0.1546455 0.0637834 -0.09523487 -0.1566458 0.06623435 -0.06737506 -0.1534561 0.02273464 -0.04134702 -0.1360999 0.02114212 -0.0380423 -0.1372893 0.06219077 -0.06407034 -0.1546455 0.0637834 -0.04134702 -0.1360999 0.02114212 -0.02742934 -0.1080384 0.0208348 -0.02412462 -0.1092278 0.06188344 -0.0380423 -0.1372893 0.06219077 0.09918832 0.1606987 0.01842808 0.06802368 0.1586983 0.02087914 0.0713284 0.1575089 0.06192779 0.102493 0.1595092 0.05947685 0.06802368 0.1586983 0.02087914 0.04199552 0.1413422 0.02247166 0.04530024 0.1401527 0.06352031 0.0713284 0.1575089 0.06192779 0.04199552 0.1413422 0.02247166 0.02807807 0.1132807 0.02277898 0.03138279 0.1120913 0.06382775 0.04530024 0.1401527 0.06352031 0.1063623 0.04408079 0.01447141 0.1323904 0.06143695 0.01287889 0.1356952 0.06024748 0.05392754 0.109667 0.04289132 0.05552005 0.1323904 0.06143695 0.01287889 0.1463079 0.0894984 0.01257157 0.1496126 0.08830899 0.05362021 0.1356952 0.06024748 0.05392754 0.1463079 0.0894984 0.01257157 0.1443858 0.120746 0.0136317 0.1476905 0.1195566 0.05468046 0.1496126 0.08830899 0.05362021 0.1443858 0.120746 0.0136317 0.1271388 0.1468071 0.01577544 0.1304433 0.1456177 0.05682408 0.1476905 0.1195566 0.05468046 0.1271388 0.1468071 0.01577544 0.09918832 0.1606987 0.01842808 0.102493 0.1595092 0.05947685 0.1304433 0.1456177 0.05682408</float_array>
          <technique_common>
            <accessor source="#Wing8_FinalDJI_0_001-mesh-positions-array" count="360" stride="3">
              <param name="X" type="float"/>
              <param name="Y" type="float"/>
              <param name="Z" type="float"/>
            </accessor>
          </technique_common>
        </source>
        <source id="Wing8_FinalDJI_0_001-mesh-normals">
          <float_array id="Wing8_FinalDJI_0_001-mesh-normals-array" count="1038">0.05698359 -0.01062893 0.9983186 0.05707144 -0.01095265 0.9983101 0.05735862 -0.01077967 0.9982955 0.05723923 -0.0111202 0.9982987 0.05741393 -0.01083379 0.9982917 0.05747944 -0.01119554 0.998284 0.05770945 -0.01115399 0.9982712 0.05757939 -0.01084482 0.9982821 0.05790209 -0.01100414 0.9982616 0.05763667 -0.01079952 0.9982792 0.05800455 -0.01077836 0.9982581 0.05799102 -0.01053863 0.9982616 0.05786496 -0.01033002 0.9982711 0.05752521 -0.01066786 0.9982871 0.05765581 -0.01020342 0.9982845 0.05756342 -0.010526 0.9982864 0.05740898 -0.01018929 0.9982988 0.05698126 -0.01040464 0.9983211 0.05750501 -0.01065886 0.9982884 0.05718994 -0.01028954 0.9983103 0.05704319 -0.01047843 0.9983168 0.05696773 -0.01095181 0.998316 0.05747938 -0.01067537 0.9982897 0.05705386 -0.01024562 0.9983186 0.0571177 -0.0111863 0.9983048 0.05757254 -0.01068413 0.9982842 -0.07483714 0.01024687 -0.9971432 -0.07483673 0.01024633 -0.9971432 -0.07483744 0.01024687 -0.9971431 -0.07483655 0.01024645 -0.9971433 -0.07483583 0.01024627 -0.9971433 -0.07483655 0.0102455 -0.9971432 -0.07483696 0.01024663 -0.9971432 -0.07483655 0.01024639 -0.9971433 -0.0748375 0.01024705 -0.9971432 -0.07483673 0.01024657 -0.9971432 -0.07483726 0.01024669 -0.9971432 -0.0748372 0.01024687 -0.9971432 0.07483696 -0.01024681 0.9971432 0.07483661 -0.01024639 0.9971432 0.07483726 -0.01024693 0.9971432 0.07483667 -0.01024657 0.9971432 0.07483738 -0.01024669 0.9971432 0.07483714 -0.01024705 0.9971432 0.07483702 -0.01024669 0.9971432 0.07483673 -0.01024633 0.9971432 0.07483756 -0.01024705 0.9971432 0.07483643 -0.01024639 0.9971433 0.07483595 -0.01024633 0.9971432 0.07483661 -0.01024562 0.9971432 -0.08021211 0.02887153 -0.9963597 -0.08021384 0.02887088 -0.9963595 -0.08021342 0.02887141 -0.9963596 -0.08021396 0.02886861 -0.9963597 -0.08021426 0.02886927 -0.9963595 -0.08021503 0.0288701 -0.9963594 -0.08021575 0.02887028 -0.9963594 -0.08021396 0.02887088 -0.9963595 -0.08021324 0.02887159 -0.9963595 -0.08021384 0.02886831 -0.9963597 -0.08021545 0.02887296 -0.9963594 -0.0802142 0.02887195 -0.9963595 0.08021223 -0.02887153 0.9963596 0.08021748 -0.02886962 0.9963592 0.08021521 -0.02887225 0.9963594 0.08021533 -0.02887231 0.9963594 0.0802142 -0.02886921 0.9963595 0.08021539 -0.0288701 0.9963595 0.08021187 -0.02886945 0.9963597 0.0802164 -0.02886795 0.9963594 0.08021318 -0.02887159 0.9963595 0.08021301 -0.02887213 0.9963595 0.08021247 -0.0288704 0.9963597 0.0802145 -0.02887195 0.9963595 -0.08021557 0.02887034 -0.9963594 -0.08021354 0.02887105 -0.9963595 -0.08021348 0.02887099 -0.9963595 -0.08021414 0.02886837 -0.9963595 -0.08021551 0.02887284 -0.9963594 -0.08021146 0.02886921 -0.9963598 -0.0802161 0.02887016 -0.9963594 -0.08021348 0.02887105 -0.9963596 -0.08021348 0.02887111 -0.9963596 -0.0802139 0.02886885 -0.9963596 -0.08021533 0.02887308 -0.9963594 -0.08021128 0.0288695 -0.9963598 0.08021163 -0.02887159 0.9963597 0.0802136 -0.02887099 0.9963596 0.08021605 -0.02886819 0.9963594 0.08021533 -0.02887201 0.9963594 0.0802142 -0.02886921 0.9963595 0.08021557 -0.0288704 0.9963594 0.08021575 -0.02887034 0.9963594 0.08021342 -0.02887099 0.9963596 0.08021354 -0.02887105 0.9963596 0.08021318 -0.02887284 0.9963596 0.08021205 -0.0288698 0.9963597 0.08021479 -0.02887219 0.9963595 0.9528718 0.2968301 -0.06266802 0.7055186 0.7071425 -0.04683017 0.7048639 0.7077979 -0.04678803 0.9521178 0.2992524 -0.06260883 0.2959181 0.9549909 -0.02061522 0.2967639 0.9547272 -0.02066928 -0.1816535 0.9833123 0.009953022 -0.1791985 0.9837642 0.009795784 -0.6173126 0.7858075 0.03784036 -0.614526 0.7879971 0.03766292 -0.9111123 0.4082468 0.05664974 -0.9095686 0.411688 0.05655127 -0.9961144 -0.06245201 0.0620976 -0.9963046 -0.05932784 0.06210851 -0.8534114 -0.5185393 0.05296969 -0.8543317 -0.5170161 0.05302804 -0.5159551 -0.8560409 0.03137356 -0.5159743 -0.8560293 0.03137493 -0.06075704 -0.9981501 0.002238571 -0.0590189 -0.9982547 0.002127528 0.4084847 -0.9123418 -0.02779734 0.4113194 -0.9110617 -0.02797919 0.7846192 -0.6178038 -0.05187642 0.7869363 -0.6148372 -0.0520249 0.9812805 -0.1814725 -0.06446987 0.9819183 -0.1779741 -0.06451052 0.9528702 0.2968389 -0.06265139 0.952115 0.2992642 -0.06259536 0.9123502 -0.4029194 -0.07261598 0.9100626 -0.4080813 -0.0724973 0.9100625 -0.4080813 -0.0724973 0.9123502 -0.4029196 -0.07261526 0.8677676 0.4933278 -0.06005924 0.8677673 0.4933285 -0.06005954 0.3765208 0.9262186 -0.01874357 0.3765223 0.9262181 -0.01874059 -0.5204842 0.8525311 0.04782336 -0.5153877 0.8556413 0.04747259 -0.5156733 0.855468 0.04749268 -0.5204842 0.8525311 0.04782325 -0.5108463 0.8583776 0.04716002 -0.5108462 0.8583776 0.04716002 -0.9146081 0.3977466 0.0727306 -0.9123505 0.4029195 0.07261186 -0.9124851 0.4026133 0.07261985 -0.914608 0.3977467 0.07273101 -0.9100634 0.4080802 0.07249319 -0.9100635 0.4080802 0.07249319 -0.867768 -0.4933276 0.06005573 -0.8677681 -0.4933277 0.06005513 -0.3765234 -0.9262176 0.01874065 -0.3765221 -0.9262181 0.0187397 0.5204839 -0.8525313 -0.04782146 0.5156736 -0.8554679 -0.04749244 0.5153879 -0.8556411 -0.04747283 0.5204837 -0.8525314 -0.04782092 0.510846 -0.858378 -0.04715573 0.5108461 -0.8583779 -0.04715645 0.9146086 -0.3977466 -0.07272428 0.9146085 -0.397747 -0.07272279 0.5780892 0.8122501 -0.07786327 0.5780908 0.8122464 -0.07789045 -0.3444281 0.2140554 -0.914084 -0.3306293 0.2029516 -0.9216805 -0.3343934 0.2056385 -0.9197249 -0.3373326 0.2140547 -0.9167265 0.257654 -0.1503854 0.9544625 0.263836 -0.1539415 0.9522041 0.2607571 -0.1539808 0.9530455 0.2593525 -0.1511995 0.9538737 -0.5085683 0.3407368 0.7907318 -0.514182 0.3319244 0.7908496 -0.4608181 0.4110501 0.7865651 -0.4615312 0.410094 0.786646 0.7907726 -0.502603 -0.3493838 0.7907726 -0.5026031 -0.3493837 0.7787115 -0.5213658 -0.3489791 0.7787116 -0.5213658 -0.3489788 0.2453197 -0.1541378 0.9571101 0.2453209 -0.1541327 0.9571106 -0.6233013 0.1285133 0.7713494 -0.6233018 0.1285135 0.771349 -0.300991 0.2138773 -0.9293336 -0.3010067 0.2138835 -0.9293271 0.9146782 0.2349466 -0.3288829 0.9146624 0.2349997 -0.328889 0.914654 0.2349965 -0.3289145 0.9146741 0.2349473 -0.3288936 -0.3234392 0.1929265 -0.9263728 -0.3227205 0.1945444 -0.9262851 -0.4788947 0.3853636 0.788768 -0.4807435 0.3826779 0.7889508 0.2546933 -0.1470297 0.9557791 0.2552911 -0.1460433 0.9557709 0.7921219 -0.5004193 -0.3494616 0.7921409 -0.5004127 -0.3494284 -0.3481525 0.1778373 -0.9204151 -0.344969 0.1766325 -0.9218446 -0.6370201 0.0969606 0.7647249 -0.6461421 0.07479041 0.7595438 0.2683615 -0.129137 0.9546234 0.2698279 -0.127723 0.9544003 0.5280646 -0.7875585 -0.3176467 0.5280649 -0.7875697 -0.3176184 -0.348203 0.1878066 -0.9184136 -0.3550261 0.1858035 -0.916206 -0.6676989 0.01779931 0.7442186 -0.6676996 0.01779943 0.7442181 0.2765827 -0.1119958 0.9544417 0.2762519 -0.1055691 0.9552696 0.5048637 -0.8136175 -0.288339 0.4977358 -0.8174564 -0.2898691 -0.2292574 0.1683304 -0.9587001 -0.2212651 0.1652264 -0.961115 -0.8534991 0.3843447 0.3518787 -0.7695537 0.5971793 0.2261949 -0.7771168 0.583643 0.2354788 -0.8535142 0.3843224 0.3518662 0.1858308 -0.07551884 0.9796754 0.1968907 -0.07442677 0.9775964 0.658824 -0.7276388 -0.1910308 0.6554661 -0.7290613 -0.1970629 -0.1216468 0.07554703 -0.9896942 -0.1162856 0.05468982 -0.991709 -0.7337709 0.6653373 0.1375024 -0.7339553 0.6652133 0.1371165 0.1055187 -0.04518222 0.9933905 0.1049213 -0.05587399 0.9929097 0.7332768 -0.6683275 -0.1250742 0.728781 -0.6727558 -0.1275855 -0.5996844 -0.7992203 0.04031842 -0.5996832 -0.7992193 0.04035609 0.2220779 -0.175677 0.9590719 0.2147073 -0.1754497 0.9607905 0.2115635 -0.1668187 0.9630226 0.2075161 -0.1642204 0.9643489 -0.1322181 0.1089249 -0.9852176 -0.1339606 0.1097904 -0.9848862 -0.1354017 0.1126276 -0.9843686 -0.1385163 0.1126649 -0.9839308 0.5971221 -0.3849632 -0.703739 0.5485491 -0.4533629 -0.7025355 0.5479479 -0.4541674 -0.702485 0.6028821 -0.3762473 -0.7035419 -0.8181193 0.5299093 0.2233318 -0.8057223 0.5484538 0.2236294 -0.8057224 0.5484538 0.2236291 -0.8181194 0.5299092 0.2233313 -0.1195791 0.1123636 -0.9864458 -0.11958 0.1123679 -0.9864452 0.7127969 -0.1737502 -0.6795083 0.712796 -0.17375 -0.6795092 0.1770941 -0.1741605 0.9686619 0.1770786 -0.1741548 0.9686657 -0.9534121 -0.205919 0.2204602 -0.9534081 -0.2059263 0.2204709 -0.9534049 -0.205926 0.2204852 -0.9534121 -0.2059191 0.2204604 0.1994068 -0.1553 0.9675323 0.2001398 -0.1536915 0.9676378 0.5684446 -0.4263645 -0.7036222 0.5665701 -0.4289723 -0.703549 -0.1297934 0.1045379 -0.986015 -0.1291919 0.1054214 -0.986 -0.8195266 0.5277424 0.2233031 -0.8195179 0.5277557 0.2233033 0.2223944 -0.1379405 0.9651494 0.2257311 -0.1392169 0.964191 0.7350299 -0.1198537 -0.6673576 0.7261907 -0.1421112 -0.6726452 -0.1447637 0.08646827 -0.9856809 -0.1431626 0.08788818 -0.9857891 -0.5477631 0.8092251 0.2123924 -0.5477755 0.8092241 0.212364 0.2332075 -0.1476408 0.9611537 0.2258099 -0.1493112 0.9626609 0.7556577 -0.06253123 -0.6519748 0.7556576 -0.06253117 -0.6519752 -0.1514728 0.06439375 -0.9863618 -0.1517758 0.0708093 -0.9858754 -0.513585 0.8373312 0.1873688 -0.5205382 0.8335288 0.1851207 0.1466478 -0.0892058 0.9851583 0.1481345 -0.09190678 0.9846875 0.8830379 -0.4128168 -0.2232185 0.8830519 -0.4127962 -0.2232015 0.8194245 -0.5567148 -0.1364265 0.8189465 -0.5575636 -0.135829 -0.1267499 0.01253443 -0.9918555 -0.125537 0.01183021 -0.9920185 -0.6988037 0.7044141 0.1243954 -0.7081335 0.6955995 0.1211951 -0.7234651 0.6859269 0.07811921 -0.5505893 0.8319666 0.0684331 -0.5505893 0.8319667 0.06843304 -0.7234746 0.6859114 0.07816666 -0.8922801 0.4434693 0.08468526 -0.8922803 0.4434686 0.08468455 -0.994887 -0.06385648 0.07824534 -0.994887 -0.06385719 0.07824516 -0.8309147 -0.5540723 0.0508393 -0.8309151 -0.5540719 0.05083966 -0.4442974 -0.8958257 0.009810745 -0.4442977 -0.8958255 0.009810864 0.06136459 -0.9975415 -0.03384482 0.06136649 -0.9975414 -0.03384637 0.5505907 -0.8319658 -0.06843304 0.5505906 -0.8319658 -0.06843346 0.8922785 -0.4434722 -0.08468496 0.7693822 -0.633717 -0.08033674 0.7693971 -0.6337031 -0.08030438 0.8922785 -0.4434723 -0.0846849 -0.06136626 0.9975414 0.03384464 -0.06136435 0.9975415 0.03384613 -0.5505875 0.8319676 0.06843411 -0.5505889 0.8319669 0.0684331 -0.8922815 0.4434663 0.08468472 -0.7693908 0.6337167 0.08025681 -0.7693991 0.6337006 0.08030343 -0.8922809 0.4434673 0.0846855 0.7234644 -0.6859274 -0.07812029 0.5505875 -0.8319677 -0.06843423 0.5505875 -0.8319677 -0.06843435 0.7234852 -0.685916 -0.07802867 0.8922815 -0.4434663 -0.08468484 0.8922818 -0.4434655 -0.08468574 0.9948872 0.06385272 -0.07824528 0.9948871 0.06385332 -0.07824558 0.8309153 0.554072 -0.0508356 0.8309118 0.5540767 -0.05083882 0.4442976 0.8958256 -0.009810805 0.4442993 0.8958248 -0.009809494 0.08021438 -0.02887147 0.9963595 0.08021324 -0.02886986 0.9963596 0.08021348 -0.0288698 0.9963597 0.08021515 -0.02887189 0.9963594 0.08021551 -0.02887201 0.9963594 0.08021563 -0.02887171 0.9963594 -0.08021068 0.02886849 -0.9963598 -0.08021622 0.02887237 -0.9963593 -0.08021658 0.02887219 -0.9963592 -0.08021146 0.02886921 -0.9963598 -0.08021467 0.02887105 -0.9963594 -0.08021652 0.02887219 -0.9963592 -0.08021193 0.02886861 -0.9963597 -0.08021175 0.02886849 -0.9963598 0.08021223 -0.02886867 0.9963597 0.08021461 -0.02887201 0.9963594</float_array>
          <technique_common>
            <accessor source="#Wing8_FinalDJI_0_001-mesh-normals-array" count="346" stride="3">
              <param name="X" type="float"/>
              <param name="Y" type="float"/>
              <param name="Z" type="float"/>
            </accessor>
          </technique_common>
        </source>
        <source id="Wing8_FinalDJI_0_001-mesh-map-0">
          <float_array id="Wing8_FinalDJI_0_001-mesh-map-0-array" count="1818">0.123902 0.05145269 0.1259601 0.05363541 0.1293656 0.04834014 0.1259601 0.05363541 0.1287952 0.05461078 0.1293656 0.04834014 0.1287952 0.05461078 0.1317577 0.05415511 0.1293656 0.04834014 0.1317577 0.05415511 0.1341695 0.05237227 0.1293656 0.04834014 0.1341695 0.05237227 0.1354773 0.04967051 0.1293656 0.04834014 0.1354773 0.04967051 0.1353814 0.04666924 0.1293656 0.04834014 0.1353814 0.04666924 0.1339036 0.04405605 0.1293656 0.04834014 0.1339036 0.04405605 0.1313829 0.04243022 0.1293656 0.04834014 0.1313829 0.04243022 0.1283969 0.04216349 0.1293656 0.04834014 0.1283969 0.04216349 0.1256299 0.04331719 0.1293656 0.04834014 0.1256299 0.04331719 0.1237156 0.04562652 0.1293656 0.04834014 0.1237156 0.04562652 0.1230921 0.04856228 0.1293656 0.04834014 0.1230921 0.04856228 0.123902 0.05145269 0.1293656 0.04834014 0.5645216 0.1124176 0.5698456 0.1243653 0.5856187 0.1293221 0.5669888 0.1080727 0.5645216 0.1124176 0.5856187 0.1293221 0.5716148 0.1061902 0.5669888 0.1080727 0.5856187 0.1293221 0.5827589 0.1130295 0.5716148 0.1061902 0.5856187 0.1293221 0.5954868 0.1206495 0.5827589 0.1130295 0.5856187 0.1293221 0.6013922 0.1342791 0.5954868 0.1206495 0.5856187 0.1293221 0.6067162 0.1462267 0.6013922 0.1342791 0.5856187 0.1293221 0.604249 0.1505715 0.6067162 0.1462267 0.5856187 0.1293221 0.5996229 0.1524542 0.604249 0.1505715 0.5856187 0.1293221 0.5884792 0.1456147 0.5996229 0.1524542 0.5856187 0.1293221 0.5757511 0.1379946 0.5884792 0.1456147 0.5856187 0.1293221 0.5698456 0.1243653 0.5757511 0.1379946 0.5856187 0.1293221 0.7498374 0.1216028 0.7551613 0.1096553 0.7340641 0.1265597 0.7551613 0.1096553 0.7526942 0.1053104 0.7340641 0.1265597 0.7526942 0.1053104 0.7480681 0.1034281 0.7340641 0.1265597 0.7480681 0.1034281 0.7369242 0.1102674 0.7340641 0.1265597 0.7369242 0.1102674 0.724196 0.1178873 0.7340641 0.1265597 0.724196 0.1178873 0.7182907 0.1315166 0.7340641 0.1265597 0.7182907 0.1315166 0.7129669 0.1434644 0.7340641 0.1265597 0.7129669 0.1434644 0.7154338 0.1478093 0.7340641 0.1265597 0.7154338 0.1478093 0.7200598 0.1496918 0.7340641 0.1265597 0.7200598 0.1496918 0.7312039 0.1428523 0.7340641 0.1265597 0.7312039 0.1428523 0.7439318 0.1352325 0.7340641 0.1265597 0.7439318 0.1352325 0.7498374 0.1216028 0.7340641 0.1265597 0.490419 0.1050589 0.4860514 0.1047788 0.4877119 0.1130724 0.494046 0.1074858 0.490419 0.1050589 0.4877119 0.1130724 0.4959886 0.1114097 0.494046 0.1074858 0.4877119 0.1130724 0.4957155 0.1157792 0.4959886 0.1114097 0.4877119 0.1130724 0.4932982 0.1194233 0.4957155 0.1157792 0.4877119 0.1130724 0.4893838 0.121366 0.4932982 0.1194233 0.4877119 0.1130724 0.4850217 0.1210862 0.4893838 0.121366 0.4877119 0.1130724 0.481378 0.1186594 0.4850217 0.1210862 0.4877119 0.1130724 0.4794189 0.1147354 0.481378 0.1186594 0.4877119 0.1130724 0.4796977 0.1103658 0.4794189 0.1147354 0.4877119 0.1130724 0.4821261 0.1067214 0.4796977 0.1103658 0.4877119 0.1130724 0.4860514 0.1047788 0.4821261 0.1067214 0.4877119 0.1130724 0.02755463 0.09624338 0.02318692 0.09652316 0.02589392 0.1045365 0.02318692 0.09652316 0.01956015 0.09895002 0.02589392 0.1045365 0.01956015 0.09895002 0.01761788 0.1028739 0.02589392 0.1045365 0.01761788 0.1028739 0.01789075 0.1072432 0.02589392 0.1045365 0.01789075 0.1072432 0.02030825 0.1108871 0.02589392 0.1045365 0.02030825 0.1108871 0.02422231 0.1128296 0.02589392 0.1045365 0.02422231 0.1128296 0.02858424 0.1125501 0.02589392 0.1045365 0.02858424 0.1125501 0.03222775 0.1101231 0.02589392 0.1045365 0.03222775 0.1101231 0.0341866 0.1061992 0.02589392 0.1045365 0.0341866 0.1061992 0.03390783 0.1018298 0.02589392 0.1045365 0.03390783 0.1018298 0.03147971 0.09818589 0.02589392 0.1045365 0.03147971 0.09818589 0.02755463 0.09624338 0.02589392 0.1045365 0.4661078 0.07743632 0.4617455 0.07715636 0.4634172 0.08544981 0.4697514 0.07986319 0.4661078 0.07743632 0.4634172 0.08544981 0.4717103 0.08378738 0.4697514 0.07986319 0.4634172 0.08544981 0.4714317 0.08815664 0.4717103 0.08378738 0.4634172 0.08544981 0.4690032 0.09180104 0.4714317 0.08815664 0.4634172 0.08544981 0.465078 0.09374338 0.4690032 0.09180104 0.4634172 0.08544981 0.4607103 0.09346365 0.465078 0.09374338 0.4634172 0.08544981 0.4570833 0.09103673 0.4607103 0.09346365 0.4634172 0.08544981 0.4551408 0.08711296 0.4570833 0.09103673 0.4634172 0.08544981 0.4554135 0.08274328 0.4551408 0.08711296 0.4634172 0.08544981 0.457831 0.07909905 0.4554135 0.08274328 0.4634172 0.08544981 0.4617455 0.07715636 0.457831 0.07909905 0.4634172 0.08544981 0.05185937 0.06862181 0.04749727 0.06890165 0.0501874 0.07691508 0.04749727 0.06890165 0.04385387 0.07132858 0.0501874 0.07691508 0.04385387 0.07132858 0.04189485 0.07525235 0.0501874 0.07691508 0.04189485 0.07525235 0.04217362 0.07962155 0.0501874 0.07691508 0.04217362 0.07962155 0.04460197 0.0832656 0.0501874 0.07691508 0.04460197 0.0832656 0.048527 0.08520805 0.0501874 0.07691508 0.048527 0.08520805 0.05289447 0.08492851 0.0501874 0.07691508 0.05289447 0.08492851 0.05652129 0.08250164 0.0501874 0.07691508 0.05652129 0.08250164 0.05846375 0.07857769 0.0501874 0.07691508 0.05846375 0.07857769 0.05819094 0.07420843 0.0501874 0.07691508 0.05819094 0.07420843 0.05577355 0.0705645 0.0501874 0.07691508 0.05577355 0.0705645 0.05185937 0.06862181 0.0501874 0.07691508 0.1699696 0.064116 0.1701146 0.06709992 0.1859312 0.06639897 0.1699696 0.064116 0.1859312 0.06639897 0.1857858 0.06350094 0.1701146 0.06709992 0.170275 0.07015991 0.1861011 0.06920075 0.1701146 0.06709992 0.1861011 0.06920075 0.1859312 0.06639897 0.170275 0.07015991 0.1704633 0.07321286 0.1863144 0.07200425 0.170275 0.07015991 0.1863144 0.07200425 0.1861011 0.06920075 0.1704633 0.07321286 0.1706686 0.07622689 0.1865645 0.07488167 0.1704633 0.07321286 0.1865645 0.07488167 0.1863144 0.07200425 0.1706686 0.07622689 0.1708742 0.07916337 0.1868236 0.07787579 0.1706686 0.07622689 0.1868236 0.07787579 0.1865645 0.07488167 0.1708742 0.07916337 0.1710483 0.08200925 0.1870707 0.0810166 0.1708742 0.07916337 0.1870707 0.0810166 0.1868236 0.07787579 0.1710483 0.08200925 0.1711731 0.08478069 0.1872548 0.08428084 0.1710483 0.08200925 0.1872548 0.08428084 0.1870707 0.0810166 0.1711731 0.08478069 0.171216 0.08750748 0.1873477 0.08762514 0.1711731 0.08478069 0.1873477 0.08762514 0.1872548 0.08428084 0.171216 0.08750748 0.1711529 0.09024173 0.1872928 0.0909807 0.171216 0.08750748 0.1872928 0.0909807 0.1873477 0.08762514 0.1711529 0.09024173 0.1710202 0.09301424 0.1871538 0.09428441 0.1711529 0.09024173 0.1871538 0.09428441 0.1872928 0.0909807 0.1710202 0.09301424 0.1708284 0.09586054 0.1869372 0.09749102 0.1710202 0.09301424 0.1869372 0.09749102 0.1871538 0.09428441 0.1708284 0.09586054 0.1705839 0.09877324 0.1866689 0.1005755 0.1708284 0.09586054 0.1866689 0.1005755 0.1869372 0.09749102 0.1705839 0.09877324 0.1702947 0.1017172 0.1863667 0.1035788 0.1705839 0.09877324 0.1863667 0.1035788 0.1866689 0.1005755 0.1742293 0.9337009 0.173876 0.9496741 0.1783044 0.9496237 0.1742293 0.9337009 0.1783044 0.9496237 0.1787205 0.9336504 0.173876 0.9496741 0.1739825 0.9554829 0.1782881 0.9554325 0.173876 0.9496741 0.1782881 0.9554325 0.1783044 0.9496237 0.9357927 0.9932367 0.9353936 0.9882596 0.9317238 0.9885571 0.9357927 0.9932367 0.9317238 0.9885571 0.9321231 0.9935341 0.7446843 0.9254354 0.7449775 0.9162915 0.742414 0.916241 0.7446843 0.9254354 0.742414 0.916241 0.7421111 0.925385 0.7449775 0.9162915 0.7452746 0.906104 0.7417526 0.9060536 0.7449775 0.9162915 0.7417526 0.9060536 0.742414 0.916241 0.7452746 0.906104 0.7451564 0.887882 0.7406652 0.8878315 0.7452746 0.906104 0.7406652 0.8878315 0.7417526 0.9060536 0.7451564 0.887882 0.7447403 0.8719086 0.7403117 0.871858 0.7451564 0.887882 0.7403117 0.871858 0.7406652 0.8878315 0.7447403 0.8719086 0.744724 0.8660996 0.7404184 0.8660492 0.7447403 0.8719086 0.7404184 0.8660492 0.7403117 0.871858 0.7348514 0.9906534 0.7344521 0.9956305 0.7381218 0.9959279 0.7348514 0.9906534 0.7381218 0.9959279 0.738521 0.9909508 0.1756751 0.8961479 0.1759781 0.9052917 0.1785415 0.9052413 0.1756751 0.8961479 0.1785415 0.9052413 0.1782483 0.8960975 0.1759781 0.9052917 0.1753166 0.9154791 0.1788387 0.9154286 0.1759781 0.9052917 0.1788387 0.9154286 0.1785415 0.9052413 0.1753166 0.9154791 0.1742293 0.9337009 0.1787205 0.9336504 0.1753166 0.9154791 0.1787205 0.9336504 0.1788387 0.9154286 0.1724377 0.136076 0.1716999 0.1367127 0.1744275 0.1473394 0.1724377 0.136076 0.1744275 0.1473394 0.1750193 0.14655 0.7424306 0.4503226 0.714087 0.5076026 0.7480247 0.5139816 0.7424306 0.4503226 0.7480247 0.5139816 0.7703488 0.4582778 0.4705115 0.9276329 0.4989969 0.9863952 0.5269707 0.9787485 0.4705115 0.9276329 0.5269707 0.9787485 0.5048334 0.9217039 0.8150077 0.3793812 0.8143541 0.3793929 0.815613 0.4201837 0.8150077 0.3793812 0.815613 0.4201837 0.8162659 0.420096 0.5720479 0.7393365 0.5676534 0.7392711 0.5664749 0.8064662 0.5720479 0.7393365 0.5664749 0.8064662 0.5708696 0.8065683 0.4989969 0.9863952 0.5314128 0.9980692 0.5415146 0.9938662 0.4989969 0.9863952 0.5415146 0.9938662 0.5269707 0.9787485 0.8150077 0.3793812 0.8140205 0.3654934 0.8133656 0.3653091 0.8150077 0.3793812 0.8133656 0.3653091 0.8143541 0.3793929 0.7703488 0.4582778 0.7848986 0.4434197 0.774904 0.4392247 0.7703488 0.4582778 0.774904 0.4392247 0.7424306 0.4503226 0.1602034 0.10364 0.1716999 0.1367127 0.1724377 0.136076 0.1602034 0.10364 0.1724377 0.136076 0.1643449 0.1025786 0.714087 0.5076026 0.6827816 0.563055 0.7245807 0.575696 0.714087 0.5076026 0.7245807 0.575696 0.7480247 0.5139816 0.815613 0.4201837 0.8179078 0.4650683 0.8185605 0.4650083 0.815613 0.4201837 0.8185605 0.4650083 0.8162659 0.420096 0.5048334 0.9217039 0.4816831 0.8581007 0.4390981 0.8703504 0.5048334 0.9217039 0.4390981 0.8703504 0.4705115 0.9276329 0.5720479 0.7393365 0.5731492 0.6723696 0.5687543 0.6723005 0.5720479 0.7393365 0.5687543 0.6723005 0.5676534 0.7392711 0.6827816 0.563055 0.6796232 0.5715015 0.7164277 0.5851868 0.6827816 0.563055 0.7164277 0.5851868 0.7245807 0.575696 0.8179078 0.4650683 0.8179029 0.4734169 0.8185542 0.4736415 0.8179078 0.4650683 0.8185542 0.4736415 0.8185605 0.4650083 0.4816831 0.8581007 0.4734639 0.8483265 0.4359028 0.8616795 0.4816831 0.8581007 0.4359028 0.8616795 0.4390981 0.8703504 0.5731492 0.6723696 0.5739111 0.6631555 0.5695159 0.6624963 0.5731492 0.6723696 0.5695159 0.6624963 0.5687543 0.6723005 0.6796232 0.5715015 0.6794015 0.59319 0.7005442 0.5965251 0.6796232 0.5715015 0.7005442 0.5965251 0.7164277 0.5851868 0.8179029 0.4734169 0.8172212 0.4873428 0.8180072 0.4875388 0.8179029 0.4734169 0.8180072 0.4875388 0.8185542 0.4736415 0.4734639 0.8483265 0.4573078 0.8362722 0.4358572 0.8392164 0.4734639 0.8483265 0.4358572 0.8392164 0.4359028 0.8616795 0.5739111 0.6631555 0.5776209 0.6401448 0.5731935 0.6394062 0.5739111 0.6631555 0.5731935 0.6394062 0.5695159 0.6624963 0.6794015 0.59319 0.6768198 0.60342 0.690317 0.6094926 0.6794015 0.59319 0.690317 0.6094926 0.7005442 0.5965251 0.8172212 0.4873428 0.8143092 0.5038802 0.8176768 0.5037928 0.8172212 0.4873428 0.8176768 0.5037928 0.8180072 0.4875388 0.4573078 0.8362722 0.4477604 0.8220329 0.4337639 0.828226 0.4573078 0.8362722 0.4337639 0.828226 0.4358572 0.8392164 0.5776209 0.6401448 0.5808718 0.6289259 0.5762926 0.6286048 0.5776209 0.6401448 0.5762926 0.6286048 0.5731935 0.6394062 0.6768198 0.60342 0.6724157 0.6209527 0.6847394 0.6287305 0.6768198 0.60342 0.6847394 0.6287305 0.690317 0.6094926 0.8143092 0.5038802 0.8125795 0.5248916 0.8165516 0.5248839 0.8143092 0.5038802 0.8165516 0.5248839 0.8176768 0.5037928 0.4477604 0.8220329 0.4421746 0.8020706 0.4295659 0.8098319 0.4477604 0.8220329 0.4295659 0.8098319 0.4337639 0.828226 0.5808718 0.6289259 0.5821266 0.6094827 0.577479 0.609519 0.5808718 0.6289259 0.577479 0.609519 0.5762926 0.6286048 0.9464797 0.9824711 0.9453962 0.9930537 0.9460795 0.99374 0.9464797 0.9824711 0.9460795 0.99374 0.9472741 0.983035 0.3711184 0.6270896 0.3428569 0.6352488 0.3654603 0.6915459 0.3711184 0.6270896 0.3654603 0.6915459 0.4001264 0.6852023 0.6432675 0.7477572 0.6080643 0.7418535 0.5854294 0.8001736 0.6432675 0.7477572 0.5854294 0.8001736 0.6140853 0.8080661 0.5757064 0.4448821 0.5771651 0.4925422 0.5779325 0.4925904 0.5757064 0.4448821 0.5779325 0.4925904 0.576475 0.4448616 0.8169053 0.6568712 0.8159626 0.7259654 0.8204783 0.7260145 0.8169053 0.6568712 0.8204783 0.7260145 0.8214237 0.6569433 0.6140853 0.8080661 0.5854294 0.8001736 0.5703813 0.8155438 0.6140853 0.8080661 0.5703813 0.8155438 0.5807604 0.8199525 0.5757064 0.4448821 0.576475 0.4448616 0.577514 0.4282847 0.5757064 0.4448821 0.577514 0.4282847 0.5767453 0.4284811 0.3428569 0.6352488 0.3711184 0.6270896 0.3381672 0.6160833 0.3428569 0.6352488 0.3381672 0.6160833 0.3281811 0.6203565 0.9561821 0.9491332 0.9519655 0.9483939 0.9464797 0.9824711 0.9561821 0.9491332 0.9464797 0.9824711 0.9472741 0.983035 0.4001264 0.6852023 0.3654603 0.6915459 0.3885371 0.7549706 0.4001264 0.6852023 0.3885371 0.7549706 0.4316982 0.7427753 0.5779325 0.4925904 0.5771651 0.4925422 0.5780293 0.5450674 0.5779325 0.4925904 0.5780293 0.5450674 0.5787966 0.5450906 0.6080643 0.7418535 0.6432675 0.7477572 0.6748757 0.6885379 0.6080643 0.7418535 0.6748757 0.6885379 0.6310311 0.6766285 0.8169053 0.6568712 0.8214237 0.6569433 0.8224633 0.5881059 0.8169053 0.6568712 0.8224633 0.5881059 0.8179468 0.5880364 0.4316982 0.7427753 0.3885371 0.7549706 0.3966151 0.7648376 0.4316982 0.7427753 0.3966151 0.7648376 0.4347835 0.7516074 0.5787966 0.5450906 0.5780293 0.5450674 0.57806 0.5552131 0.5787966 0.5450906 0.57806 0.5552131 0.5788253 0.554981 0.6310311 0.6766285 0.6748757 0.6885379 0.6779741 0.6795524 0.6310311 0.6766285 0.6779741 0.6795524 0.6392878 0.6665146 0.8179468 0.5880364 0.8224633 0.5881059 0.8222598 0.5781356 0.8179468 0.5880364 0.8222598 0.5781356 0.8177419 0.5784484 0.4347835 0.7516074 0.3966151 0.7648376 0.4124527 0.7769572 0.4347835 0.7516074 0.4124527 0.7769572 0.4344099 0.7742308 0.5788253 0.554981 0.57806 0.5552131 0.5781496 0.5713606 0.5788253 0.554981 0.5781496 0.5713606 0.5790207 0.5711557 0.6392878 0.6665146 0.6779741 0.6795524 0.6773777 0.6564608 0.6392878 0.6665146 0.6773777 0.6564608 0.6555599 0.6540086 0.8177419 0.5784484 0.8222598 0.5781356 0.8204696 0.5544303 0.8177419 0.5784484 0.8204696 0.5544303 0.8159363 0.554793 0.4344099 0.7742308 0.4124527 0.7769572 0.4225655 0.7908388 0.4344099 0.7742308 0.4225655 0.7908388 0.4366773 0.7849237 0.5790207 0.5711557 0.5781496 0.5713606 0.5790379 0.5885121 0.5790207 0.5711557 0.5790379 0.5885121 0.5825254 0.5884628 0.6555599 0.6540086 0.6773777 0.6564608 0.6790438 0.6453701 0.6555599 0.6540086 0.6790438 0.6453701 0.6649862 0.6394302 0.8159363 0.554793 0.8204696 0.5544303 0.8181588 0.543283 0.8159363 0.554793 0.8181588 0.543283 0.8135661 0.5432869 0.4366773 0.7849237 0.4225655 0.7908388 0.4295659 0.8098319 0.4366773 0.7849237 0.4295659 0.8098319 0.4421746 0.8020706 0.5825254 0.5884628 0.5790379 0.5885121 0.577479 0.609519 0.5825254 0.5884628 0.577479 0.609519 0.5821266 0.6094827 0.6649862 0.6394302 0.6790438 0.6453701 0.6847394 0.6287305 0.6649862 0.6394302 0.6847394 0.6287305 0.6724157 0.6209527 0.8135661 0.5432869 0.8181588 0.543283 0.8165516 0.5248839 0.8135661 0.5432869 0.8165516 0.5248839 0.8125795 0.5248916 0.9871825 0.1231616 0.987478 0.120023 0.9817824 0.119808 0.9871825 0.1231616 0.9817824 0.119808 0.9817491 0.1229465 0.987478 0.120023 0.9881318 0.1149484 0.9814801 0.1147331 0.987478 0.120023 0.9814801 0.1147331 0.9817824 0.119808 0.9881318 0.1149484 0.9882902 0.1092977 0.981607 0.1090825 0.9881318 0.1149484 0.981607 0.1090825 0.9814801 0.1147331 0.9882902 0.1092977 0.9883148 0.1045846 0.9819009 0.1043698 0.9882902 0.1092977 0.9819009 0.1043698 0.981607 0.1090825 0.5889025 0.9881362 0.5884366 0.9922503 0.5941798 0.992737 0.5889025 0.9881362 0.5941798 0.992737 0.5944471 0.9886224 0.5884366 0.9922503 0.5879604 0.9968384 0.5939029 0.9973249 0.5884366 0.9922503 0.5939029 0.9973249 0.5941798 0.992737 0.1643186 0.94327 0.1641545 0.9464086 0.1694558 0.9461937 0.1643186 0.94327 0.1694558 0.9461937 0.1689949 0.943055 0.1641545 0.9464086 0.1641099 0.9514833 0.1697986 0.9512681 0.1641545 0.9464086 0.1697986 0.9512681 0.1694558 0.9461937 0.3129149 0.9918529 0.3126381 0.9872651 0.3066955 0.9877516 0.3129149 0.9918529 0.3066955 0.9877516 0.307172 0.9923396 0.985435 0.1588837 0.985897 0.1557451 0.9805946 0.15553 0.985435 0.1588837 0.9805946 0.15553 0.9807589 0.1586686 0.985897 0.1557451 0.9862373 0.1506706 0.9805535 0.1504552 0.985897 0.1557451 0.9805535 0.1504552 0.9805946 0.15553 0.1653107 0.9789919 0.1653414 0.9821307 0.1710376 0.9819157 0.1653107 0.9789919 0.1710376 0.9819157 0.1707397 0.9787769 0.1653414 0.9821307 0.1650399 0.9872051 0.1716916 0.9869899 0.1653414 0.9821307 0.1716916 0.9869899 0.1710376 0.9819157 0.1650399 0.9872051 0.1651665 0.9928559 0.1718491 0.9926409 0.1650399 0.9872051 0.1718491 0.9926409 0.1716916 0.9869899 0.1651665 0.9928559 0.1654602 0.9975686 0.1718735 0.9973536 0.1651665 0.9928559 0.1718735 0.9973536 0.1718491 0.9926409 0.3131825 0.9959678 0.3129149 0.9918529 0.307172 0.9923396 0.3131825 0.9959678 0.307172 0.9923396 0.3076377 0.9964541 0.02755463 0.09624338 0.03147971 0.09818589 0.04460197 0.0832656 0.02755463 0.09624338 0.04460197 0.0832656 0.04217362 0.07962155 0.03147971 0.09818589 0.03390783 0.1018298 0.048527 0.08520805 0.03147971 0.09818589 0.048527 0.08520805 0.04460197 0.0832656 0.03390783 0.1018298 0.0341866 0.1061992 0.05289447 0.08492851 0.03390783 0.1018298 0.05289447 0.08492851 0.048527 0.08520805 0.1697986 0.9512681 0.1641099 0.9514833 0.1653107 0.9789919 0.1697986 0.9512681 0.1653107 0.9789919 0.1707397 0.9787769 0.4794189 0.1147354 0.4796977 0.1103658 0.465078 0.09374338 0.4794189 0.1147354 0.465078 0.09374338 0.4607103 0.09346365 0.4796977 0.1103658 0.4821261 0.1067214 0.4690032 0.09180104 0.4796977 0.1103658 0.4690032 0.09180104 0.465078 0.09374338 0.4821261 0.1067214 0.4860514 0.1047788 0.4714317 0.08815664 0.4821261 0.1067214 0.4714317 0.08815664 0.4690032 0.09180104 0.4860514 0.1047788 0.490419 0.1050589 0.4717103 0.08378738 0.4860514 0.1047788 0.4717103 0.08378738 0.4714317 0.08815664 0.9871825 0.1231616 0.9817491 0.1229465 0.9805535 0.1504552 0.9871825 0.1231616 0.9805535 0.1504552 0.9862373 0.1506706 0.02318692 0.09652316 0.02755463 0.09624338 0.04217362 0.07962155 0.02318692 0.09652316 0.04217362 0.07962155 0.04189485 0.07525235</float_array>
          <technique_common>
            <accessor source="#Wing8_FinalDJI_0_001-mesh-map-0-array" count="909" stride="2">
              <param name="S" type="float"/>
              <param name="T" type="float"/>
            </accessor>
          </technique_common>
        </source>
        <vertices id="Wing8_FinalDJI_0_001-mesh-vertices">
          <input semantic="POSITION" source="#Wing8_FinalDJI_0_001-mesh-positions"/>
        </vertices>
        <triangles material="FinalDJI-material" count="303">
          <input semantic="VERTEX" source="#Wing8_FinalDJI_0_001-mesh-vertices" offset="0"/>
          <input semantic="NORMAL" source="#Wing8_FinalDJI_0_001-mesh-normals" offset="1"/>
          <input semantic="TEXCOORD" source="#Wing8_FinalDJI_0_001-mesh-map-0" offset="2" set="0"/>
          <p>0 0 0 1 1 1 2 2 2 1 3 3 3 3 4 2 4 5 3 5 6 4 5 7 2 5 8 4 6 9 5 6 10 2 7 11 5 8 12 6 8 13 2 9 14 6 10 15 7 10 16 2 10 17 7 11 18 8 11 19 2 11 20 8 12 21 9 12 22 2 13 23 9 14 24 10 14 25 2 15 26 10 16 27 11 17 28 2 18 29 11 19 30 12 19 31 2 19 32 12 20 33 13 21 34 2 22 35 13 23 36 0 24 37 2 25 38 14 26 39 15 26 40 16 26 41 17 27 42 14 27 43 16 27 44 18 28 45 17 28 46 16 28 47 19 29 48 18 29 49 16 29 50 20 30 51 19 30 52 16 30 53 21 31 54 20 31 55 16 31 56 22 32 57 21 32 58 16 32 59 23 33 60 22 33 61 16 33 62 24 34 63 23 34 64 16 34 65 25 35 66 24 35 67 16 35 68 26 36 69 25 36 70 16 36 71 15 37 72 26 37 73 16 37 74 27 38 75 28 38 76 29 38 77 28 39 78 30 39 79 29 39 80 30 40 81 31 40 82 29 40 83 31 41 84 32 41 85 29 41 86 32 42 87 33 42 88 29 42 89 33 43 90 34 43 91 29 43 92 34 44 93 35 44 94 29 44 95 35 45 96 36 45 97 29 45 98 36 46 99 37 46 100 29 46 101 37 47 102 38 47 103 29 47 104 38 48 105 39 48 106 29 48 107 39 49 108 27 49 109 29 49 110 40 50 111 41 50 112 42 50 113 43 51 114 40 51 115 42 51 116 44 52 117 43 52 118 42 52 119 45 53 120 44 53 121 42 53 122 46 54 123 45 54 124 42 54 125 47 55 126 46 55 127 42 55 128 48 56 129 47 56 130 42 56 131 49 57 132 48 57 133 42 57 134 50 58 135 49 58 136 42 58 137 51 59 138 50 59 139 42 59 140 52 60 141 51 60 142 42 60 143 41 61 144 52 61 145 42 61 146 53 62 147 54 62 148 55 62 149 54 63 150 56 63 151 55 63 152 56 64 153 57 64 154 55 64 155 57 65 156 58 65 157 55 65 158 58 66 159 59 66 160 55 66 161 59 67 162 60 67 163 55 67 164 60 68 165 61 68 166 55 68 167 61 69 168 62 69 169 55 69 170 62 70 171 63 70 172 55 70 173 63 71 174 64 71 175 55 71 176 64 72 177 65 72 178 55 72 179 65 73 180 53 73 181 55 73 182 66 74 183 67 74 184 68 74 185 69 75 186 66 75 187 68 75 188 70 76 189 69 76 190 68 76 191 71 77 192 70 77 193 68 77 194 72 78 195 71 78 196 68 78 197 73 79 198 72 79 199 68 79 200 74 80 201 73 80 202 68 80 203 75 81 204 74 81 205 68 81 206 76 82 207 75 82 208 68 82 209 77 83 210 76 83 211 68 83 212 78 84 213 77 84 214 68 84 215 67 85 216 78 85 217 68 85 218 79 86 219 80 86 220 81 86 221 80 87 222 82 87 223 81 87 224 82 88 225 83 88 226 81 88 227 83 89 228 84 89 229 81 89 230 84 90 231 85 90 232 81 90 233 85 91 234 86 91 235 81 91 236 86 92 237 87 92 238 81 92 239 87 93 240 88 93 241 81 93 242 88 94 243 89 94 244 81 94 245 89 95 246 90 95 247 81 95 248 90 96 249 91 96 250 81 96 251 91 97 252 79 97 253 81 97 254 92 98 255 93 99 256 94 100 257 92 98 258 94 100 259 95 101 260 93 99 261 96 102 262 97 103 263 93 99 264 97 103 265 94 100 266 96 102 267 98 104 268 99 105 269 96 102 270 99 105 271 97 103 272 98 104 273 100 106 274 101 107 275 98 104 276 101 107 277 99 105 278 100 106 279 102 108 280 103 109 281 100 106 282 103 109 283 101 107 284 102 108 285 104 110 286 105 111 287 102 108 288 105 111 289 103 109 290 104 110 291 106 112 292 107 113 293 104 110 294 107 113 295 105 111 296 106 112 297 108 114 298 109 115 299 106 112 300 109 115 301 107 113 302 108 114 303 110 116 304 111 117 305 108 114 306 111 117 307 109 115 308 110 116 309 112 118 310 113 119 311 110 116 312 113 119 313 111 117 314 112 118 315 114 120 316 115 121 317 112 118 318 115 121 319 113 119 320 114 120 321 116 122 322 117 123 323 114 120 324 117 123 325 115 121 326 116 122 327 118 124 328 119 125 329 116 122 330 119 125 331 117 123 332 120 126 333 121 127 334 122 128 335 120 126 336 122 128 337 123 129 338 124 130 339 125 130 340 126 130 341 124 131 342 126 131 343 127 131 344 128 132 345 129 132 346 130 132 347 128 133 348 130 133 349 131 133 350 132 134 351 133 135 352 134 136 353 132 134 354 134 136 355 135 137 356 133 135 357 136 138 358 137 139 359 133 135 360 137 139 361 134 136 362 138 140 363 139 141 364 140 142 365 138 140 366 140 142 367 141 143 368 139 141 369 142 144 370 143 145 371 139 141 372 143 145 373 140 142 374 144 146 375 145 146 376 146 146 377 144 147 378 146 147 379 147 147 380 148 148 381 149 148 382 150 148 383 148 149 384 150 149 385 151 149 386 152 150 387 153 151 388 154 152 389 152 150 390 154 152 391 155 153 392 153 151 393 156 154 394 157 155 395 153 151 396 157 155 397 154 152 398 158 156 399 120 126 400 123 129 401 158 156 402 123 129 403 159 157 404 160 158 405 161 158 406 162 158 407 160 159 408 162 159 409 163 159 410 164 160 411 165 161 412 166 162 413 164 160 414 166 162 415 167 163 416 168 164 417 169 165 418 170 166 419 168 164 420 170 166 421 171 167 422 172 168 423 173 169 424 174 170 425 172 168 426 174 170 427 175 171 428 176 172 429 177 173 430 178 174 431 176 172 432 178 174 433 179 175 434 169 165 435 180 176 436 181 177 437 169 165 438 181 177 439 170 166 440 172 168 441 182 178 442 183 179 443 172 168 444 183 179 445 173 169 446 167 163 447 184 180 448 185 181 449 167 163 450 185 181 451 164 160 452 186 182 453 187 183 454 188 184 455 186 182 456 188 184 457 189 185 458 165 161 459 190 186 460 191 187 461 165 161 462 191 187 463 166 162 464 174 170 465 192 188 466 193 189 467 174 170 468 193 189 469 175 171 470 171 167 471 194 190 472 195 191 473 171 167 474 195 191 475 168 164 476 176 172 477 196 192 478 197 193 479 176 172 480 197 193 481 177 173 482 190 186 483 198 194 484 199 195 485 190 186 486 199 195 487 191 187 488 192 188 489 200 196 490 201 197 491 192 188 492 201 197 493 193 189 494 194 190 495 202 198 496 203 199 497 194 190 498 203 199 499 195 191 500 196 192 501 204 200 502 205 201 503 196 192 504 205 201 505 197 193 506 198 194 507 206 202 508 207 203 509 198 194 510 207 203 511 199 195 512 200 196 513 208 204 514 209 205 515 200 196 516 209 205 517 201 197 518 202 198 519 210 206 520 211 207 521 202 198 522 211 207 523 203 199 524 204 200 525 212 208 526 213 209 527 204 200 528 213 209 529 205 201 530 206 202 531 214 210 532 215 211 533 206 202 534 215 211 535 207 203 536 216 212 537 217 213 538 218 214 539 216 212 540 218 214 541 219 215 542 210 206 543 220 216 544 221 217 545 210 206 546 221 217 547 211 207 548 212 208 549 222 218 550 223 219 551 212 208 552 223 219 553 213 209 554 214 210 555 224 220 556 225 221 557 214 210 558 225 221 559 215 211 560 217 213 561 226 222 562 227 223 563 217 213 564 227 223 565 218 214 566 220 216 567 228 224 568 229 225 569 220 216 570 229 225 571 221 217 572 222 218 573 230 226 574 231 227 575 222 218 576 231 227 577 223 219 578 232 228 579 233 228 580 234 228 581 232 229 582 234 229 583 235 229 584 236 230 585 237 231 586 238 232 587 236 230 588 238 232 589 239 233 590 240 234 591 241 235 592 242 236 593 240 234 594 242 236 595 243 237 596 244 238 597 245 239 598 246 240 599 244 238 600 246 240 601 247 241 602 248 242 603 249 243 604 250 244 605 248 242 606 250 244 607 251 245 608 243 237 609 242 236 610 252 246 611 243 237 612 252 246 613 253 247 614 244 238 615 247 241 616 254 248 617 244 238 618 254 248 619 255 249 620 237 231 621 236 230 622 256 250 623 237 231 624 256 250 625 257 251 626 258 252 627 259 253 628 260 254 629 258 252 630 260 254 631 261 255 632 239 233 633 238 232 634 262 256 635 239 233 636 262 256 637 263 257 638 246 240 639 245 239 640 264 258 641 246 240 642 264 258 643 265 259 644 241 235 645 240 234 646 266 260 647 241 235 648 266 260 649 267 261 650 248 242 651 251 245 652 268 262 653 248 242 654 268 262 655 269 263 656 263 257 657 262 256 658 270 264 659 263 257 660 270 264 661 271 265 662 265 259 663 264 258 664 272 266 665 265 259 666 272 266 667 273 267 668 267 261 669 266 260 670 274 268 671 267 261 672 274 268 673 275 269 674 269 263 675 268 262 676 276 270 677 269 263 678 276 270 679 277 271 680 271 265 681 270 264 682 278 272 683 271 265 684 278 272 685 279 273 686 273 267 687 272 266 688 280 274 689 273 267 690 280 274 691 281 275 692 275 269 693 274 268 694 282 276 695 275 269 696 282 276 697 283 277 698 277 271 699 276 270 700 284 278 701 277 271 702 284 278 703 285 279 704 279 273 705 278 272 706 286 280 707 279 273 708 286 280 709 287 281 710 288 282 711 289 283 712 290 284 713 288 282 714 290 284 715 291 285 716 283 277 717 282 276 718 292 286 719 283 277 720 292 286 721 293 287 722 285 279 723 284 278 724 294 288 725 285 279 726 294 288 727 295 289 728 287 281 729 286 280 730 229 225 731 287 281 732 229 225 733 228 224 734 291 285 735 290 284 736 231 227 737 291 285 738 231 227 739 230 226 740 293 287 741 292 286 742 225 221 743 293 287 744 225 221 745 224 220 746 295 289 747 294 288 748 227 223 749 295 289 750 227 223 751 226 222 752 296 290 753 297 291 754 298 292 755 296 290 756 298 292 757 299 293 758 300 294 759 301 294 760 302 294 761 300 295 762 302 295 763 303 295 764 304 296 765 305 296 766 306 296 767 304 297 768 306 297 769 307 297 770 308 298 771 309 298 772 310 298 773 308 299 774 310 299 775 311 299 776 312 300 777 313 300 778 314 300 779 312 301 780 314 301 781 315 301 782 316 302 783 317 302 784 318 302 785 316 303 786 318 303 787 319 303 788 320 304 789 321 304 790 322 304 791 320 305 792 322 305 793 323 305 794 324 306 795 325 307 796 326 308 797 324 306 798 326 308 799 327 309 800 328 310 801 329 310 802 330 310 803 328 311 804 330 311 805 331 311 806 332 312 807 333 312 808 334 312 809 332 313 810 334 313 811 335 313 812 336 314 813 337 315 814 338 316 815 336 314 816 338 316 817 339 317 818 340 318 819 341 319 820 342 320 821 340 318 822 342 320 823 343 321 824 344 322 825 345 322 826 346 322 827 344 323 828 346 323 829 347 323 830 348 324 831 349 324 832 350 324 833 348 325 834 350 325 835 351 325 836 352 326 837 353 326 838 354 326 839 352 327 840 354 327 841 355 327 842 356 328 843 357 328 844 358 328 845 356 329 846 358 329 847 359 329 848 53 330 849 65 330 850 85 330 851 53 331 852 85 331 853 84 331 854 65 332 855 64 332 856 86 332 857 65 333 858 86 333 859 85 333 860 64 334 861 63 334 862 87 334 863 64 335 864 87 335 865 86 335 866 326 308 867 325 307 868 340 318 869 326 308 870 340 318 871 343 321 872 50 336 873 51 336 874 73 336 875 50 337 876 73 337 877 74 337 878 51 338 879 52 338 880 72 338 881 51 339 882 72 339 883 73 339 884 52 340 885 41 340 886 71 340 887 52 341 888 71 341 889 72 341 890 41 342 891 40 342 892 70 342 893 41 343 894 70 343 895 71 343 896 296 290 897 299 293 898 338 316 899 296 290 900 338 316 901 337 315 902 54 344 903 53 344 904 84 344 905 54 345 906 84 345 907 83 345 908</p>
        </triangles>
      </mesh>
    </geometry>
    <geometry id="Wing8_FinalDJI_0-mesh" name="Wing8_FinalDJI_0">
      <mesh>
        <source id="Wing8_FinalDJI_0-mesh-positions">
          <float_array id="Wing8_FinalDJI_0-mesh-positions-array" count="11076">-2.147131 -0.6886334 1.006421 -2.054304 -0.7816375 1.010787 -2.179655 -0.7425197 1.00397 -2.093321 -0.6560738 1.009869 -2.030552 -0.6522998 1.013525 -1.973204 -0.6781761 1.016552 -1.934414 -0.7277746 1.018255 -1.92307 -0.7897331 1.018245 -1.941769 -0.8498575 1.016524 -1.986228 -0.8943741 1.013486 -2.046262 -0.9130847 1.009828 -2.108118 -0.9017028 1.006387 -2.157625 -0.8628359 1.003951 -2.183443 -0.805388 1.003079 0.421934 -1.019921 1.351485 0.3918814 -1.025809 1.366127 0.3789791 -1.021657 1.301968 0.3583714 -1.030585 1.363577 0.3303834 -1.032968 1.344519 0.3154165 -1.03232 1.31406 0.3174812 -1.028816 1.28036 0.3360242 -1.023393 1.25245 0.366077 -1.017505 1.237808 0.3995868 -1.01273 1.240358 0.4275749 -1.010346 1.259416 0.4425418 -1.010994 1.289875 0.4404771 -1.014498 1.323575 -0.4548491 -1.019921 1.351485 -0.4118942 -1.021657 1.301968 -0.4247965 -1.025809 1.366127 -0.3912865 -1.030585 1.363577 -0.3632984 -1.032968 1.344519 -0.3483315 -1.03232 1.31406 -0.3503963 -1.028816 1.28036 -0.3689393 -1.023393 1.25245 -0.398992 -1.017505 1.237808 -0.4325019 -1.01273 1.240358 -0.4604901 -1.010346 1.259416 -0.4754569 -1.010994 1.289875 -0.4733921 -1.014498 1.323575 0.06898123 0.4653928 1.456634 0.03262674 0.5017473 1.456634 -0.01703435 0.4157316 1.456634 -0.01703435 0.5150539 1.456634 -0.06669545 0.5017473 1.456634 -0.1030499 0.4653928 1.456634 -0.1163566 0.4157316 1.456634 -0.1030499 0.3660705 1.456634 -0.06669545 0.329716 1.456634 -0.01703435 0.3164094 1.456634 0.03262674 0.329716 1.456634 0.06898123 0.3660705 1.456634 0.0822879 0.4157316 1.456634 0.04651081 -0.5222532 1.115842 0.09260684 -0.5680778 1.11836 -0.01645749 -0.6306753 1.121799 -0.01645749 -0.5054804 1.114921 -0.07942581 -0.5222532 1.115842 -0.1255218 -0.5680778 1.11836 -0.1423942 -0.6306753 1.121799 -0.1255218 -0.6932728 1.125238 -0.07942581 -0.7390974 1.127756 -0.01645749 -0.7558702 1.128678 0.04651081 -0.7390974 1.127756 0.09260684 -0.6932728 1.125238 0.1094791 -0.6306753 1.121799 -0.07086133 -0.465438 0.7565833 -0.01705324 -0.465438 0.8493764 -0.1100803 -0.465438 0.7958022 -0.01705324 -0.465438 0.7422282 -0.07086133 -0.465438 0.9421695 -0.01705324 -0.465438 0.9565246 -0.1100803 -0.465438 0.9029505 -0.1244354 -0.465438 0.8493764 -0.1100803 -0.3816276 0.7958022 -0.01705324 -0.3816276 0.8493764 -0.07086133 -0.3816276 0.7565833 -0.01705324 -0.3816276 0.7422282 -0.01705324 -0.3816276 0.9565246 -0.07086133 -0.3816276 0.9421695 -0.1100803 -0.3816276 0.9029505 -0.1244354 -0.3816276 0.8493764 -0.3469513 -0.683295 0.7559627 -0.3469513 -0.7370324 0.8490387 -0.3469513 -0.6439564 0.7953012 -0.3469513 -0.6295573 0.8490387 -0.3469513 -0.7370324 0.7415638 -0.3469513 -0.7907698 0.7559627 -0.3469513 -0.6439564 0.9027761 -0.3469513 -0.8301084 0.7953012 -0.3469513 -0.683295 0.9421147 -0.3469513 -0.8445074 0.8490387 -0.3469513 -0.7370324 0.9565135 -0.3469513 -0.7907698 0.9421147 -0.3469513 -0.8301084 0.9027761 0.03675478 -0.465438 0.7565833 0.07597374 -0.465438 0.7958022 0.03675478 -0.465438 0.9421695 0.07597374 -0.465438 0.9029505 0.09032887 -0.465438 0.8493764 0.07597374 -0.3816276 0.7958022 0.03675478 -0.3816276 0.7565833 0.03675478 -0.3816276 0.9421695 0.07597374 -0.3816276 0.9029505 0.09032887 -0.3816276 0.8493764 0.3128446 -0.683295 0.7559627 0.3128446 -0.6439564 0.7953012 0.3128446 -0.7370324 0.8490387 0.3128446 -0.6295573 0.8490387 0.3128446 -0.7370324 0.7415638 0.3128446 -0.7907698 0.7559627 0.3128446 -0.6439564 0.9027761 0.3128446 -0.8301084 0.7953012 0.3128446 -0.683295 0.9421147 0.3128446 -0.8445074 0.8490387 0.3128446 -0.7370324 0.9565135 0.3128446 -0.7907698 0.9421147 0.3128446 -0.8301084 0.9027761 1.43745 2.379566 0.5025926 1.51446 2.37807 0.4934254 1.474111 2.221595 0.507779 1.368828 2.344914 0.5129514 1.324316 2.282054 0.522129 1.314111 2.205386 0.5280225 1.340551 2.132473 0.529282 1.397578 2.080019 0.5256189 1.472129 2.06004 0.5178725 1.547124 2.077115 0.5078169 1.605383 2.12733 0.4977567 1.633561 2.199182 0.4899954 1.582218 2.34077 0.4875497 1.6252 2.276211 0.4863119 -1.43745 2.379566 0.5025926 -1.474111 2.221595 0.507779 -1.51446 2.37807 0.4934254 -1.368828 2.344914 0.5129515 -1.324316 2.282054 0.5221291 -1.314111 2.205386 0.5280224 -1.340551 2.132473 0.5292819 -1.397578 2.080019 0.5256189 -1.472129 2.06004 0.5178725 -1.547124 2.077115 0.5078169 -1.605383 2.12733 0.4977567 -1.633561 2.199182 0.4899954 -1.582218 2.34077 0.4875498 -1.6252 2.276211 0.4863119 2.116379 -0.6886334 1.012951 2.148903 -0.7425197 1.010501 2.023551 -0.7816375 1.017317 2.062569 -0.6560738 1.0164 1.9998 -0.6522998 1.020056 1.942452 -0.6781761 1.023082 1.903662 -0.7277746 1.024785 1.892317 -0.7897331 1.024775 1.911016 -0.8498575 1.023054 1.955475 -0.8943741 1.020017 2.015509 -0.9130847 1.016358 2.077365 -0.9017028 1.012917 2.126873 -0.8628359 1.010482 2.15269 -0.805388 1.00961 -2.208914 -0.7332208 1.00242 -2.227927 -0.7364667 1.374521 -2.187875 -0.6701071 1.377539 -2.168861 -0.6668611 1.005438 -2.121609 -0.6300106 1.381785 -2.102595 -0.6267647 1.009685 -2.04431 -0.625363 1.386288 -2.025297 -0.6221172 1.014187 -1.973687 -0.657229 1.390015 -1.954674 -0.6539831 1.017914 -1.892935 -0.7913629 1.019999 -1.911948 -0.7946087 1.3921 -1.934975 -0.8686505 1.389981 -1.915962 -0.8654046 1.01788 -1.989725 -0.9234715 1.38624 -1.970712 -0.9202257 1.014139 -2.063656 -0.9465132 1.381734 -2.044642 -0.9432673 1.009634 -2.13983 -0.9324967 1.377497 -2.120817 -0.9292507 1.005396 -2.200797 -0.8846331 1.374497 -2.181784 -0.8813872 1.002397 -2.232591 -0.8138874 1.373424 -2.213577 -0.8106415 1.001323 -2.227927 -0.7364667 1.374521 -2.208914 -0.7332208 1.00242 -1.954674 -0.6539831 1.017914 -1.948516 -0.6615958 1.034261 -1.906147 -0.7157959 1.036392 -1.906906 -0.7150626 1.020011 -1.925919 -0.7183085 1.392112 -1.914113 -0.7172784 1.185278 -1.956481 -0.6630782 1.183147 -1.948516 -0.6615958 1.034261 -1.89375 -0.7834987 1.036381 -1.892935 -0.7913629 1.019999 -1.89375 -0.7834987 1.036381 -1.901716 -0.784981 1.185267 -0.6863976 -0.2499345 1.089675 -0.69393 -0.2647927 1.376947 -1.746607 -0.7100458 1.247125 -1.742765 -0.6983261 1.058331 -0.6857886 -0.2012201 1.381819 -0.6776469 -0.1376475 1.386691 -1.79058 -0.6123324 1.252296 -1.768593 -0.6611891 1.249711 -0.6776469 -0.1376475 1.386691 -0.6701146 -0.1227893 1.099418 -1.786738 -0.6006126 1.063501 -1.79058 -0.6123324 1.252296 -0.6701146 -0.1227893 1.099418 -0.6782561 -0.1863619 1.094547 -1.764751 -0.6494694 1.060916 -1.786738 -0.6006126 1.063501 -0.6224259 -0.2454617 1.158128 -0.6256932 -0.255428 1.318673 -0.6178072 -0.1716251 1.326621 -0.6099213 -0.08782219 1.33457 -0.6776469 -0.1376475 1.386691 -0.6857886 -0.2012201 1.381819 -0.6099213 -0.08782219 1.33457 -0.6062965 -0.07676565 1.156462 -0.6701146 -0.1227893 1.099418 -0.6062965 -0.07676565 1.156462 -0.6143611 -0.1611137 1.157295 -0.6782561 -0.1863619 1.094547 -0.5330967 -0.2466632 1.148367 -0.5370445 -0.2587051 1.342348 -0.4741623 -0.07077628 1.346365 -0.4112802 0.1171524 1.350382 -0.6099213 -0.08782219 1.33457 -0.6178072 -0.1716251 1.326621 -0.4112802 0.1171524 1.350382 -0.4073324 0.1148127 1.156401 -0.6062965 -0.07676565 1.156462 -0.4073324 0.1148127 1.156401 -0.4702146 -0.06592518 1.152384 -0.6143611 -0.1611137 1.157295 -1.901716 -0.784981 1.185267 -1.89375 -0.7834987 1.036381 -1.956481 -0.6630782 1.183147 -1.914113 -0.7172784 1.185278 -1.948516 -0.6615958 1.034261 -1.956481 -0.6630782 1.183147 -1.742765 -0.6983261 1.058331 -1.89375 -0.7834987 1.036381 -1.906147 -0.7157959 1.036392 -1.948516 -0.6615958 1.034261 -1.901716 -0.784981 1.185267 -1.746607 -0.7100458 1.247125 -0.6863976 -0.2499345 1.089675 -0.6224259 -0.2454617 1.158128 -0.6863976 -0.2499345 1.089675 -0.5330967 -0.2466632 1.148367 -0.6224259 -0.2454617 1.158128 -0.6256932 -0.255428 1.318673 -0.5370445 -0.2587051 1.342348 -0.69393 -0.2647927 1.376947 -0.6256932 -0.255428 1.318673 -0.69393 -0.2647927 1.376947 -2.226084 -0.7382092 1.417645 -2.187155 -0.6737111 1.420578 -2.122748 -0.6347394 1.424706 -2.047618 -0.6302222 1.429082 -1.978976 -0.6611942 1.432704 -1.932548 -0.7205604 1.434743 -1.918969 -0.7947202 1.434731 -1.94135 -0.866685 1.432671 -1.994565 -0.9199681 1.429035 -2.066421 -0.9423635 1.424656 -2.140459 -0.9287401 1.420537 -2.199716 -0.8822192 1.417622 -2.230617 -0.8134581 1.416579 -2.226084 -0.7382092 1.417645 -2.21137 -0.7437355 1.447158 -2.176614 -0.6861521 1.449776 -2.119112 -0.6513584 1.453461 -2.052037 -0.6473255 1.457368 -1.990754 -0.6749771 1.460602 -1.949303 -0.7279788 1.462422 -1.937179 -0.7941882 1.462411 -1.957162 -0.8584378 1.460572 -2.004671 -0.9060087 1.457327 -2.068824 -0.926003 1.453417 -2.134924 -0.9138402 1.44974 -2.187828 -0.8723067 1.447137 -2.215417 -0.8109173 1.446205 -2.21137 -0.7437355 1.447158 -2.21137 -0.7437355 1.447158 -2.1194 -0.7730292 1.455221 -2.108361 -0.7547393 1.456052 -2.176614 -0.6861521 1.449776 -2.090097 -0.7436881 1.457223 -2.119112 -0.6513584 1.453461 -2.068793 -0.742407 1.458464 -2.052037 -0.6473255 1.457368 -2.049327 -0.7511898 1.459491 -1.990754 -0.6749771 1.460602 -2.036162 -0.7680245 1.460069 -1.949303 -0.7279788 1.462422 -2.032311 -0.789054 1.460066 -1.937179 -0.7941882 1.462411 -2.038658 -0.8094611 1.459481 -1.957162 -0.8584378 1.460572 -2.053748 -0.8245707 1.45845 -2.004671 -0.9060087 1.457327 -2.074125 -0.8309214 1.457209 -2.068824 -0.926003 1.453417 -2.095119 -0.8270583 1.456041 -2.134924 -0.9138402 1.44974 -2.111923 -0.8138663 1.455214 -2.187828 -0.8723067 1.447137 -2.120686 -0.7943676 1.454918 -2.215417 -0.8109173 1.446205 -2.168861 -0.6668611 1.005438 -2.208914 -0.7332208 1.00242 -2.102595 -0.6267647 1.009685 -2.025297 -0.6221172 1.014187 -1.954674 -0.6539831 1.017914 -1.906906 -0.7150626 1.020011 -1.892935 -0.7913629 1.019999 -1.915962 -0.8654046 1.01788 -1.970712 -0.9202257 1.014139 -2.044642 -0.9432673 1.009634 -2.120817 -0.9292507 1.005396 -2.05926 -0.7927667 0.346812 -2.035101 -0.7742154 0.3483665 -1.985594 -0.8130823 0.3508021 -1.998293 -0.8406302 0.3498113 -2.091053 -0.7220211 0.3457382 -2.060919 -0.7167676 0.3474946 -2.08639 -0.6446003 0.3468357 -2.057131 -0.6538992 0.3483858 -2.05926 -0.7927667 0.346812 -1.998293 -0.8406302 0.3498113 -2.120817 -0.9292507 1.005396 -1.998293 -0.8406302 0.3498113 -1.985594 -0.8130823 0.3508021 -2.108118 -0.9017028 1.006387 -2.108118 -0.9017028 1.006387 -1.985594 -0.8130823 0.3508021 -2.035101 -0.7742154 0.3483665 -2.157625 -0.8628359 1.003951 -2.091053 -0.7220211 0.3457382 -2.060919 -0.7167676 0.3474946 -2.183443 -0.805388 1.003079 -2.08639 -0.6446003 0.3468357 -2.057131 -0.6538992 0.3483858 -2.179655 -0.7425197 1.00397 -2.179655 -0.7425197 1.00397 -2.057131 -0.6538992 0.3483858 -2.08639 -0.6446003 0.3468357 -2.208914 -0.7332208 1.00242 0.3532757 0.8246403 1.252064 0.368524 0.5730121 1.252085 0.3646669 0.5740508 1.151919 0.3543694 0.8246449 1.151692 0.3472529 0.8246589 0.8976384 0.3140196 0.8246496 0.6843538 0.3148652 1.020102 0.6837142 0.3499289 1.016865 0.8890327 0.5709349 -0.6003765 1.221985 0.5535886 -0.729426 1.222638 0.5530289 -0.7219402 1.149259 0.5697259 -0.5984281 1.148732 0.2797908 1.649771 0.7290843 0.2305231 1.652406 0.7202449 0.2615703 1.704732 0.8713044 0.3104428 1.702339 0.8737785 0.2625314 0.8246638 0.5328451 0.2057778 0.8246669 0.5197425 0.2073764 1.015062 0.5153659 0.2648259 1.019329 0.5286797 0.2590335 -0.3399385 0.9574193 0.2069508 -0.2834371 0.6948012 0.2567005 -0.2838287 0.6999891 0.3109942 -0.3576751 0.9581426 0.3629065 -0.6996639 1.16456 0.3051917 -0.6791531 1.159662 0.310981 -0.5290507 1.150955 0.3796411 -0.5280201 1.155871 0.3995379 -0.7249884 1.43964 0.3340748 -0.7258844 1.456363 0.3237429 -0.8558214 1.453612 0.3865267 -0.8543238 1.437431 0.2762007 0.5708162 1.463836 0.33452 0.5710297 1.44325 0.3236411 0.824639 1.442902 0.2685491 0.8246446 1.463296 0.288956 1.657037 1.211062 0.249701 1.665906 1.212633 0.2461669 1.641099 1.272575 0.2851912 1.633733 1.262733 0.3282798 1.632693 0.7337539 0.309217 1.64561 0.7328497 0.3370891 1.696717 0.8716932 0.3557298 1.679075 0.8697876 0.2750285 0.8246536 0.5547215 0.2625314 0.8246638 0.5328451 0.2648259 1.019329 0.5286797 0.2762807 1.019713 0.5530054 0.2565207 -0.3783618 0.6712024 0.2752284 -0.3768303 0.6739576 0.3335548 -0.4220287 0.9340703 0.3179818 -0.4310549 0.9420573 0.437784 -0.5639077 1.082763 0.4283359 -0.7349656 1.089275 0.3626568 -0.742209 1.079041 0.3793804 -0.5799102 1.071413 0.4424371 -0.7219266 1.420867 0.4293038 -0.8510914 1.41915 0.3472191 0.5711771 1.429034 0.3348495 0.8246361 1.428957 0.3089421 1.644142 1.199683 0.3054754 1.621009 1.255597 0.2564771 1.330165 0.4422959 0.2573704 1.219579 0.4372907 0.2155071 1.214109 0.423591 0.2150406 1.331822 0.4320485 0.2697348 1.375322 0.5454972 0.2714817 1.217517 0.5371787 0.2671764 1.221579 0.5234889 0.2610457 1.372879 0.5272186 0.3509892 1.109544 0.8840574 0.3160983 1.115797 0.6907927 0.3172615 1.379679 0.6968527 0.3493933 1.377756 0.8662415 0.3477406 1.29034 1.252019 0.3527938 1.093937 1.254088 0.3553858 1.099352 1.155331 0.351557 1.32421 1.155849 0.3105151 1.254538 1.442004 0.3188693 1.085544 1.442861 0.3307902 1.085837 1.428782 0.3228461 1.255536 1.427767 0.2617569 1.252207 1.461279 0.2662954 1.085131 1.462764 0.2055029 1.463612 0.5508195 0.2475485 1.453261 0.5573132 0.2104638 1.383672 0.514074 0.2667413 1.445976 0.565596 0.3222681 1.469784 0.7221946 0.3348184 1.500325 0.8845111 0.3335342 1.359063 1.157263 0.324841 1.509786 1.167018 0.3204203 1.490107 1.243779 0.3270331 1.332576 1.253781 0.3046352 1.296722 1.423496 0.2992689 1.448102 1.402136 0.286096 1.45059 1.415941 0.2946717 1.296824 1.437207 0.2382912 1.450237 1.432811 0.2434266 1.28808 1.459192 0.2648259 1.019329 0.5286797 0.2073764 1.015062 0.5153659 0.2148877 1.091206 0.4311085 0.2562933 1.092459 0.4414769 0.1999174 1.330172 0.4345623 0.1990258 1.21407 0.4291507 0.1714128 1.22828 0.5124187 0.1694625 1.372866 0.5155388 0.2564771 1.330165 0.4422959 0.2150406 1.331822 0.4320485 0.2104638 1.383672 0.514074 0.2610457 1.372879 0.5272186 0.2573704 1.219579 0.4372907 0.2564771 1.330165 0.4422959 0.3636197 0.5749942 1.06094 0.3573939 0.575982 0.9656801 0.3581213 0.8246687 0.9646136 0.3633835 0.8246694 1.057945 0.3323293 -0.454619 0.9755192 0.3583644 -0.4432629 0.9725739 0.4245796 -0.4823041 1.052849 0.3630815 -0.4948449 1.041022 0.3015642 -0.4221773 1.118225 0.2742251 -0.3790449 1.041457 0.3325591 -0.3746921 1.046638 0.3633316 -0.4226228 1.121252 0.2779499 1.715955 0.945918 0.2784346 1.711873 1.029638 0.3260757 1.704481 1.027562 0.3238918 1.708717 0.9482997 0.3749389 1.686766 1.013751 0.370911 1.684947 0.9475616 0.3492099 1.700485 0.9447616 0.3567278 1.701219 1.00785 0.354824 0.8246473 1.103669 0.3642202 0.5745242 1.106263 0.3630815 -0.4948449 1.041022 0.4245796 -0.4823041 1.052849 0.3015642 -0.4221773 1.118225 0.3633316 -0.4226228 1.121252 0.2655365 1.707227 1.084242 0.3113668 1.70198 1.086213 0.3309879 1.681128 1.090066 0.3500157 1.68656 1.049741 0.346167 0.576628 0.9033855 0.2481796 1.49353 0.5710666 0.2043143 1.498183 0.5632174 0.2106353 1.604547 0.624365 0.2582597 1.599087 0.6419821 0.2929345 1.485574 0.5907479 0.2737724 1.48797 0.5778955 0.2872736 1.595029 0.648023 0.3073059 1.586993 0.6582572 0.4055603 1.548021 0.8826704 0.3531097 1.522713 0.7137984 0.3414241 1.604786 0.7265338 0.375861 1.648827 0.8694252 0.3157141 1.591084 1.248562 0.3191789 1.610889 1.18689 0.2991635 1.561048 1.370335 0.2840585 1.568201 1.381235 0.2391192 1.568639 1.392169 0.4282364 -0.2219694 1.440714 0.344103 -0.2192142 1.462606 0.3425066 -0.6198439 1.458608 0.4101561 -0.6194385 1.441443 0.4550753 -0.2234404 1.424878 0.453155 -0.616516 1.422267 0.5931727 -0.2510993 1.148509 0.5918222 -0.2589653 1.221931 0.4976928 -0.493019 1.082299 0.5130752 -0.1600679 1.083224 0.5771077 -0.2450256 1.107035 0.5518679 -0.5878388 1.10536 0.3673675 -0.1065592 0.9675897 0.4588037 -0.09706431 1.063042 0.4482501 -0.4379888 1.059964 0.375496 -0.398714 0.9697204 0.3429228 -0.3746017 0.9126266 0.3415685 -0.1005917 0.903038 0.300494 -0.08318728 0.6832429 0.2953459 -0.3373432 0.6835416 0.2423209 -0.3183064 0.5509436 0.2467612 -0.08189803 0.5468476 0.2597725 -0.08232134 0.5611478 0.2571958 -0.3118273 0.5650664 0.1911036 -0.08161622 0.5360471 0.2467612 -0.08189803 0.5468476 0.1892549 -0.3257224 0.5407822 0.2569085 1.694478 1.135264 0.2964467 1.683557 1.138164 0.3179171 1.666628 1.133556 0.3502189 1.528346 1.09569 0.3331958 1.522407 1.12495 0.3402646 1.370185 1.129273 0.3669744 1.35736 1.099253 0.3431972 1.649569 1.092061 0.328454 1.63616 1.12405 0.3206984 1.012799 1.442883 0.2671016 1.012681 1.462983 0.332376 1.012895 1.42887 0.3552482 1.017044 1.154496 0.3530794 1.015384 1.253667 0.2672442 1.108694 0.5241109 0.2768774 1.112246 0.5522103 0.2562933 1.092459 0.4414769 0.2573308 1.134225 0.4371255 0.2562933 1.092459 0.4414769 0.2148877 1.091206 0.4311085 0.2154828 1.136397 0.4234388 0.2573308 1.134225 0.4371255 0.1713766 1.107948 0.5120524 0.1990032 1.134665 0.428967 0.1997963 1.093022 0.4336215 0.1776451 1.030847 0.516424 0.1692473 1.652694 0.7126215 0.1971411 1.707549 0.871766 0.2060093 1.715366 0.9459989 0.2081919 1.713698 1.028118 0.1990851 1.711247 1.084814 0.1887322 1.698169 1.135306 0.1844072 1.67184 1.206875 0.1842263 1.644684 1.274002 0.1950289 1.452059 1.436919 0.1766746 1.568607 1.398015 0.2082025 1.286345 1.462608 0.2253671 1.251417 1.46481 0.2286646 1.0851 1.466267 0.2291028 1.012673 1.466534 0.2298956 0.8246462 1.46694 0.2360091 0.5707781 1.467514 0.2937531 -0.2190304 1.466386 0.2922714 -0.6199181 1.462277 0.2832278 -0.7238504 1.460019 0.272146 -0.8512038 1.457252 0.3009963 -1.029303 1.259901 0.224687 -1.029566 1.259106 0.2293567 -1.023464 1.221456 0.305122 -1.022088 1.222836 0.2515595 -0.6530932 1.158599 0.2614925 -0.5250553 1.150102 0.2274407 -0.4241827 1.113316 0.1994277 -0.3803403 1.040545 0.2274407 -0.4241827 1.113316 0.1876571 -0.342188 0.9606387 0.1744945 -0.2834394 0.6938355 0.1605032 -0.08158057 0.5343002 0.1586923 -0.3281883 0.5389313 0.1754058 0.8246632 0.5203937 0.1776451 1.030847 0.516424 0.2148877 1.091206 0.4311085 0.2073764 1.015062 0.5153659 0.1776451 1.030847 0.516424 0.1997963 1.093022 0.4336215 0.1990032 1.134665 0.428967 0.2154828 1.136397 0.4234388 0.2148877 1.091206 0.4311085 0.1997963 1.093022 0.4336215 0.2150406 1.331822 0.4320485 0.2155071 1.214109 0.423591 0.1990258 1.21407 0.4291507 0.1999174 1.330172 0.4345623 0.1694625 1.372866 0.5155388 0.1999174 1.330172 0.4345623 0.1556953 1.469413 0.5510624 0.1694625 1.372866 0.5155388 0.1513527 1.501307 0.5619217 0.1578991 1.604897 0.6213319 -0.01645749 1.374432 0.5254511 -0.01645749 1.475477 0.553668 0.1714128 1.22828 0.5124187 -0.01645749 1.218897 0.5206016 -0.01645749 1.020699 0.5228387 -0.01645749 1.103734 0.5201933 0.1713766 1.107948 0.5120524 -0.01645749 0.8435356 0.5247828 -0.01645749 -0.3223201 0.5421474 -0.01645749 -0.08307921 0.5341275 -0.01645749 -0.28351 0.6934277 -0.0121414 -0.3447547 0.9688223 -0.01358073 -0.381147 1.043343 -0.01592928 -0.4040899 1.117098 -0.01645749 -1.029784 1.257697 -0.01645749 -1.024203 1.22077 -0.01645749 -0.7260457 1.460678 -0.01645749 -0.8560628 1.457833 -0.01645749 -0.2189792 1.467157 -0.01645749 -0.6199396 1.463 -0.01645749 0.8246466 1.467752 -0.01645749 0.5707733 1.468001 -0.01645749 1.012668 1.467324 -0.01645749 1.085084 1.467037 -0.01645749 1.251172 1.465612 -0.01645749 1.28594 1.46347 -0.01645749 1.450904 1.437814 -0.01645749 1.570303 1.40081 -0.01645749 1.677863 1.194636 -0.01645749 1.646299 1.273552 -0.01645749 1.715131 1.084797 -0.01645749 1.700193 1.133647 -0.01645749 1.714665 1.031506 -0.01645749 1.718732 0.9422372 -0.01645749 1.706301 0.8648988 -0.01645749 1.656054 0.7171368 0.3646617 1.658219 1.058508 0.3431972 1.649569 1.092061 0.375861 1.648827 0.8694252 0.3915678 1.651584 0.9524351 0.3414241 1.604786 0.7265338 0.3121999 1.492852 0.6222015 0.3208683 1.578226 0.6663232 0.2799335 1.443475 0.5796761 0.2935649 1.453446 0.6140775 0.2941898 1.377855 0.6075175 0.2779922 1.376394 0.5620501 0.2932865 1.113416 0.5933549 0.2925609 1.019982 0.5907257 0.2917911 0.8246496 0.5913848 0.2784137 -0.08347523 0.5933072 0.2759691 -0.3217834 0.5943869 0.2752284 -0.3768303 0.6739576 0.3335548 -0.4220287 0.9340703 0.3583644 -0.4432629 0.9725739 0.4721648 -0.5652222 1.089939 0.5355465 -0.7219592 1.110806 0.4642935 -0.7273225 1.096215 0.5132813 -0.9751765 1.226695 0.4497879 -0.9959409 1.224947 0.450001 -0.9847243 1.169912 0.512769 -0.9713181 1.155909 0.467405 -0.8090282 1.403455 0.4575042 -0.8862109 1.403414 0.5807406 -0.2728633 1.373072 0.5608008 -0.6174132 1.371314 0.3679006 0.5715392 1.39412 0.3485477 0.8246319 1.394251 0.3468771 1.013135 1.394102 0.3460256 1.086596 1.393887 0.3398649 1.256246 1.392334 0.3167652 1.300322 1.389377 0.3106017 1.45368 1.371606 0.3090297 1.548326 1.353337 0.3191789 1.610889 1.18689 0.3089421 1.644142 1.199683 0.3054754 1.621009 1.255597 0.3157141 1.591084 1.248562 0.328454 1.63616 1.12405 -0.01645749 -0.264897 0.6089627 0.164779 -0.2646524 0.6085373 0.1973292 -0.2649042 0.6113515 0.2443109 -0.2637229 0.6153897 0.2441392 -0.3614879 0.596934 0.2605845 -0.3586978 0.5974608 0.2759691 -0.3217834 0.5943869 0.2605845 -0.3586978 0.5974608 0.2784137 -0.08347523 0.5933072 0.2917911 0.8246496 0.5913848 0.2925609 1.019982 0.5907257 0.2932865 1.113416 0.5933549 0.2941898 1.377855 0.6075175 0.2935649 1.453446 0.6140775 0.3121999 1.492852 0.6222015 0.3208683 1.578226 0.6663232 0.3073059 1.586993 0.6582572 0.3208683 1.578226 0.6663232 0.2872736 1.595029 0.648023 0.2582597 1.599087 0.6419821 0.2106353 1.604547 0.624365 0.1578991 1.604897 0.6213319 -0.01645749 1.606961 0.618938 -0.01645749 1.50132 0.5620675 -0.01645749 1.606961 0.618938 0.1840412 1.616878 1.342734 -0.01645749 1.61398 1.354356 -0.01645749 1.570303 1.40081 0.1766746 1.568607 1.398015 0.2425482 1.615698 1.333952 0.2391192 1.568639 1.392169 0.2840585 1.568201 1.381235 0.2813367 1.609871 1.315639 0.3019258 1.597322 1.312849 0.2991635 1.561048 1.370335 0.3121664 1.570805 1.31171 0.3019258 1.597322 1.312849 0.2991635 1.561048 1.370335 0.3090297 1.548326 1.353337 0.3106017 1.45368 1.371606 0.3158938 1.469956 1.322378 0.3121664 1.570805 1.31171 0.3090297 1.548326 1.353337 0.3167652 1.300322 1.389377 0.3205525 1.306623 1.352297 0.3398649 1.256246 1.392334 0.3447722 1.266467 1.354314 0.3460256 1.086596 1.393887 0.3501398 1.088392 1.35521 0.3521558 0.8246356 1.354838 0.3508587 1.013685 1.355213 0.3468771 1.013135 1.394102 0.3485477 0.8246319 1.394251 0.3679006 0.5715392 1.39412 0.3724734 0.5719485 1.354649 0.5726843 -0.6064789 1.332845 0.5935065 -0.2654423 1.333678 0.5807406 -0.2728633 1.373072 0.5608008 -0.6174132 1.371314 0.5440253 -0.7452544 1.371086 0.5544605 -0.7444981 1.333909 0.4399088 -1.006664 1.392697 0.4472275 -1.012038 1.352215 0.5134328 -0.982851 1.336329 0.5105357 -0.9795076 1.367666 0.3648685 -1.026682 1.415407 0.3598313 -1.03737 1.383887 0.4043111 -1.027382 1.375356 0.4114707 -1.017599 1.402776 0.3109544 -1.028312 1.430477 0.309014 -1.04662 1.383494 0.2405604 -1.025662 1.432396 0.2325004 -1.045238 1.38388 -0.01645749 -1.028761 1.434095 -0.01645749 -1.043678 1.382243 0.2426088 -1.013197 1.158237 -0.01645749 -1.013221 1.148262 -0.01645749 -0.9861721 1.107087 0.2464669 -0.9851606 1.108153 0.3077055 -1.009109 1.159757 0.3094139 -0.9799719 1.112558 0.3586052 -1.002292 1.16106 0.3633564 -0.9763576 1.115905 0.402189 -0.9946789 1.164799 0.4031071 -0.9690135 1.121626 0.4470803 -0.9609752 1.127488 0.5035856 -0.9583456 1.128229 0.5355465 -0.7219592 1.110806 0.5518679 -0.5878388 1.10536 0.5771077 -0.2450256 1.107035 0.3584859 1.018786 1.105854 0.3613003 1.105101 1.104998 -0.01645749 -0.004380404 0.5329673 0.1619251 -0.004116415 0.5336738 0.1928247 -0.004160284 0.5354385 0.2488517 -0.004436731 0.546388 0.2488517 -0.004436731 0.546388 0.2618524 -0.004821836 0.5608385 0.2803712 -0.005696177 0.5931737 0.2803712 -0.005696177 0.5931737 0.3017342 -0.003951668 0.6831666 0.3393233 -0.01183319 0.9044191 0.3611986 -0.01598018 0.965664 0.4470266 -0.01143455 1.063152 0.5104686 -0.1031011 1.083962 0.5706223 -0.1675638 1.10723 0.5706223 -0.1675638 1.10723 0.5820308 -0.1814296 1.149263 0.3754131 -0.2069476 1.149442 0.3826419 -0.2098528 1.226107 0.3824377 -0.2799829 1.22394 0.3753409 -0.2766173 1.148675 0.5771522 -0.08860051 1.334523 0.5688918 -0.08906167 1.373999 0.5688918 -0.08906167 1.373999 0.4414718 -0.03949606 1.426225 0.4200659 -0.03779715 1.441275 0.3383291 -0.03489273 1.463053 0.2892926 -0.0346868 1.466829 -0.01645749 -0.04231876 1.46747 0.243037 0.1685056 1.467029 -0.01645749 0.1715915 1.467725 -0.01645749 0.09810632 1.467623 0.2539248 0.08471447 1.466964 0.2981301 0.08458298 1.463217 0.2849969 0.1684218 1.46331 0.3650333 0.08342969 1.442014 0.3470261 0.1677775 1.442491 0.3869981 0.07965666 1.426845 0.3614388 0.1674053 1.427956 0.3901483 0.1660641 1.392781 0.4220775 0.08017349 1.38671 0.4220775 0.08017349 1.38671 0.4318446 0.07847803 1.347204 0.3958301 0.1672678 1.353246 0.3901483 0.1660641 1.392781 0.3756062 0.1616268 1.151512 0.3849828 0.1563724 1.250955 0.3846489 0.06750351 1.24741 0.3755044 0.07268059 1.150427 0.3750219 0.1799165 1.108133 0.3765047 0.1779023 1.15106 0.4338846 0.09599941 1.150049 0.427669 0.09589284 1.107663 0.4123886 0.1031833 1.062562 0.3638911 0.183758 1.063302 0.3565656 0.1875737 0.9657323 0.359799 0.09966379 0.9656755 0.3449187 0.1874664 0.9088404 0.3456874 0.1026153 0.9058228 0.309197 0.108721 0.6830661 0.3106651 0.1964458 0.6830499 0.2893475 0.197189 0.5927984 0.2883006 0.1077054 0.5929823 0.2883006 0.1077054 0.5929823 0.269548 0.1088479 0.5605264 0.2710073 0.2003905 0.5601241 0.2893475 0.197189 0.5927984 0.2578464 0.2015788 0.5452768 0.2564541 0.1094214 0.5459556 0.2564541 0.1094214 0.5459556 0.198772 0.1098194 0.5348942 0.2005515 0.2022579 0.5340486 0.2578464 0.2015788 0.5452768 0.1686481 0.2024497 0.5323742 0.1671562 0.1098979 0.5331425 -0.01645749 0.1099178 0.5324528 -0.01645749 0.2024568 0.5318172 0.5688918 -0.08906167 1.373999 0.5771522 -0.08860051 1.334523 0.3840241 -0.09907931 1.240766 0.3754488 -0.09341818 1.149821 0.5765208 -0.06790018 1.149636 0.5671644 -0.06378263 1.107334 0.5671644 -0.06378263 1.107334 0.427669 0.09589284 1.107663 0.262435 -0.9628044 1.454827 -0.01645749 -0.9699977 1.45534 -0.01645749 -1.028761 1.434095 0.2405604 -1.025662 1.432396 0.314689 -0.9696859 1.451202 0.3109544 -1.028312 1.430477 0.3648685 -1.026682 1.415407 0.375125 -0.9676613 1.435495 0.417795 -0.9642794 1.417646 0.4114707 -1.017599 1.402776 0.4399088 -1.006664 1.392697 0.4488281 -0.9538466 1.403378 0.5134328 -0.982851 1.336329 0.5287456 -0.9293164 1.33541 0.5197844 -0.9299926 1.370756 0.5105357 -0.9795076 1.367666 0.512769 -0.9713181 1.155909 0.5280073 -0.9162756 1.15005 0.5285033 -0.9199901 1.223578 0.5132813 -0.9751765 1.226695 0.5035856 -0.9583456 1.128229 0.5154532 -0.912696 1.117229 0.4470803 -0.9609752 1.127488 0.4516487 -0.9000972 1.107244 0.5154532 -0.912696 1.117229 0.5035856 -0.9583456 1.128229 0.3441016 -0.9063873 1.090765 0.4135685 -0.8986905 1.101 0.4031071 -0.9690135 1.121626 0.3633564 -0.9763576 1.115905 0.3094139 -0.9799719 1.112558 0.2963942 -0.91442 1.086378 0.2300315 -0.9291284 1.083526 0.2464669 -0.9851606 1.108153 -0.01645749 -0.9357576 1.083134 -0.01645749 -0.9861721 1.107087 0.5765208 -0.06790018 1.149636 0.5671644 -0.06378263 1.107334 0.3928044 -0.104876 1.33389 0.3927231 -0.2887611 1.333025 0.3897043 -0.283429 1.301008 0.3900438 -0.2128276 1.304609 0.590439 -0.2670196 1.297113 0.5721727 -0.6023716 1.296991 0.5541617 -0.7418825 1.297774 0.5137601 -0.9790894 1.299217 0.5290113 -0.9237936 1.298868 0.4584462 -1.005953 1.305194 0.5137601 -0.9790894 1.299217 0.2224149 -1.036066 1.302013 0.3003183 -1.036412 1.302476 -0.01645749 -1.036329 1.306081 0.3814159 1.533106 1.059083 0.3646617 1.658219 1.058508 0.4232308 1.552352 0.9638814 0.3915678 1.651584 0.9524351 0.3967659 1.373578 1.058499 0.423037 1.536034 1.022073 0.4542098 1.389525 1.026411 0.4543278 1.372538 0.9714112 0.3586539 1.506553 0.9544137 0.3824943 1.371799 0.9646317 0.386819 1.107094 1.056484 0.41942 1.107492 1.024958 0.4188476 1.104058 0.9711903 0.3727948 1.104469 0.9645106 0.3798564 1.019309 1.056677 0.4032357 1.018225 0.9712036 0.4013032 1.01918 1.017304 0.373292 0.8931169 0.9998046 0.3766959 0.8820108 0.9713044 0.3684756 1.018581 0.9645174 0.423037 1.536034 1.022073 0.4542098 1.389525 1.026411 0.4232308 1.552352 0.9638814 0.4543278 1.372538 0.9714112 0.3824943 1.371799 0.9646317 0.3586539 1.506553 0.9544137 0.41942 1.107492 1.024958 0.4188476 1.104058 0.9711903 0.3727948 1.104469 0.9645106 0.3581213 0.8246687 0.9646136 0.3684756 1.018581 0.9645174 0.4032357 1.018225 0.9712036 0.3766959 0.8820108 0.9713044 0.5197844 -0.9299926 1.370756 0.5105357 -0.9795076 1.367666 0.5366777 -0.8012504 1.370986 0.5276742 -0.8698651 1.370863 0.5276742 -0.8698651 1.370863 0.5371151 -0.8691628 1.334921 0.5466661 -0.8005184 1.334364 0.5366777 -0.8012504 1.370986 0.5371971 -0.8645862 1.298512 0.5465384 -0.7970216 1.298106 0.5454446 -0.7780437 1.149499 0.545985 -0.7920964 1.222923 0.536668 -0.8602589 1.223272 0.5361512 -0.8560326 1.149793 0.5219931 -0.846581 1.115139 0.529456 -0.7769719 1.112753 0.4604607 -0.7768907 1.099558 0.529456 -0.7769719 1.112753 0.5219931 -0.846581 1.115139 0.4557642 -0.8376291 1.103654 0.4238597 -0.7817907 1.092829 0.4183749 -0.839168 1.097184 0.3570325 -0.7891716 1.082595 0.3501408 -0.8489164 1.086949 0.3503823 -0.8241893 1.173568 0.2993966 -0.8302466 1.168603 0.3025876 -0.75296 1.16368 0.3572785 -0.7556216 1.168608 0.2424302 -0.7510967 1.161954 0.2283283 -0.8627604 1.166066 0.475485 -0.7460398 1.403489 0.5440253 -0.7452544 1.371086 0.3824377 -0.2799829 1.22394 0.5918222 -0.2589653 1.221931 0.5931727 -0.2510993 1.148509 0.3753409 -0.2766173 1.148675 0.5931727 -0.2510993 1.148509 0.5820308 -0.1814296 1.149263 0.3754131 -0.2069476 1.149442 0.3753409 -0.2766173 1.148675 0.3765047 0.1779023 1.15106 0.3860532 0.172648 1.250958 0.3958301 0.1672678 1.353246 0.4318446 0.07847803 1.347204 0.3940121 0.06220251 1.346714 0.3945836 0.1509923 1.352779 0.4338846 0.09599941 1.150049 0.3765047 0.1779023 1.15106 0.3756062 0.1616268 1.151512 0.3755044 0.07268059 1.150427 0.5771522 -0.08860051 1.334523 0.3928044 -0.104876 1.33389 0.5765208 -0.06790018 1.149636 0.3754488 -0.09341818 1.149821 0.5935065 -0.2654423 1.333678 0.3927231 -0.2887611 1.333025 0.5935065 -0.2654423 1.333678 0.590439 -0.2670196 1.297113 0.3897043 -0.283429 1.301008 0.3927231 -0.2887611 1.333025 0.3952817 1.652689 1.018218 0.3952817 1.652689 1.018218 0.3952817 1.652689 1.018218 0.3952817 1.652689 1.018218 0.3348184 1.500325 0.8845111 0.3531097 1.522713 0.7137984 0.4055603 1.548021 0.8826704 0.2929345 1.485574 0.5907479 0.3121999 1.492852 0.6222015 0.3121999 1.492852 0.6222015 0.3586539 1.506553 0.9544137 0.4232308 1.552352 0.9638814 0.3124591 0.5789007 0.6842293 0.2906543 0.5798516 0.5925309 0.2906543 0.5798516 0.5925309 0.2731578 0.5802127 0.5577116 0.2603519 0.5804057 0.5391014 0.2603519 0.5804057 0.5391014 0.2033464 0.5805326 0.5268688 0.1722621 0.580537 0.5264372 -0.01645749 0.5805166 0.5284205 -0.01645749 1.630269 1.313631 0.1841345 1.630892 1.308093 0.244372 1.6285 1.303018 0.2832794 1.621898 1.288974 0.3037148 1.60926 1.283994 0.3037148 1.60926 1.283994 0.3139545 1.581025 1.279883 0.3139545 1.581025 1.279883 0.3181751 1.480112 1.282764 0.3238306 1.319822 1.302768 0.3463962 1.279633 1.30389 0.3514775 1.091187 1.304245 0.351978 1.014542 1.304034 0.3527202 0.824638 1.30304 0.3704829 0.5724845 1.302957 0.3909026 0.1699794 1.301693 0.3897448 0.1537039 1.30146 0.3892931 0.06487423 1.296665 0.3883792 -0.1019545 1.286956 0.3863133 -0.2113283 1.265044 0.3860419 -0.2816922 1.262166 0.3860419 -0.2816922 1.262166 0.5911362 -0.2629602 1.259222 0.5911362 -0.2629602 1.259222 0.5715488 -0.6013661 1.259188 0.5538728 -0.7391542 1.259906 0.5369304 -0.8624053 1.260591 0.5462595 -0.7945392 1.260214 0.5287553 -0.9218767 1.260922 0.5135188 -0.9771173 1.262666 0.5135188 -0.9771173 1.262666 0.4562945 -1.001237 1.264475 0.4015914 -1.00598 1.216038 0.362222 -1.014411 1.215904 0.3918814 -1.025809 1.366127 0.421934 -1.019921 1.351485 0.421934 -1.03064 1.351485 0.3918814 -1.036528 1.366127 0.3583714 -1.030585 1.363577 0.3583714 -1.041304 1.363577 0.3303834 -1.032968 1.344519 0.3303834 -1.043687 1.344519 0.3154165 -1.03232 1.31406 0.3154165 -1.04304 1.31406 0.3174812 -1.028816 1.28036 0.3174812 -1.039535 1.28036 0.3360242 -1.023393 1.25245 0.3360242 -1.034112 1.25245 0.366077 -1.017505 1.237808 0.366077 -1.028224 1.237808 0.3995868 -1.01273 1.240358 0.3995868 -1.023449 1.240358 0.4275749 -1.010346 1.259416 0.4275749 -1.021065 1.259416 0.4425418 -1.010994 1.289875 0.4425418 -1.021713 1.289875 0.4404771 -1.014498 1.323575 0.4404771 -1.025218 1.323575 0.3945836 0.1509923 1.352779 0.3940121 0.06220251 1.346714 0.3995868 -1.023449 1.240358 0.366077 -1.028224 1.237808 0.3360242 -1.034112 1.25245 0.4275749 -1.021065 1.259416 0.4425418 -1.021713 1.289875 0.4404771 -1.025218 1.323575 0.421934 -1.03064 1.351485 0.3918814 -1.036528 1.366127 0.3583714 -1.041304 1.363577 0.3303834 -1.043687 1.344519 0.3154165 -1.04304 1.31406 0.3174812 -1.039535 1.28036 -0.3861908 0.8246403 1.252064 -0.3872845 0.8246449 1.151692 -0.397582 0.5740509 1.151919 -0.4014391 0.5730121 1.252085 -0.380168 0.8246589 0.8976384 -0.382844 1.016865 0.8890327 -0.3477803 1.020102 0.6837142 -0.3469347 0.8246496 0.6843538 -0.60385 -0.6003765 1.221985 -0.602641 -0.5984281 1.148732 -0.5859439 -0.7219402 1.149259 -0.5865036 -0.729426 1.222638 -0.3127059 1.649771 0.7290843 -0.3433579 1.702339 0.8737785 -0.2944854 1.704732 0.8713044 -0.2634382 1.652406 0.7202449 -0.2954465 0.8246638 0.5328451 -0.297741 1.019329 0.5286797 -0.2402915 1.015062 0.5153659 -0.2386928 0.8246669 0.5197425 -0.2933849 -0.3426951 0.9712458 -0.3462084 -0.3535168 0.9742913 -0.2913588 -0.2842193 0.7048133 -0.2398658 -0.2834371 0.6948012 -0.3958217 -0.6996639 1.16456 -0.4125562 -0.52802 1.155871 -0.3423228 -0.5330443 1.150219 -0.3381253 -0.6790225 1.159649 -0.3669899 -0.7258844 1.456363 -0.4324529 -0.7249884 1.43964 -0.4194418 -0.8543238 1.437431 -0.356658 -0.8558214 1.453612 -0.367435 0.5710297 1.44325 -0.3091158 0.5708162 1.463836 -0.3014642 0.8246446 1.463296 -0.3565562 0.824639 1.442902 -0.3218711 1.657037 1.211062 -0.3181064 1.633733 1.262733 -0.279082 1.641099 1.272575 -0.2826161 1.665906 1.212633 -0.3611949 1.632693 0.7337539 -0.3886448 1.679075 0.8697876 -0.3700042 1.696717 0.8716932 -0.342132 1.64561 0.7328497 -0.3079435 0.8246536 0.5547215 -0.3091957 1.019713 0.5530054 -0.297741 1.019329 0.5286797 -0.2954465 0.8246638 0.5328451 -0.2911778 -0.3786896 0.6754375 -0.3508968 -0.4310549 0.9420573 -0.3664699 -0.4220287 0.9340703 -0.3120294 -0.3740343 0.6776455 -0.470699 -0.5639077 1.082763 -0.4122955 -0.5799101 1.071413 -0.395572 -0.742209 1.079041 -0.461251 -0.7349656 1.089275 -0.4753521 -0.7219266 1.420867 -0.4622188 -0.8510914 1.41915 -0.3677647 0.8246361 1.428957 -0.3801342 0.5711771 1.429034 -0.3418571 1.644142 1.199683 -0.3383905 1.621009 1.255597 -0.238418 1.463612 0.5508195 -0.2433788 1.383672 0.514074 -0.2939608 1.372879 0.5272186 -0.2804636 1.453261 0.5573132 -0.3026499 1.375322 0.5454972 -0.2996565 1.445976 0.565596 -0.3501766 1.379679 0.6968527 -0.3823084 1.377756 0.8662415 -0.3677334 1.500325 0.8845111 -0.3551832 1.469784 0.7221946 -0.3664495 1.359065 1.157265 -0.3599736 1.332764 1.253701 -0.3533354 1.490107 1.243779 -0.357756 1.509786 1.167018 -0.3375959 1.297076 1.423382 -0.3275868 1.296824 1.437207 -0.3190112 1.45059 1.415941 -0.332184 1.448102 1.402136 -0.2763417 1.28808 1.459192 -0.2712063 1.450237 1.432811 -0.297741 1.019329 0.5286797 -0.2892084 1.092459 0.4414769 -0.2478028 1.091206 0.4311085 -0.2402915 1.015062 0.5153659 -0.2893922 1.330165 0.4422959 -0.2939608 1.372879 0.5272186 -0.2433788 1.383672 0.514074 -0.2479557 1.331822 0.4320485 -0.3903089 0.575982 0.9656801 -0.3965348 0.5749943 1.06094 -0.3962986 0.8246694 1.057945 -0.3910364 0.8246687 0.9646136 -0.3652445 -0.454619 0.9755192 -0.3959965 -0.4948449 1.041022 -0.4574947 -0.4823041 1.052849 -0.3912794 -0.4432629 0.9725739 -0.3331612 -0.4237716 1.11733 -0.3962465 -0.4226228 1.121252 -0.3654742 -0.3746921 1.046638 -0.3074916 -0.3786961 1.041415 -0.310865 1.715955 0.945918 -0.3568068 1.708717 0.9482997 -0.3589908 1.704481 1.027562 -0.3113497 1.711873 1.029638 -0.407854 1.686766 1.013751 -0.3896429 1.701219 1.00785 -0.382125 1.700485 0.9447616 -0.403826 1.684947 0.9475616 -0.387739 0.8246473 1.103669 -0.3971353 0.5745242 1.106263 -0.3959965 -0.4948449 1.041022 -0.4574947 -0.4823041 1.052849 -0.3962465 -0.4226228 1.121252 -0.3331612 -0.4237716 1.11733 -0.3442819 1.70198 1.086213 -0.2984516 1.707227 1.084242 -0.363903 1.681128 1.090066 -0.3829308 1.68656 1.049741 -0.3790821 0.576628 0.9033855 -0.4611515 -0.2219694 1.440714 -0.4430712 -0.6194385 1.441443 -0.3754217 -0.6198439 1.458608 -0.3770182 -0.2192142 1.462606 -0.4879903 -0.2234404 1.424878 -0.4860701 -0.616516 1.422267 -0.6247373 -0.2589653 1.221931 -0.6260878 -0.2510993 1.148509 -0.5306079 -0.493019 1.082299 -0.584783 -0.5878388 1.10536 -0.6100228 -0.2450256 1.107035 -0.5459904 -0.1600679 1.083224 -0.4002826 -0.1065592 0.9675897 -0.4084529 -0.4023557 0.969685 -0.4811652 -0.4379888 1.059964 -0.4917188 -0.09706431 1.063042 -0.3757985 -0.3795708 0.9126424 -0.3754274 -0.1005756 0.905435 -0.333409 -0.08318728 0.6832429 -0.3303105 -0.342861 0.6831189 -0.2756335 -0.3211502 0.5507608 -0.2899481 -0.3213375 0.5640721 -0.2926876 -0.08232134 0.5611478 -0.2796763 -0.08189803 0.5468476 -0.2240187 -0.08161622 0.5360471 -0.2218878 -0.3282092 0.5405417 -0.2756335 -0.3211502 0.5507608 -0.2796763 -0.08189803 0.5468476 -0.3293617 1.683557 1.138164 -0.2898235 1.694478 1.135264 -0.3508322 1.666628 1.133556 -0.384457 1.323059 1.156096 -0.3807425 1.29125 1.252376 -0.383134 1.528346 1.09569 -0.3998894 1.35736 1.099253 -0.3731797 1.370185 1.129273 -0.3661109 1.522407 1.12495 -0.3434302 1.254538 1.442004 -0.3557637 1.255604 1.42778 -0.294672 1.252207 1.461279 -0.3536136 1.012799 1.442883 -0.3000167 1.012681 1.462983 -0.3652911 1.012895 1.42887 -0.3859945 1.015384 1.253667 -0.3881632 1.017044 1.154496 -0.3097925 1.112246 0.5522103 -0.3001593 1.108694 0.5241109 -0.2892084 1.092459 0.4414769 -0.2902459 1.134225 0.4371255 -0.2892084 1.092459 0.4414769 -0.2902459 1.134225 0.4371255 -0.2483978 1.136397 0.4234388 -0.2478028 1.091206 0.4311085 -0.2042917 1.107948 0.5120524 -0.2105602 1.030847 0.516424 -0.2327114 1.093022 0.4336215 -0.2319182 1.134665 0.428967 -0.2328326 1.330172 0.4345623 -0.2023776 1.372866 0.5155388 -0.2043279 1.22828 0.5124187 -0.2319408 1.21407 0.4291507 -0.2902855 1.219579 0.4372907 -0.2893922 1.330165 0.4422959 -0.2479557 1.331822 0.4320485 -0.2484222 1.214109 0.423591 -0.2893922 1.330165 0.4422959 -0.2902855 1.219579 0.4372907 -0.3000915 1.221579 0.5234889 -0.3043968 1.217517 0.5371787 -0.3490134 1.115797 0.6907927 -0.3839043 1.109544 0.8840574 -0.388301 1.099352 1.155331 -0.3857089 1.093937 1.254088 -0.3517844 1.085544 1.442861 -0.3637053 1.085837 1.428782 -0.2992104 1.085131 1.462764 -0.2300562 1.707549 0.871766 -0.2021624 1.652694 0.7126215 -0.2389245 1.715366 0.9459989 -0.2411069 1.713698 1.028118 -0.2320002 1.711247 1.084814 -0.2216472 1.698169 1.135306 -0.2171414 1.644684 1.274002 -0.2173223 1.67184 1.206875 -0.2411176 1.286345 1.462608 -0.227944 1.452059 1.436919 -0.2582823 1.251417 1.46481 -0.2615797 1.0851 1.466267 -0.2628107 0.8246462 1.46694 -0.2620179 1.012673 1.466534 -0.2689242 0.5707781 1.467514 -0.3251866 -0.6199181 1.462277 -0.3266682 -0.2190304 1.466386 -0.3161428 -0.7238504 1.460019 -0.3050611 -0.8512038 1.457252 -0.3339114 -1.029303 1.259901 -0.3380371 -1.022088 1.222836 -0.2622718 -1.023464 1.221456 -0.2576022 -1.029566 1.259106 -0.2902545 -0.5259542 1.149462 -0.2866612 -0.6502115 1.158414 -0.2645041 -0.4231402 1.113858 -0.2409309 -0.3799281 1.041649 -0.2645041 -0.4231402 1.113858 -0.2194463 -0.3435239 0.9664924 -0.2074096 -0.2834394 0.6938355 -0.1934183 -0.08158057 0.5343002 -0.1916077 -0.328189 0.5389313 -0.2105602 1.030847 0.516424 -0.2083209 0.8246632 0.5203937 -0.2478028 1.091206 0.4311085 -0.2327114 1.093022 0.4336215 -0.2105602 1.030847 0.516424 -0.2402915 1.015062 0.5153659 -0.2319182 1.134665 0.428967 -0.2327114 1.093022 0.4336215 -0.2478028 1.091206 0.4311085 -0.2483978 1.136397 0.4234388 -0.2479557 1.331822 0.4320485 -0.2328326 1.330172 0.4345623 -0.2319408 1.21407 0.4291507 -0.2484222 1.214109 0.423591 -0.2023776 1.372866 0.5155388 -0.2328326 1.330172 0.4345623 -0.1886104 1.469413 0.5510624 -0.2023776 1.372866 0.5155388 -0.2043279 1.22828 0.5124187 -0.2042917 1.107948 0.5120524 -0.3975768 1.658219 1.058508 -0.3761122 1.649569 1.092061 -0.4087761 1.648827 0.8694252 -0.4244829 1.651584 0.9524351 -0.3743392 1.604786 0.7265338 -0.3128486 1.443475 0.5796761 -0.3109073 1.376394 0.5620501 -0.3271049 1.377855 0.6075175 -0.3264799 1.453446 0.6140775 -0.3262016 1.113416 0.5933549 -0.3254761 1.019982 0.5907257 -0.3247061 0.8246496 0.5913848 -0.3087999 -0.3288621 0.5945128 -0.3113288 -0.08347523 0.5933072 -0.3120294 -0.3740343 0.6776455 -0.3664699 -0.4220287 0.9340703 -0.3912794 -0.4432629 0.9725739 -0.5050799 -0.5652222 1.089939 -0.4972085 -0.7273225 1.096215 -0.5684615 -0.7219592 1.110806 -0.5461964 -0.9751765 1.226695 -0.5456841 -0.9713181 1.155909 -0.482916 -0.9847243 1.169912 -0.482703 -0.9959409 1.224947 -0.5003201 -0.8090282 1.403455 -0.4904193 -0.8862109 1.403414 -0.6136557 -0.2728633 1.373072 -0.5937159 -0.6174132 1.371314 -0.3814628 0.8246319 1.394251 -0.4008157 0.5715392 1.39412 -0.3797922 1.013135 1.394102 -0.3723554 1.254454 1.392315 -0.3789407 1.086596 1.393887 -0.3499782 1.304255 1.388637 -0.3435168 1.45368 1.371606 -0.352094 1.610889 1.18689 -0.3486292 1.591084 1.248562 -0.3383905 1.621009 1.255597 -0.3418571 1.644142 1.199683 -0.361369 1.63616 1.12405 -0.1981328 -0.2646164 0.6083702 -0.2291415 -0.2643383 0.6084706 -0.2726736 -0.2638193 0.6121985 -0.2938443 -0.3588038 0.5946072 -0.2725049 -0.3615688 0.5941325 -0.3087999 -0.3288621 0.5945128 -0.2938443 -0.3588038 0.5946072 -0.3113288 -0.08347523 0.5933072 -0.3254761 1.019982 0.5907257 -0.3247061 0.8246496 0.5913848 -0.3262016 1.113416 0.5933549 -0.3271049 1.377855 0.6075175 -0.3264799 1.453446 0.6140775 -0.340221 1.586993 0.6582572 -0.3537834 1.578226 0.6663232 -0.3201887 1.595029 0.648023 -0.2911748 1.599087 0.6419821 -0.2435504 1.604547 0.624365 -0.1908142 1.604897 0.6213319 -0.2169562 1.616878 1.342734 -0.2095897 1.568607 1.398015 -0.2754633 1.615698 1.333952 -0.2720344 1.568639 1.392169 -0.3142518 1.609871 1.315639 -0.3169735 1.568201 1.381235 -0.3348409 1.597322 1.312849 -0.3320786 1.561048 1.370335 -0.3450815 1.570805 1.31171 -0.3419448 1.548326 1.353337 -0.3320786 1.561048 1.370335 -0.3348409 1.597322 1.312849 -0.3488088 1.469956 1.322378 -0.3544655 1.313351 1.3501 -0.3499782 1.304255 1.388637 -0.3435168 1.45368 1.371606 -0.3723554 1.254454 1.392315 -0.3767487 1.260827 1.353721 -0.3789407 1.086596 1.393887 -0.3830549 1.088392 1.35521 -0.3850709 0.8246356 1.354838 -0.3814628 0.8246319 1.394251 -0.3797922 1.013135 1.394102 -0.3837738 1.013685 1.355213 -0.4053885 0.5719485 1.354649 -0.4008157 0.5715392 1.39412 -0.6055994 -0.6064789 1.332845 -0.5937159 -0.6174132 1.371314 -0.6136557 -0.2728633 1.373072 -0.6264216 -0.2654423 1.333678 -0.5769404 -0.7452544 1.371086 -0.5873757 -0.7444981 1.333909 -0.4728239 -1.006664 1.392697 -0.5434508 -0.9795076 1.367666 -0.5463479 -0.982851 1.336329 -0.4801425 -1.012038 1.352215 -0.3977835 -1.026682 1.415407 -0.4443858 -1.017599 1.402776 -0.4372262 -1.027382 1.375356 -0.3927464 -1.03737 1.383887 -0.3419291 -1.04662 1.383494 -0.3438695 -1.028312 1.430477 -0.2734755 -1.025662 1.432396 -0.2654156 -1.045238 1.38388 -0.2755239 -1.013197 1.158237 -0.279382 -0.9851606 1.108153 -0.3406206 -1.009109 1.159757 -0.342329 -0.9799719 1.112558 -0.3915203 -1.002292 1.16106 -0.3962715 -0.9763576 1.115905 -0.4351041 -0.9946789 1.164799 -0.4360222 -0.9690135 1.121626 -0.5365007 -0.9583456 1.128229 -0.4799954 -0.9609752 1.127488 -0.584783 -0.5878388 1.10536 -0.5684615 -0.7219592 1.110806 -0.6100228 -0.2450256 1.107035 -0.3914009 1.018786 1.105854 -0.3942154 1.105101 1.104998 -0.1948402 -0.004116415 0.5336738 -0.2257398 -0.004160284 0.5354385 -0.2817668 -0.004436731 0.546388 -0.2947674 -0.004821836 0.5608385 -0.2817668 -0.004436731 0.546388 -0.3132863 -0.005696177 0.5931737 -0.3132863 -0.005696177 0.5931737 -0.3346493 -0.003951668 0.6831666 -0.3722594 -0.01183485 0.9045686 -0.3941136 -0.01598018 0.965664 -0.4799417 -0.01143455 1.063152 -0.6035373 -0.1675638 1.10723 -0.5433836 -0.1031011 1.083962 -0.6035373 -0.1675638 1.10723 -0.6149459 -0.1814296 1.149263 -0.4083282 -0.2069476 1.149442 -0.4082561 -0.2766173 1.148675 -0.4153527 -0.2799829 1.22394 -0.415557 -0.2098528 1.226107 -0.6018069 -0.08906167 1.373999 -0.6100673 -0.08860051 1.334523 -0.6018069 -0.08906167 1.373999 -0.4743868 -0.03949606 1.426225 -0.4529811 -0.03779715 1.441275 -0.3712442 -0.03489273 1.463053 -0.3222077 -0.0346868 1.466829 -0.2759521 0.1685056 1.467029 -0.2868399 0.08471447 1.466964 -0.3179119 0.1684218 1.46331 -0.3310452 0.08458298 1.463217 -0.3799412 0.1677775 1.442491 -0.3979485 0.08342969 1.442014 -0.3943539 0.1674053 1.427956 -0.4199132 0.07965666 1.426845 -0.4230634 0.1660641 1.392781 -0.4549926 0.08017349 1.38671 -0.4549926 0.08017349 1.38671 -0.4230634 0.1660641 1.392781 -0.4287452 0.1672678 1.353246 -0.4647597 0.07847803 1.347204 -0.4085213 0.1616268 1.151512 -0.4084195 0.07268059 1.150427 -0.417564 0.06750351 1.24741 -0.4178979 0.1563724 1.250955 -0.4079371 0.1799165 1.108133 -0.4605841 0.09589284 1.107663 -0.4667997 0.09599941 1.150049 -0.4094198 0.1779023 1.15106 -0.3980022 0.1814609 1.063049 -0.4466625 0.09648257 1.061852 -0.3894777 0.1836893 0.9657329 -0.3927142 0.09966379 0.9656755 -0.3778338 0.1874664 0.9088404 -0.3790822 0.1026092 0.9087219 -0.3435802 0.1964458 0.6830499 -0.3421121 0.108721 0.6830661 -0.3222626 0.197189 0.5927984 -0.3212158 0.1077054 0.5929823 -0.3212158 0.1077054 0.5929823 -0.3222626 0.197189 0.5927984 -0.3039224 0.2003905 0.5601241 -0.3024631 0.1088479 0.5605264 -0.2907615 0.2015788 0.5452768 -0.2893692 0.1094214 0.5459556 -0.2893692 0.1094214 0.5459556 -0.2907615 0.2015788 0.5452768 -0.2334666 0.2022579 0.5340486 -0.231687 0.1098194 0.5348942 -0.2015632 0.2024497 0.5323742 -0.2000713 0.1098979 0.5331425 -0.6018069 -0.08906167 1.373999 -0.6100673 -0.08860051 1.334523 -0.4083638 -0.09341818 1.149821 -0.4169392 -0.09907931 1.240766 -0.6000795 -0.06378263 1.107334 -0.6094358 -0.06790018 1.149636 -0.6000795 -0.06378263 1.107334 -0.4605841 0.09589284 1.107663 -0.2953501 -0.9628044 1.454827 -0.2734755 -1.025662 1.432396 -0.3476041 -0.9696859 1.451202 -0.3438695 -1.028312 1.430477 -0.4080401 -0.9676613 1.435495 -0.3977835 -1.026682 1.415407 -0.4507101 -0.9642794 1.417646 -0.4443858 -1.017599 1.402776 -0.4728239 -1.006664 1.392697 -0.4817431 -0.9538466 1.403378 -0.5463479 -0.982851 1.336329 -0.5434508 -0.9795076 1.367666 -0.5526995 -0.9299926 1.370756 -0.5616607 -0.9293164 1.33541 -0.5456841 -0.9713181 1.155909 -0.5461964 -0.9751765 1.226695 -0.5614184 -0.9199901 1.223578 -0.5609224 -0.9162756 1.15005 -0.5365007 -0.9583456 1.128229 -0.5483682 -0.912696 1.117229 -0.4799954 -0.9609752 1.127488 -0.5365007 -0.9583456 1.128229 -0.5483682 -0.912696 1.117229 -0.4845637 -0.9000972 1.107244 -0.3770167 -0.9063872 1.090765 -0.3962715 -0.9763576 1.115905 -0.4360222 -0.9690135 1.121626 -0.4464836 -0.8986905 1.101 -0.3293093 -0.91442 1.086378 -0.342329 -0.9799719 1.112558 -0.2629466 -0.9291284 1.083526 -0.279382 -0.9851606 1.108153 -0.01645749 -0.9357576 1.083134 -0.01645749 -0.9861721 1.107087 -0.6094358 -0.06790018 1.149636 -0.6000795 -0.06378263 1.107334 -0.4257194 -0.104876 1.33389 -0.4229589 -0.2128276 1.304609 -0.4226194 -0.283429 1.301008 -0.4256382 -0.2887611 1.333025 -0.6233541 -0.2692188 1.297113 -0.6050878 -0.6045708 1.296991 -0.5870768 -0.7418825 1.297774 -0.5466752 -0.9790894 1.299217 -0.5619264 -0.9237936 1.298868 -0.5466752 -0.9790894 1.299217 -0.4913613 -1.005953 1.305194 -0.3332334 -1.036412 1.302476 -0.25533 -1.036066 1.302013 -0.4143309 1.533106 1.059083 -0.429681 1.373578 1.058499 -0.4561459 1.552352 0.9638814 -0.4872429 1.372538 0.9714112 -0.4871249 1.389525 1.026411 -0.4559521 1.536034 1.022073 -0.4154094 1.371799 0.9646317 -0.391569 1.506553 0.9544137 -0.4197341 1.107094 1.056484 -0.4517627 1.104058 0.9711903 -0.4523351 1.107492 1.024958 -0.4057099 1.104469 0.9645106 -0.4127715 1.019309 1.056677 -0.4361509 1.018225 0.9712036 -0.4096109 0.8820108 0.9713044 -0.4062071 0.893117 0.9998046 -0.4342183 1.01918 1.017304 -0.4013907 1.018581 0.9645174 -0.4559521 1.536034 1.022073 -0.4871249 1.389525 1.026411 -0.4561459 1.552352 0.9638814 -0.391569 1.506553 0.9544137 -0.4154094 1.371799 0.9646317 -0.4872429 1.372538 0.9714112 -0.4057099 1.104469 0.9645106 -0.4517627 1.104058 0.9711903 -0.4523351 1.107492 1.024958 -0.3910364 0.8246687 0.9646136 -0.4096109 0.8820108 0.9713044 -0.4361509 1.018225 0.9712036 -0.4013907 1.018581 0.9645174 -0.5526995 -0.9299926 1.370756 -0.5434508 -0.9795076 1.367666 -0.5695927 -0.8012504 1.370986 -0.5605892 -0.8698651 1.370863 -0.5700302 -0.8691628 1.334921 -0.5605892 -0.8698651 1.370863 -0.5695927 -0.8012504 1.370986 -0.5795812 -0.8005184 1.334364 -0.5701122 -0.8645862 1.298512 -0.5794535 -0.7970216 1.298106 -0.5789 -0.7920964 1.222923 -0.5783597 -0.7780437 1.149499 -0.5690662 -0.8560326 1.149793 -0.569583 -0.8602589 1.223272 -0.554908 -0.846581 1.115139 -0.562371 -0.7769719 1.112753 -0.562371 -0.7769719 1.112753 -0.4933758 -0.7768907 1.099558 -0.4886793 -0.8376291 1.103654 -0.554908 -0.846581 1.115139 -0.4567748 -0.7817907 1.092829 -0.45129 -0.839168 1.097184 -0.3899477 -0.7891716 1.082595 -0.383056 -0.8489164 1.086949 -0.3323177 -0.8302041 1.168599 -0.3832975 -0.8241893 1.173568 -0.3901937 -0.7556216 1.168608 -0.3355156 -0.752869 1.163671 -0.2768691 -0.7490884 1.161826 -0.2619551 -0.8618224 1.166006 -0.5769404 -0.7452544 1.371086 -0.5084001 -0.7460398 1.403489 -0.4153527 -0.2799829 1.22394 -0.4082561 -0.2766173 1.148675 -0.6260878 -0.2510993 1.148509 -0.6247373 -0.2589653 1.221931 -0.6260878 -0.2510993 1.148509 -0.4082561 -0.2766173 1.148675 -0.4083282 -0.2069476 1.149442 -0.6149459 -0.1814296 1.149263 -0.4094198 0.1779023 1.15106 -0.4189683 0.172648 1.250958 -0.4287452 0.1672678 1.353246 -0.4274986 0.1509923 1.352779 -0.4269272 0.06220251 1.346714 -0.4647597 0.07847803 1.347204 -0.4667997 0.09599941 1.150049 -0.4084195 0.07268059 1.150427 -0.4085213 0.1616268 1.151512 -0.4094198 0.1779023 1.15106 -0.4257194 -0.104876 1.33389 -0.6100673 -0.08860051 1.334523 -0.6094358 -0.06790018 1.149636 -0.4083638 -0.09341818 1.149821 -0.4256382 -0.2887611 1.333025 -0.6264216 -0.2654423 1.333678 -0.6264216 -0.2654423 1.333678 -0.4256382 -0.2887611 1.333025 -0.4226194 -0.283429 1.301008 -0.6233541 -0.2692188 1.297113 -0.4281967 1.652689 1.018218 -0.4281967 1.652689 1.018218 -0.3066875 1.48797 0.5778955 -0.2810947 1.49353 0.5710666 -0.3677334 1.500325 0.8845111 -0.4384754 1.548021 0.8826704 -0.3860248 1.522713 0.7137984 -0.345115 1.492852 0.6222015 -0.3258496 1.485574 0.5907479 -0.345115 1.492852 0.6222015 -0.391569 1.506553 0.9544137 -0.4561459 1.552352 0.9638814 -0.1908142 1.604897 0.6213319 -0.1842678 1.501307 0.5619217 -0.2435504 1.604547 0.624365 -0.2372294 1.498183 0.5632174 -0.2911748 1.599087 0.6419821 -0.3201887 1.595029 0.648023 -0.340221 1.586993 0.6582572 -0.3258496 1.485574 0.5907479 -0.3537834 1.578226 0.6663232 -0.345115 1.492852 0.6222015 -0.3743392 1.604786 0.7265338 -0.3537834 1.578226 0.6663232 -0.345115 1.492852 0.6222015 -0.3860248 1.522713 0.7137984 -0.4087761 1.648827 0.8694252 -0.4384754 1.548021 0.8826704 -0.4244829 1.651584 0.9524351 -0.4281967 1.652689 1.018218 -0.3975768 1.658219 1.058508 -0.4281967 1.652689 1.018218 -0.3761122 1.649569 1.092061 -0.361369 1.63616 1.12405 -0.352094 1.610889 1.18689 -0.3486292 1.591084 1.248562 -0.3419448 1.548326 1.353337 -0.3450815 1.570805 1.31171 -0.3320786 1.561048 1.370335 -0.3419448 1.548326 1.353337 -0.3169735 1.568201 1.381235 -0.2720344 1.568639 1.392169 -0.2095897 1.568607 1.398015 -0.3453742 0.5789007 0.6842293 -0.3235694 0.5798516 0.5925309 -0.3060729 0.5802127 0.5577116 -0.3235694 0.5798516 0.5925309 -0.293267 0.5804057 0.5391014 -0.2362616 0.5805325 0.5268688 -0.293267 0.5804057 0.5391014 -0.2051772 0.580537 0.5264372 -0.2170495 1.630892 1.308093 -0.2772871 1.6285 1.303018 -0.3161945 1.621898 1.288974 -0.3366299 1.60926 1.283994 -0.3468695 1.581025 1.279883 -0.3366299 1.60926 1.283994 -0.3468695 1.581025 1.279883 -0.3510902 1.480112 1.282764 -0.3570737 1.322143 1.302406 -0.3784004 1.27207 1.303838 -0.3843925 1.091187 1.304245 -0.384893 1.014542 1.304034 -0.3856353 0.824638 1.30304 -0.403398 0.5724845 1.302957 -0.4226599 0.1537039 1.30146 -0.4238176 0.1699794 1.301693 -0.4222081 0.06487423 1.296665 -0.4212942 -0.1019545 1.286956 -0.4192283 -0.2113283 1.265044 -0.418957 -0.2816922 1.262166 -0.418957 -0.2816922 1.262166 -0.6240512 -0.2651594 1.259222 -0.6044639 -0.6035653 1.259188 -0.6240512 -0.2651594 1.259222 -0.5867879 -0.7391542 1.259906 -0.5698454 -0.8624053 1.260591 -0.5791745 -0.7945392 1.260214 -0.5464339 -0.9771173 1.262666 -0.5616703 -0.9218767 1.260922 -0.5464339 -0.9771173 1.262666 -0.4892095 -1.001237 1.264475 -0.4345065 -1.00598 1.216038 -0.3951371 -1.014411 1.215904 -0.4247965 -1.025809 1.366127 -0.4247965 -1.036528 1.366127 -0.4548491 -1.03064 1.351485 -0.4548491 -1.019921 1.351485 -0.3912865 -1.030585 1.363577 -0.3912865 -1.041304 1.363577 -0.3632984 -1.032968 1.344519 -0.3632984 -1.043687 1.344519 -0.3483315 -1.03232 1.31406 -0.3483315 -1.04304 1.31406 -0.3503963 -1.028816 1.28036 -0.3503963 -1.039535 1.28036 -0.3689393 -1.023393 1.25245 -0.3689393 -1.034112 1.25245 -0.398992 -1.017505 1.237808 -0.398992 -1.028224 1.237808 -0.4325019 -1.01273 1.240358 -0.4325019 -1.023449 1.240358 -0.4604901 -1.010346 1.259416 -0.4604901 -1.021065 1.259416 -0.4754569 -1.010994 1.289875 -0.4754569 -1.021713 1.289875 -0.4733921 -1.014498 1.323575 -0.4733921 -1.025218 1.323575 -0.4274986 0.1509923 1.352779 -0.4269272 0.06220251 1.346714 -0.398992 -1.028224 1.237808 -0.4325019 -1.023449 1.240358 -0.3689393 -1.034112 1.25245 -0.4604901 -1.021065 1.259416 -0.4754569 -1.021713 1.289875 -0.4733921 -1.025218 1.323575 -0.4548491 -1.03064 1.351485 -0.4247965 -1.036528 1.366127 -0.3912865 -1.041304 1.363577 -0.3632984 -1.043687 1.344519 -0.3483315 -1.04304 1.31406 -0.3503963 -1.039535 1.28036 -0.01645749 0.3356428 0.5307949 0.1698352 0.3356456 0.5305176 0.1692253 0.274101 0.5315431 -0.01645749 0.2741026 0.5313917 -0.2027503 0.3356456 0.5305176 -0.2021403 0.274101 0.5315431 -0.2343846 0.3356325 0.531785 -0.233913 0.2740857 0.5330206 -0.2911615 0.2739676 0.544414 -0.2915844 0.3355126 0.543347 -0.2911615 0.2739676 0.544414 -0.3042658 0.2738072 0.5598712 -0.3046287 0.3353457 0.5594375 -0.2915844 0.3355126 0.543347 -0.3224713 0.2734646 0.5929129 -0.3226919 0.3349993 0.5928362 -0.3441695 0.3340585 0.6835616 -0.3226919 0.3349993 0.5928362 -0.3224713 0.2734646 0.5929129 -0.3438667 0.2725263 0.6833938 -0.3780332 0.2701945 0.9082441 -0.3782438 0.3317386 0.9072683 -0.3897473 0.33113 0.9659553 -0.3896061 0.2695953 0.9660244 -0.3967629 0.2685881 1.063156 -0.396717 0.3301268 1.062711 -0.4043892 0.3296599 1.107728 -0.4062122 0.2681221 1.108096 -0.4055316 0.3292053 1.151562 -0.4075294 0.2676723 1.151472 -0.4132107 0.3281682 1.251577 -0.4161691 0.2666355 1.25145 -0.4171107 0.3276414 1.302372 -0.4205569 0.2661089 1.302225 -0.4250153 0.2655739 1.35382 -0.4210734 0.3271062 1.353986 -0.4157559 0.3266963 1.393506 -0.4195106 0.265164 1.393351 -0.3896833 0.3263326 1.428583 -0.4157559 0.3266963 1.393506 -0.4195106 0.265164 1.393351 -0.3920832 0.2647998 1.42847 -0.3758335 0.326183 1.443009 -0.3779441 0.2646496 1.442949 -0.3165073 0.2644342 1.463723 -0.3150228 0.325968 1.463746 -0.2748298 0.2643958 1.467435 -0.2736437 0.3259296 1.467451 0.2419147 0.2643957 1.467435 0.2835922 0.2644342 1.463723 0.2821077 0.325968 1.463746 0.2407286 0.3259296 1.467451 0.3450289 0.2646496 1.442949 0.3429183 0.326183 1.443009 0.3567682 0.3263326 1.428583 0.3591681 0.2647998 1.42847 0.3828409 0.3266963 1.393506 0.3865956 0.265164 1.393351 0.3881584 0.3271062 1.353986 0.3828409 0.3266963 1.393506 0.3865956 0.265164 1.393351 0.3921002 0.2655739 1.35382 0.3876417 0.2661089 1.302225 0.3841956 0.3276414 1.302372 0.3802956 0.3281682 1.251577 0.383254 0.2666355 1.25145 0.3726165 0.3292053 1.151562 0.3746143 0.2676723 1.151472 0.371474 0.3296599 1.107728 0.373297 0.2681221 1.108096 0.363802 0.3301267 1.062711 0.3638478 0.2685881 1.063156 0.3566911 0.2695953 0.9660244 0.3568322 0.33113 0.9659553 0.3453288 0.3317386 0.9072683 0.3451181 0.2701945 0.9082441 0.3109516 0.2725263 0.6833938 0.3112543 0.3340585 0.6835616 0.2897768 0.3349993 0.5928362 0.2895562 0.2734646 0.5929129 0.2895562 0.2734646 0.5929129 0.2713507 0.2738072 0.5598712 0.2717136 0.3353457 0.5594375 0.2897768 0.3349993 0.5928362 0.2582465 0.2739675 0.544414 0.2586693 0.3355126 0.543347 0.2582465 0.2739675 0.544414 0.2009978 0.2740857 0.5330206 0.2014696 0.3356325 0.531785 0.2586693 0.3355126 0.543347 -0.01645749 0.2643945 1.467608 0.3750219 0.1799165 1.108133 -0.3128175 0.4173769 1.46378 -0.2718818 0.4173386 1.467474 -0.2700041 0.5147507 1.4675 -0.3104675 0.5147889 1.463816 -0.3726981 0.4175913 1.443099 -0.3693568 0.5150027 1.443195 -0.3823192 0.5151506 1.428931 -0.3861184 0.4177401 1.428751 -0.4042344 0.515513 1.393979 -0.4101783 0.4181032 1.393735 -0.4042344 0.515513 1.393979 -0.4089776 0.5159225 1.354497 -0.4152178 0.4185129 1.354233 -0.4101783 0.4181032 1.393735 -0.4119914 0.4190484 1.30259 -0.4065359 0.5164583 1.302823 -0.4041327 0.5169857 1.251969 -0.408816 0.4195755 1.251767 -0.3994011 0.5180241 1.151838 -0.4025638 0.4206132 1.151695 -0.3987951 0.5184932 1.106598 -0.4016811 0.4210749 1.107181 -0.3965765 0.5189625 1.061345 -0.396649 0.4215429 1.06205 -0.389957 0.4225404 0.9658525 -0.3901804 0.5199538 0.9657431 -0.3788903 0.5205913 0.904274 -0.3785568 0.4231629 0.9058188 -0.3446192 0.4254652 0.6838108 -0.3450985 0.5228747 0.6840765 -0.3233686 0.5238233 0.5926007 -0.3230195 0.4264098 0.5927222 -0.3051679 0.4267616 0.5587932 -0.3230195 0.4264098 0.5927222 -0.3233686 0.5238233 0.5926007 -0.3057425 0.524181 0.5581066 -0.2922126 0.4269382 0.541762 -0.292882 0.524368 0.5400729 -0.2350853 0.4270607 0.5299496 -0.2922126 0.4269382 0.541762 -0.292882 0.524368 0.5400729 -0.235832 0.5244932 0.5279937 -0.2046219 0.5244998 0.5273709 -0.2036563 0.4270707 0.5289943 -0.01645749 0.5244833 0.5289638 -0.01645749 0.4270613 0.5299084 0.1717067 0.5244998 0.5273709 0.1707412 0.4270707 0.5289943 0.202917 0.5244933 0.5279937 0.2021703 0.4270607 0.5299496 0.2592975 0.4269382 0.541762 0.2599669 0.524368 0.5400729 0.2722528 0.4267616 0.5587932 0.2592975 0.4269382 0.541762 0.2599669 0.524368 0.5400729 0.2728273 0.524181 0.5581066 0.2901044 0.4264098 0.5927222 0.2904535 0.5238233 0.5926007 0.2904535 0.5238233 0.5926007 0.3121834 0.5228747 0.6840765 0.3117041 0.4254652 0.6838108 0.2901044 0.4264098 0.5927222 0.3456417 0.4231629 0.9058188 0.3459752 0.5205913 0.904274 0.3572654 0.5199538 0.9657431 0.3570419 0.4225404 0.9658525 0.363734 0.4215428 1.06205 0.3636614 0.5189625 1.061345 0.3658801 0.5184932 1.106598 0.368766 0.4210749 1.107181 0.366486 0.518024 1.151838 0.3696486 0.4206132 1.151695 0.3712177 0.5169857 1.251969 0.3759009 0.4195755 1.251767 0.3736208 0.5164583 1.302823 0.3790763 0.4190484 1.30259 0.3823027 0.4185129 1.354233 0.3760625 0.5159225 1.354497 0.3713193 0.515513 1.393979 0.3772633 0.4181032 1.393735 0.3713193 0.515513 1.393979 0.3494041 0.5151506 1.428931 0.3532032 0.4177401 1.428751 0.3772633 0.4181032 1.393735 0.3364418 0.5150027 1.443195 0.339783 0.4175913 1.443099 0.2799025 0.4173769 1.46378 0.2775524 0.5147889 1.463816 0.2389667 0.4173386 1.467474 0.237089 0.5147506 1.4675 0.03262674 0.5017473 1.456634 0.06898123 0.4653928 1.456634 0.07966899 0.4724814 1.467703 0.03794962 0.5142008 1.467703 -0.01703435 0.5150539 1.456634 -0.0190401 0.5294712 1.467703 -0.06669545 0.5017473 1.456634 -0.07602989 0.5142008 1.467703 -0.1030499 0.4653928 1.456634 -0.1177493 0.4724814 1.467703 -0.1163566 0.4157316 1.456634 -0.1330196 0.4154917 1.467703 -0.1030499 0.3660705 1.456634 -0.1177493 0.3585019 1.467703 -0.06669545 0.329716 1.456634 -0.07602989 0.3167825 1.467703 -0.01703435 0.3164094 1.456634 -0.0190401 0.3015121 1.467703 0.03262674 0.329716 1.456634 0.03794962 0.3167825 1.467703 0.06898123 0.3660705 1.456634 0.07966899 0.3585019 1.467703 0.0822879 0.4157316 1.456634 0.09493935 0.4154917 1.467703 -0.07602989 0.5142008 1.467703 -0.0190401 0.5294712 1.467703 -0.1177493 0.4724814 1.467703 -0.1330196 0.4154917 1.467703 -0.1177493 0.3585019 1.467703 -0.07602989 0.3167825 1.467703 -0.0190401 0.3015121 1.467703 0.03794962 0.3167825 1.467703 0.07966899 0.3585019 1.467703 0.09493935 0.4154917 1.467703 0.07966899 0.4724814 1.467703 0.03794962 0.5142008 1.467703 -0.2671189 -0.3549651 0.566891 -0.2725049 -0.3615688 0.5941325 -0.2938443 -0.3588038 0.5946072 -0.2840074 -0.3541818 0.5729581 -0.2290015 -0.3620043 0.5908599 -0.2249681 -0.3559595 0.5622831 -0.1944822 -0.356221 0.5621951 -0.1980133 -0.3622378 0.5907717 -0.01645761 -0.3560225 0.56264 -0.01645749 -0.3624733 0.5912919 0.1615656 -0.356221 0.5621951 0.1646597 -0.3622681 0.5909184 0.1928606 -0.3559206 0.5625569 0.1971885 -0.3624794 0.5933889 0.2441392 -0.3614879 0.596934 0.2365551 -0.3541082 0.5693364 0.2605845 -0.3586978 0.5974608 0.2532847 -0.3529635 0.5763214 -0.2249681 -0.3559595 0.5622831 -0.2671189 -0.3549651 0.566891 -0.2218878 -0.3282092 0.5405417 -0.1916077 -0.328189 0.5389313 -0.1944822 -0.356221 0.5621951 -0.01645749 -0.3223201 0.5421474 -0.01645761 -0.3560225 0.56264 0.1586923 -0.3281883 0.5389313 0.1615656 -0.356221 0.5621951 0.1928606 -0.3559206 0.5625569 0.2365551 -0.3541082 0.5693364 -0.2840074 -0.3541818 0.5729581 -0.2938443 -0.3588038 0.5946072 0.2532847 -0.3529635 0.5763214 0.2605845 -0.3586978 0.5974608 0.2565207 -0.3783618 0.6712024 0.3179818 -0.4310549 0.9420573 0.3109942 -0.3576751 0.9581426 0.2567005 -0.2838287 0.6999891 0.3793804 -0.5799102 1.071413 0.3626568 -0.742209 1.079041 0.3629065 -0.6996639 1.16456 0.3796411 -0.5280201 1.155871 0.3323293 -0.454619 0.9755192 0.3630815 -0.4948449 1.041022 0.3633316 -0.4226228 1.121252 0.3325591 -0.3746921 1.046638 -0.01645749 -0.3624733 0.5912919 0.1646597 -0.3622681 0.5909184 0.164779 -0.2646524 0.6085373 -0.01645749 -0.264897 0.6089627 0.1971885 -0.3624794 0.5933889 0.1973292 -0.2649042 0.6113515 0.2441392 -0.3614879 0.596934 0.2443109 -0.2637229 0.6153897 0.2441392 -0.3614879 0.596934 0.2443109 -0.2637229 0.6153897 0.3441016 -0.9063873 1.090765 0.2963942 -0.91442 1.086378 0.2966003 -0.9030896 1.172918 0.344339 -0.8935183 1.177915 0.3572785 -0.7556216 1.168608 0.3570325 -0.7891716 1.082595 0.3501408 -0.8489164 1.086949 0.3503823 -0.8241893 1.173568 0.2300315 -0.9291284 1.083526 0.2301939 -0.9206151 1.169669 -0.01645749 -0.9357576 1.083134 -0.01645749 -0.9285143 1.169222 -0.3508968 -0.4310549 0.9420573 -0.2911778 -0.3786896 0.6754375 -0.2913588 -0.2842193 0.7048133 -0.3462084 -0.3535168 0.9742913 -0.395572 -0.742209 1.079041 -0.4122955 -0.5799101 1.071413 -0.4125562 -0.52802 1.155871 -0.3958217 -0.6996639 1.16456 -0.3959965 -0.4948449 1.041022 -0.3652445 -0.454619 0.9755192 -0.3654742 -0.3746921 1.046638 -0.3962465 -0.4226228 1.121252 -0.1980133 -0.3622378 0.5907717 -0.1981328 -0.2646164 0.6083702 -0.2290015 -0.3620043 0.5908599 -0.2291415 -0.2643383 0.6084706 -0.2725049 -0.3615688 0.5941325 -0.2726736 -0.2638193 0.6121985 -0.2725049 -0.3615688 0.5941325 -0.2290015 -0.3620043 0.5908599 -0.2291415 -0.2643383 0.6084706 -0.2726736 -0.2638193 0.6121985 -0.3832975 -0.8241893 1.173568 -0.383056 -0.8489164 1.086949 -0.3899477 -0.7891716 1.082595 -0.3901937 -0.7556216 1.168608 -0.3293093 -0.91442 1.086378 -0.3770167 -0.9063872 1.090765 -0.3772542 -0.8935182 1.177915 -0.3295153 -0.9030896 1.172918 -0.2629466 -0.9291284 1.083526 -0.263109 -0.9206151 1.169669 0.3441016 -0.9063873 1.090765 0.344339 -0.8935183 1.177915 0.344339 -0.8935183 1.177915 0.2966003 -0.9030896 1.172918 0.2301939 -0.9206151 1.169669 -0.01607918 -0.8833315 1.165624 -0.01645749 -0.9285143 1.169222 -0.263109 -0.9206151 1.169669 -0.3295153 -0.9030896 1.172918 -0.3772542 -0.8935182 1.177915 -0.3770167 -0.9063872 1.090765 -0.3772542 -0.8935182 1.177915 0.1788663 -0.5185692 1.17177 0.09631276 -0.4365019 1.162823 0.09631276 -0.440927 1.122232 0.1788663 -0.5229943 1.131179 0.09631276 -0.4365019 1.162823 -0.01645749 -0.4064631 1.159549 -0.01645749 -0.4108882 1.118957 0.09631276 -0.440927 1.122232 -0.01645749 -0.4064631 1.159549 -0.1292278 -0.4365019 1.162823 -0.1292278 -0.440927 1.122232 -0.01645749 -0.4108882 1.118957 -0.1292278 -0.4365019 1.162823 -0.2117813 -0.5185692 1.17177 -0.2117813 -0.5229943 1.131179 -0.1292278 -0.440927 1.122232 -0.2117813 -0.5185692 1.17177 -0.2419981 -0.6306753 1.183991 -0.2419981 -0.6351004 1.1434 -0.2117813 -0.5229943 1.131179 -0.2419981 -0.6306753 1.183991 -0.2117813 -0.7427814 1.196213 -0.2117813 -0.7472065 1.155621 -0.2419981 -0.6351004 1.1434 -0.2117813 -0.7427814 1.196213 -0.1292278 -0.8248487 1.20516 -0.1292278 -0.8292738 1.164568 -0.2117813 -0.7472065 1.155621 -0.1292278 -0.8248487 1.20516 -0.01645749 -0.8548875 1.208434 -0.01645749 -0.8593126 1.167843 -0.1292278 -0.8292738 1.164568 -0.01645749 -0.8548875 1.208434 0.09631276 -0.8248487 1.20516 0.09631276 -0.8292738 1.164568 -0.01645749 -0.8593126 1.167843 0.09631276 -0.8248487 1.20516 0.1788663 -0.7427814 1.196213 0.1788663 -0.7472065 1.155621 0.09631276 -0.8292738 1.164568 0.1788663 -0.7427814 1.196213 0.209083 -0.6306753 1.183991 0.209083 -0.6351004 1.1434 0.1788663 -0.7472065 1.155621 0.209083 -0.6306753 1.183991 0.1788663 -0.5185692 1.17177 0.1788663 -0.5229943 1.131179 0.209083 -0.6351004 1.1434 -0.01592928 -0.4040899 1.117098 0.09631276 -0.440927 1.122232 -0.01645749 -0.4108882 1.118957 0.1788663 -0.5229943 1.131179 0.209083 -0.6351004 1.1434 0.1788663 -0.7472065 1.155621 0.09631276 -0.8292738 1.164568 -0.01645749 -0.8593126 1.167843 -0.1292278 -0.8292738 1.164568 -0.2117813 -0.7472065 1.155621 -0.2419981 -0.6351004 1.1434 -0.2117813 -0.5229943 1.131179 -0.1292278 -0.440927 1.122232 0.09631276 -0.4365019 1.162823 0.1788663 -0.5185692 1.17177 0.09260684 -0.5680778 1.177167 0.04651081 -0.5222532 1.172172 -0.01645749 -0.4064631 1.159549 -0.01645749 -0.5054804 1.170343 -0.1292278 -0.4365019 1.162823 -0.07942581 -0.5222532 1.172172 -0.2117813 -0.5185692 1.17177 -0.1255218 -0.5680778 1.177167 -0.2419981 -0.6306753 1.183991 -0.1423942 -0.6306753 1.183992 -0.2117813 -0.7427814 1.196213 -0.1255218 -0.6932728 1.190816 -0.1292278 -0.8248487 1.20516 -0.07942581 -0.7390974 1.195811 -0.01645749 -0.8548875 1.208434 -0.01645749 -0.7558702 1.19764 0.09631276 -0.8248487 1.20516 0.04651081 -0.7390974 1.195811 0.1788663 -0.7427814 1.196213 0.09260684 -0.6932728 1.190816 0.209083 -0.6306753 1.183991 0.1094791 -0.6306753 1.183992 0.04651081 -0.5222532 1.172172 0.09260684 -0.5680778 1.177167 0.09260684 -0.5680778 1.11836 0.04651081 -0.5222532 1.115842 -0.1255218 -0.5680778 1.177167 -0.07942581 -0.5222532 1.172172 -0.07942581 -0.5222532 1.115842 -0.1255218 -0.5680778 1.11836 -0.1423942 -0.6306753 1.183992 -0.1255218 -0.5680778 1.177167 -0.1255218 -0.5680778 1.11836 -0.1423942 -0.6306753 1.121799 -0.1255218 -0.6932728 1.190816 -0.1423942 -0.6306753 1.183992 -0.1423942 -0.6306753 1.121799 -0.1255218 -0.6932728 1.125238 -0.07942581 -0.7390974 1.195811 -0.1255218 -0.6932728 1.190816 -0.1255218 -0.6932728 1.125238 -0.07942581 -0.7390974 1.127756 -0.01645749 -0.7558702 1.19764 -0.07942581 -0.7390974 1.195811 -0.07942581 -0.7390974 1.127756 -0.01645749 -0.7558702 1.128678 0.04651081 -0.7390974 1.195811 0.04651081 -0.7390974 1.127756 0.09260684 -0.6932728 1.190816 0.04651081 -0.7390974 1.195811 0.04651081 -0.7390974 1.127756 0.09260684 -0.6932728 1.125238 0.1094791 -0.6306753 1.183992 0.09260684 -0.6932728 1.190816 0.09260684 -0.6932728 1.125238 0.1094791 -0.6306753 1.121799 0.09260684 -0.5680778 1.177167 0.1094791 -0.6306753 1.183992 0.1094791 -0.6306753 1.121799 0.09260684 -0.5680778 1.11836 -0.01645749 -0.5054804 1.170343 0.04651081 -0.5222532 1.172172 0.02984458 -0.5141353 1.149309 -0.01645749 -0.5048718 1.148496 0.04651081 -0.5222532 1.115842 0.02984458 -0.5181002 1.121641 -0.01645749 -0.5054804 1.114921 -0.01645749 -0.5048718 1.120828 -0.07942581 -0.5222532 1.172172 -0.06275963 -0.5141353 1.149309 -0.01645749 -0.5054804 1.114921 -0.07942581 -0.5222532 1.115842 -0.06275963 -0.5181002 1.121641 -0.01645749 -0.5048718 1.120828 -0.1100803 -0.465438 0.7958022 -0.1100803 -0.3816276 0.7958022 -0.07086133 -0.3816276 0.7565833 -0.07086133 -0.465438 0.7565833 -0.07086133 -0.465438 0.7565833 -0.07086133 -0.3816276 0.7565833 -0.01705324 -0.3816276 0.7422282 -0.01705324 -0.465438 0.7422282 -0.01705324 -0.5012527 1.146823 -0.01705324 -0.4653171 1.141865 -0.06313174 -0.4653173 1.141865 -0.06313174 -0.5012527 1.146823 -0.07086133 -0.465438 0.9421695 -0.07086133 -0.3816276 0.9421695 -0.1100803 -0.3816276 0.9029505 -0.1100803 -0.465438 0.9029505 -0.1100803 -0.465438 0.9029505 -0.1166724 -0.4414207 0.893657 -0.1310276 -0.4414207 0.8493764 -0.1244354 -0.465438 0.8493764 -0.1244354 -0.3816276 0.8493764 -0.1310276 -0.4056448 0.8493764 -0.1166724 -0.4056448 0.893657 -0.1100803 -0.3816276 0.9029505 -0.1166724 -0.4056448 0.893657 -0.1166724 -0.4414207 0.893657 -0.1244354 -0.465438 0.8493764 -0.1310276 -0.4414207 0.8493764 -0.1166724 -0.4414207 0.8050957 -0.1100803 -0.465438 0.7958022 -0.1166724 -0.4414207 0.8050957 -0.1166724 -0.4056448 0.8050957 -0.1100803 -0.3816276 0.7958022 -0.1166724 -0.4056448 0.8050957 -0.1310276 -0.4056448 0.8493764 -0.1244354 -0.3816276 0.8493764 -0.2125209 -0.5159125 0.6535563 -0.2390103 -0.5028221 0.6851753 -0.170908 -0.4846302 0.6824741 -0.1523309 -0.5100125 0.6430147 -0.2465138 -0.4942278 0.738983 -0.1757315 -0.4754937 0.7369558 -0.2506726 -0.4897691 0.7897205 -0.1787587 -0.4706039 0.7868427 -0.2502042 -0.4903135 0.8813733 -0.1783957 -0.4712524 0.8841928 -0.2458001 -0.4950709 0.9339748 -0.1754773 -0.4764666 0.9358108 -0.2384992 -0.5034139 0.9856983 -0.1705451 -0.4852787 0.9885614 -0.212275 -0.5162011 1.014964 -0.1522303 -0.5102172 1.024782 -0.159457 -0.9692584 0.6494184 -0.2124009 -0.9692581 0.6608904 -0.2124009 -0.9791165 0.6589662 -0.159457 -0.9798992 0.6473665 -0.2124009 -0.9791165 0.6589662 -0.2216364 -0.9791165 0.6510468 -0.1661815 -0.9798992 0.6389215 -0.159457 -0.9798992 0.6473665 -0.2124009 -0.9692581 0.6608904 -0.2350345 -0.9692584 0.6915391 -0.2350345 -0.9816838 0.6899561 -0.2124009 -0.9791165 0.6589662 -0.2350345 -0.9816838 0.6899561 -0.2453435 -0.9816838 0.6834409 -0.2350345 -0.9692584 0.6915391 -0.2422903 -0.9692584 0.7433468 -0.2422903 -0.9836348 0.7423405 -0.2350345 -0.9816838 0.6899561 -0.2422903 -0.9836348 0.7423405 -0.2529436 -0.9836348 0.7381989 -0.2461737 -0.9692584 0.7896391 -0.2461737 -0.9846791 0.7891481 -0.2461737 -0.9846791 0.7891481 -0.2570112 -0.9846791 0.7871274 -0.2456587 -0.9692584 0.8811421 -0.2456587 -0.9845405 0.8816698 -0.2456587 -0.9845405 0.8816698 -0.2564717 -0.9845405 0.8838413 -0.2415177 -0.9692584 0.9296514 -0.2415177 -0.9834271 0.930719 -0.2415177 -0.9834271 0.930719 -0.2521343 -0.9834271 0.9351131 -0.2345194 -0.9692584 0.9792421 -0.2345194 -0.9815453 0.9808617 -0.2121719 -0.979055 1.009361 -0.2121719 -0.9692581 1.007428 -0.1593704 -0.9692584 1.018053 -0.1593704 -0.9798637 1.020105 -0.2345194 -0.9815453 0.9808617 -0.244804 -0.9815453 0.9875279 -0.1660907 -0.9798637 1.028549 -0.2213966 -0.979055 1.017318 -0.2121719 -0.979055 1.009361 -0.1593704 -0.9798637 1.020105 -0.2121719 -0.9692581 1.007428 -0.2121719 -0.979055 1.009361 -0.2345194 -0.9815453 0.9808617 -0.2345194 -0.9692584 0.9792421 -0.164606 -0.5938534 0.624404 -0.2385743 -0.5921885 0.6401532 -0.2125209 -0.5159125 0.6535563 -0.1523309 -0.5100125 0.6430147 -0.2125209 -0.5159125 0.6535563 -0.2385743 -0.5921885 0.6401532 -0.2701554 -0.5871942 0.6837632 -0.2390103 -0.5028221 0.6851753 -0.164606 -0.7368702 0.624404 -0.2385743 -0.7368843 0.6401532 -0.2785841 -0.5817904 0.7383981 -0.2465138 -0.4942278 0.738983 -0.2701554 -0.7369265 0.6837632 -0.2385743 -0.7368843 0.6401532 -0.2830953 -0.5788984 0.7872223 -0.2506726 -0.4897691 0.7897205 -0.276366 -0.736972 0.7240201 -0.164606 -0.8812757 0.624404 -0.2385743 -0.8815796 0.6401532 -0.2824971 -0.5792818 0.8837242 -0.2502042 -0.4903135 0.8813733 -0.2701554 -0.8866586 0.6837632 -0.2385743 -0.8815796 0.6401532 -0.2776867 -0.5823657 0.9348805 -0.2458001 -0.4950709 0.9339748 -0.2216364 -0.9791165 0.6510468 -0.1661815 -0.9798992 0.6389215 -0.2695571 -0.5875775 0.9871833 -0.2384992 -0.5034139 0.9856983 -0.2785841 -0.8921535 0.7383981 -0.212275 -0.5162011 1.014964 -0.2384247 -0.5922846 1.027295 -0.164606 -0.5938534 1.041878 -0.1522303 -0.5102172 1.024782 -0.2384992 -0.5034139 0.9856983 -0.2384247 -0.5922846 1.027295 -0.212275 -0.5162011 1.014964 -0.2782348 -0.7370057 0.741571 -0.2800052 -0.7907698 0.7559627 -0.3469513 -0.7907698 0.7559627 -0.3469513 -0.7370324 0.7415638 -0.1276589 -0.9030714 0.7654373 -0.1161744 -0.9030714 0.7507156 -0.08931022 -0.9030714 0.7452052 -0.09159994 -0.9030716 0.764998 -0.2453435 -0.9816838 0.6834409 -0.2216364 -0.9791165 0.6510468 -0.1313406 -0.9030716 0.7903225 -0.09407716 -0.9030716 0.7900509 -0.164606 -0.7368702 1.041878 -0.2384247 -0.7368834 1.027295 -0.2529436 -0.9836348 0.7381989 -0.2384247 -0.7368834 1.027295 -0.2695571 -0.7369232 0.9871833 -0.133311 -0.9030716 0.8125584 -0.09540301 -0.9030716 0.812429 -0.2830953 -0.8950946 0.7872223 -0.2570112 -0.9846791 0.7871274 -0.2830452 -0.8301084 0.7953012 -0.2827121 -0.8445074 0.8490387 -0.3469513 -0.8445074 0.8490387 -0.3469513 -0.8301084 0.7953012 -0.09522718 -0.9030716 0.8566704 -0.1330497 -0.9030716 0.8565106 -0.2765623 -0.7907698 0.9421147 -0.2743259 -0.7369906 0.9565023 -0.3469513 -0.7370324 0.9565135 -0.3469513 -0.7907698 0.9421147 -0.2384247 -0.8814821 1.027295 -0.164606 -0.8798868 1.041878 -0.2564717 -0.9845405 0.8838413 -0.2824971 -0.8947045 0.8837242 -0.2384247 -0.8814821 1.027295 -0.2695571 -0.8862686 0.9871833 -0.1309486 -0.9030716 0.8798115 -0.09381341 -0.9030716 0.8801285 -0.2521343 -0.9834271 0.9351131 -0.2776867 -0.8915686 0.9348805 -0.0914241 -0.9030716 0.9041014 -0.1273975 -0.9030714 0.9036317 -0.2213966 -0.979055 1.017318 -0.1660907 -0.9798637 1.028549 -0.08926624 -0.9030714 0.9222741 -0.1160582 -0.9030714 0.9171702 -0.244804 -0.9815453 0.9875279 -0.2213966 -0.979055 1.017318 -0.2800048 -0.683295 0.7559627 -0.3469513 -0.683295 0.7559627 -0.2765623 -0.683295 0.9421147 -0.2807055 -0.6439564 0.9027761 -0.3469513 -0.6439564 0.9027761 -0.3469513 -0.683295 0.9421147 -0.2807056 -0.8301084 0.9027761 -0.3469513 -0.8301084 0.9027761 -0.2807056 -0.8301084 0.9027761 -0.3469513 -0.8301084 0.9027761 -0.2830452 -0.6439564 0.7953012 -0.3469513 -0.6439564 0.7953012 -0.2830452 -0.8301084 0.7953012 -0.3469513 -0.8301084 0.7953012 -0.2765623 -0.683295 0.9421147 -0.2743259 -0.7369906 0.9565023 -0.2765623 -0.7907698 0.9421147 -0.2807055 -0.6439564 0.9027761 -0.2827121 -0.6295573 0.8490387 -0.2830452 -0.6439564 0.7953012 -0.2800048 -0.683295 0.7559627 -0.2782348 -0.7370057 0.741571 -0.2800052 -0.7907698 0.7559627 -0.2830452 -0.8301084 0.7953012 -0.2827121 -0.8445074 0.8490387 -0.2807056 -0.8301084 0.9027761 -0.159457 -0.9692584 0.6494184 -0.110282 -0.9692584 0.7181932 -0.1449432 -0.9692581 0.7253848 -0.2124009 -0.9692581 0.6608904 -0.159761 -0.9692584 0.744598 -0.2350345 -0.9692584 0.6915391 -0.1645112 -0.9692584 0.7770755 -0.2422903 -0.9692584 0.7433468 -0.1670536 -0.9692584 0.8060954 -0.2461737 -0.9692584 0.7896391 -0.1667164 -0.9692584 0.8634573 -0.2456587 -0.9692584 0.8811421 -0.1640054 -0.9692584 0.8938671 -0.2415177 -0.9692584 0.9296514 -0.1594238 -0.9692584 0.9249547 -0.2345194 -0.9692584 0.9792421 -0.1447933 -0.9692581 0.9426237 -0.2121719 -0.9692581 1.007428 -0.1102253 -0.9692584 0.9492848 -0.1593704 -0.9692584 1.018053 -0.110282 -0.9692584 0.7181932 -0.08931022 -0.9030714 0.7452052 -0.1161744 -0.9030714 0.7507156 -0.1449432 -0.9692581 0.7253848 -0.1449432 -0.9692581 0.7253848 -0.1161744 -0.9030714 0.7507156 -0.1276589 -0.9030714 0.7654373 -0.159761 -0.9692584 0.744598 -0.1313406 -0.9030716 0.7903225 -0.1645112 -0.9692584 0.7770755 -0.133311 -0.9030716 0.8125584 -0.1670536 -0.9692584 0.8060954 -0.1330497 -0.9030716 0.8565106 -0.1667164 -0.9692584 0.8634573 -0.1309486 -0.9030716 0.8798115 -0.1640054 -0.9692584 0.8938671 -0.1273975 -0.9030714 0.9036317 -0.1594238 -0.9692584 0.9249547 -0.1160582 -0.9030714 0.9171702 -0.1447933 -0.9692581 0.9426237 -0.1447933 -0.9692581 0.9426237 -0.1160582 -0.9030714 0.9171702 -0.08926624 -0.9030714 0.9222741 -0.1102253 -0.9692584 0.9492848 -0.3320444 -0.6276681 0.8490387 -0.3333894 -0.4768158 0.8490387 -0.3333894 -0.4765297 0.8015216 -0.3320444 -0.6404004 0.8015216 -0.3320444 -0.6404004 0.8965557 -0.3333894 -0.4765297 0.8965557 -0.3469513 -0.6295573 0.8490387 -0.3320444 -0.6276681 0.8490387 -0.3320444 -0.6404004 0.8015216 -0.3469513 -0.6439564 0.7953012 -0.2984502 -0.6404004 0.8015216 -0.2830452 -0.6439564 0.7953012 -0.2982751 -0.6276681 0.8490387 -0.2827121 -0.6295573 0.8490387 -0.2807055 -0.6439564 0.9027761 -0.2972203 -0.6404004 0.8965557 -0.3320444 -0.6404004 0.8965557 -0.3469513 -0.6439564 0.9027761 -0.2984502 -0.6404004 0.8015216 -0.3320444 -0.6404004 0.8015216 -0.3333894 -0.4765297 0.8015216 -0.2997952 -0.4748647 0.8015216 -0.2982751 -0.6276681 0.8490387 -0.2984502 -0.6404004 0.8015216 -0.2997952 -0.4748647 0.8015216 -0.29962 -0.4748508 0.8490387 -0.3320444 -0.6404004 0.8965557 -0.2972203 -0.6404004 0.8965557 -0.2985653 -0.4747756 0.8965557 -0.3333894 -0.4765297 0.8965557 -0.2972203 -0.6404004 0.8965557 -0.2985653 -0.4747756 0.8965557 -0.3246541 -0.4539872 0.8490387 -0.3246541 -0.4537011 0.8015216 -0.3246541 -0.4537011 0.8015216 -0.2997952 -0.4468437 0.8015216 -0.2985653 -0.4467546 0.8965557 -0.3246541 -0.4537011 0.8965557 -0.3246541 -0.4537011 0.8965557 -0.2997952 -0.4748647 0.8015216 -0.1166724 -0.4414207 0.8050957 -0.1310276 -0.4414207 0.8493764 -0.29962 -0.4748508 0.8490387 -0.29962 -0.4468299 0.8490387 -0.1310276 -0.4056448 0.8493764 -0.1166724 -0.4056448 0.8050957 -0.2997952 -0.4468437 0.8015216 -0.1166724 -0.4056448 0.8050957 -0.1166724 -0.4414207 0.8050957 -0.1166724 -0.4414207 0.893657 -0.2985653 -0.4747756 0.8965557 -0.1166724 -0.4414207 0.893657 -0.1166724 -0.4056448 0.893657 -0.2985653 -0.4467546 0.8965557 -0.1166724 -0.4056448 0.893657 -0.3246541 -0.4537011 0.8965557 -0.3246541 -0.4539872 0.8490387 -0.3246541 -0.4537011 0.8015216 0.07597374 -0.465438 0.7958022 0.03675478 -0.465438 0.7565833 0.03675478 -0.3816276 0.7565833 0.07597374 -0.3816276 0.7958022 0.03675478 -0.465438 0.7565833 0.03675478 -0.3816276 0.7565833 0.02902519 -0.5012527 1.146823 0.02902519 -0.4653173 1.141865 0.03675478 -0.465438 0.9421695 0.07597374 -0.465438 0.9029505 0.07597374 -0.3816276 0.9029505 0.03675478 -0.3816276 0.9421695 0.07597374 -0.465438 0.9029505 0.09032887 -0.465438 0.8493764 0.09692102 -0.4414207 0.8493764 0.08256584 -0.4414207 0.893657 0.09032887 -0.3816276 0.8493764 0.07597374 -0.3816276 0.9029505 0.08256584 -0.4056448 0.893657 0.09692102 -0.4056448 0.8493764 0.08256584 -0.4414207 0.893657 0.08256584 -0.4056448 0.893657 0.09032887 -0.465438 0.8493764 0.07597374 -0.465438 0.7958022 0.08256584 -0.4414207 0.8050957 0.09692102 -0.4414207 0.8493764 0.08256584 -0.4056448 0.8050957 0.08256584 -0.4414207 0.8050957 0.07597374 -0.3816276 0.7958022 0.09032887 -0.3816276 0.8493764 0.09692102 -0.4056448 0.8493764 0.08256584 -0.4056448 0.8050957 0.1182244 -0.5100125 0.6430147 0.1784144 -0.5159125 0.6535563 0.2044677 -0.5921885 0.6401532 0.1304994 -0.5938534 0.624404 0.1784144 -0.5159125 0.6535563 0.1182244 -0.5100125 0.6430147 0.1368015 -0.4846302 0.6824741 0.2049037 -0.5028221 0.6851753 0.141625 -0.4754937 0.7369558 0.2124072 -0.4942278 0.7389831 0.1784144 -0.5159125 0.6535563 0.2049037 -0.5028221 0.6851753 0.2360488 -0.5871942 0.6837632 0.2044677 -0.5921885 0.6401532 0.1446521 -0.4706039 0.7868427 0.2165661 -0.4897691 0.7897205 0.2124072 -0.4942278 0.7389831 0.2444775 -0.5817904 0.7383981 0.2165661 -0.4897691 0.7897205 0.2489887 -0.5788984 0.7872223 0.1413707 -0.4764666 0.9358108 0.1442891 -0.4712524 0.8841928 0.2160976 -0.4903135 0.8813733 0.2160976 -0.4903135 0.8813733 0.2483904 -0.5792818 0.8837242 0.2116936 -0.4950709 0.9339748 0.1364385 -0.4852787 0.9885614 0.2043927 -0.5034139 0.9856983 0.2116936 -0.4950709 0.9339748 0.2435801 -0.5823657 0.9348805 0.1181237 -0.5102172 1.024782 0.1781685 -0.5162011 1.014964 0.2043927 -0.5034139 0.9856983 0.2354505 -0.5875775 0.9871833 0.1781685 -0.5162011 1.014964 0.1181237 -0.5102172 1.024782 0.1304994 -0.5938534 1.041878 0.2043181 -0.5922846 1.027295 0.1253505 -0.9798992 0.6473665 0.1253505 -0.9692584 0.6494184 0.2043927 -0.5034139 0.9856983 0.1781685 -0.5162011 1.014964 0.2043181 -0.5922846 1.027295 0.1875299 -0.9791165 0.6510468 0.132075 -0.9798992 0.6389215 0.1304994 -0.8812757 0.624404 0.2044677 -0.8815796 0.6401532 0.1782943 -0.9791165 0.6589662 0.1782943 -0.9692581 0.6608904 0.1782943 -0.9791165 0.6589662 0.1253505 -0.9798992 0.6473665 0.132075 -0.9798992 0.6389215 0.1875299 -0.9791165 0.6510468 0.211237 -0.9816838 0.6834409 0.1875299 -0.9791165 0.6510468 0.2044677 -0.8815796 0.6401532 0.2360488 -0.8866586 0.6837632 0.1782943 -0.9692581 0.6608904 0.1782943 -0.9791165 0.6589662 0.2009279 -0.9816838 0.6899561 0.2009279 -0.9692584 0.6915391 0.211237 -0.9816838 0.6834409 0.2009279 -0.9816838 0.6899561 0.2009279 -0.9692584 0.6915391 0.2009279 -0.9816838 0.6899561 0.2081838 -0.9836348 0.7423405 0.2081838 -0.9692584 0.7433468 0.218837 -0.9836348 0.7381989 0.2081838 -0.9836348 0.7423405 0.218837 -0.9836348 0.7381989 0.2444775 -0.8921535 0.7383981 0.2120672 -0.9846791 0.7891481 0.2120672 -0.9692584 0.7896391 0.2229046 -0.9846791 0.7871274 0.2120672 -0.9846791 0.7891481 0.2229046 -0.9846791 0.7871274 0.2489887 -0.8950946 0.7872223 0.2115522 -0.9845405 0.8816698 0.2115522 -0.9692584 0.8811421 0.2223651 -0.9845405 0.8838413 0.2115522 -0.9845405 0.8816698 0.2483904 -0.8947045 0.8837242 0.2223651 -0.9845405 0.8838413 0.1252638 -0.9692584 1.018053 0.1252638 -0.9798637 1.020105 0.2074112 -0.9692584 0.9296514 0.2074112 -0.9834271 0.930719 0.2074112 -0.9834271 0.930719 0.2180278 -0.9834271 0.9351131 0.2180278 -0.9834271 0.9351131 0.2435801 -0.8915686 0.9348805 0.2004129 -0.9692584 0.9792421 0.2004129 -0.9815453 0.9808617 0.1780654 -0.979055 1.009361 0.1780654 -0.9692581 1.007428 0.2004129 -0.9815453 0.9808617 0.2106975 -0.9815453 0.9875279 0.1319842 -0.9798637 1.028549 0.1252638 -0.9798637 1.020105 0.1780654 -0.979055 1.009361 0.1872901 -0.979055 1.017318 0.1319842 -0.9798637 1.028549 0.1872901 -0.979055 1.017318 0.2043182 -0.8814821 1.027295 0.1304994 -0.8798868 1.041878 0.2106975 -0.9815453 0.9875279 0.2354505 -0.8862686 0.9871833 0.1780654 -0.9692581 1.007428 0.2004129 -0.9692584 0.9792421 0.2004129 -0.9815453 0.9808617 0.1780654 -0.979055 1.009361 0.1872901 -0.979055 1.017318 0.2043182 -0.8814821 1.027295 0.2044677 -0.7368843 0.6401532 0.1304994 -0.7368702 0.624404 0.2360488 -0.7369265 0.6837632 0.2044677 -0.7368843 0.6401532 0.2422594 -0.736972 0.7240201 0.2441282 -0.7370057 0.741571 0.3128446 -0.7370324 0.7415638 0.3128446 -0.7907698 0.7559627 0.2458986 -0.7907698 0.7559627 0.09355235 -0.9030714 0.7654373 0.05749338 -0.9030716 0.764998 0.05520367 -0.9030714 0.7452052 0.08206784 -0.9030714 0.7507156 0.09723401 -0.9030716 0.7903225 0.05997061 -0.9030716 0.7900509 0.1304994 -0.7368702 1.041878 0.2043182 -0.7368834 1.027295 0.2043182 -0.7368834 1.027295 0.2354505 -0.7369232 0.9871833 0.09920448 -0.9030716 0.8125584 0.06129646 -0.9030716 0.812429 0.2489386 -0.8301084 0.7953012 0.3128446 -0.8301084 0.7953012 0.3128446 -0.8445074 0.8490387 0.2486055 -0.8445074 0.8490387 0.09894317 -0.9030716 0.8565106 0.06112062 -0.9030716 0.8566704 0.2424557 -0.7907698 0.9421147 0.3128446 -0.7907698 0.9421147 0.3128446 -0.7370324 0.9565135 0.2402194 -0.7369906 0.9565023 0.09684199 -0.9030716 0.8798115 0.05970686 -0.9030716 0.8801285 0.05731755 -0.9030716 0.9041014 0.09329104 -0.9030714 0.9036317 0.05515968 -0.9030714 0.9222741 0.08195167 -0.9030714 0.9171702 0.2458982 -0.683295 0.7559627 0.3128446 -0.683295 0.7559627 0.2424557 -0.683295 0.9421147 0.3128446 -0.683295 0.9421147 0.3128446 -0.6439564 0.9027761 0.246599 -0.6439564 0.9027761 0.3128446 -0.8301084 0.9027761 0.246599 -0.8301084 0.9027761 0.246599 -0.8301084 0.9027761 0.3128446 -0.8301084 0.9027761 0.2489386 -0.6439564 0.7953012 0.3128446 -0.6439564 0.7953012 0.3128446 -0.8301084 0.7953012 0.2489386 -0.8301084 0.7953012 0.2402194 -0.7369906 0.9565023 0.2424557 -0.683295 0.9421147 0.2424557 -0.7907698 0.9421147 0.246599 -0.6439564 0.9027761 0.2486055 -0.6295573 0.8490387 0.2489386 -0.6439564 0.7953012 0.2458982 -0.683295 0.7559627 0.2441282 -0.7370057 0.741571 0.2458986 -0.7907698 0.7559627 0.2489386 -0.8301084 0.7953012 0.2486055 -0.8445074 0.8490387 0.246599 -0.8301084 0.9027761 0.1253505 -0.9692584 0.6494184 0.1782943 -0.9692581 0.6608904 0.1108366 -0.9692581 0.7253848 0.07617545 -0.9692584 0.7181932 0.2009279 -0.9692584 0.6915391 0.1256544 -0.9692584 0.744598 0.2081838 -0.9692584 0.7433468 0.1304047 -0.9692584 0.7770755 0.2120672 -0.9692584 0.7896391 0.132947 -0.9692584 0.8060954 0.2115522 -0.9692584 0.8811421 0.1326099 -0.9692584 0.8634573 0.2074112 -0.9692584 0.9296514 0.1298989 -0.9692584 0.8938671 0.0761187 -0.9692584 0.9492848 0.1252638 -0.9692584 1.018053 0.2004129 -0.9692584 0.9792421 0.1253172 -0.9692584 0.9249547 0.1780654 -0.9692581 1.007428 0.1106868 -0.9692581 0.9426237 0.07617545 -0.9692584 0.7181932 0.1108366 -0.9692581 0.7253848 0.08206784 -0.9030714 0.7507156 0.05520367 -0.9030714 0.7452052 0.1108366 -0.9692581 0.7253848 0.1256544 -0.9692584 0.744598 0.09355235 -0.9030714 0.7654373 0.08206784 -0.9030714 0.7507156 0.1304047 -0.9692584 0.7770755 0.09723401 -0.9030716 0.7903225 0.132947 -0.9692584 0.8060954 0.09920448 -0.9030716 0.8125584 0.1326099 -0.9692584 0.8634573 0.09894317 -0.9030716 0.8565106 0.1298989 -0.9692584 0.8938671 0.09684199 -0.9030716 0.8798115 0.05515968 -0.9030714 0.9222741 0.0761187 -0.9692584 0.9492848 0.1253172 -0.9692584 0.9249547 0.09329104 -0.9030714 0.9036317 0.1106868 -0.9692581 0.9426237 0.08195167 -0.9030714 0.9171702 0.1106868 -0.9692581 0.9426237 0.08195167 -0.9030714 0.9171702 0.2979378 -0.6276681 0.8490387 0.2979378 -0.6404004 0.8015216 0.2992827 -0.4765297 0.8015216 0.2992827 -0.4768158 0.8490387 0.2979378 -0.6404004 0.8965557 0.2992827 -0.4765297 0.8965557 0.3128446 -0.6295573 0.8490387 0.3128446 -0.6439564 0.7953012 0.2979378 -0.6404004 0.8015216 0.2979378 -0.6276681 0.8490387 0.2489386 -0.6439564 0.7953012 0.2643437 -0.6404004 0.8015216 0.2486055 -0.6295573 0.8490387 0.2641685 -0.6276681 0.8490387 0.246599 -0.6439564 0.9027761 0.3128446 -0.6439564 0.9027761 0.2979378 -0.6404004 0.8965557 0.2631137 -0.6404004 0.8965557 0.2643437 -0.6404004 0.8015216 0.2656886 -0.4748647 0.8015216 0.2992827 -0.4765297 0.8015216 0.2979378 -0.6404004 0.8015216 0.2641685 -0.6276681 0.8490387 0.2655135 -0.4748508 0.8490387 0.2656886 -0.4748647 0.8015216 0.2643437 -0.6404004 0.8015216 0.2979378 -0.6404004 0.8965557 0.2992827 -0.4765297 0.8965557 0.2644587 -0.4747756 0.8965557 0.2631137 -0.6404004 0.8965557 0.2631137 -0.6404004 0.8965557 0.2644587 -0.4747756 0.8965557 0.2905475 -0.4537011 0.8015216 0.2905475 -0.4539872 0.8490387 0.2656886 -0.4468437 0.8015216 0.2905475 -0.4537011 0.8015216 0.2905475 -0.4537011 0.8965557 0.2644587 -0.4467546 0.8965557 0.2905475 -0.4537011 0.8965557 0.2656886 -0.4748647 0.8015216 0.2655135 -0.4748508 0.8490387 0.09692102 -0.4414207 0.8493764 0.08256584 -0.4414207 0.8050957 0.2655135 -0.4468299 0.8490387 0.2656886 -0.4468437 0.8015216 0.08256584 -0.4056448 0.8050957 0.09692102 -0.4056448 0.8493764 0.08256584 -0.4414207 0.8050957 0.08256584 -0.4056448 0.8050957 0.2644587 -0.4747756 0.8965557 0.08256584 -0.4414207 0.893657 0.08256584 -0.4056448 0.893657 0.08256584 -0.4414207 0.893657 0.2644587 -0.4467546 0.8965557 0.08256584 -0.4056448 0.893657 0.2905475 -0.4537011 0.8965557 0.2905475 -0.4539872 0.8490387 0.2905475 -0.4537011 0.8015216 -0.01705324 -0.3816276 0.9565246 -0.06313174 -0.4040145 0.945024 -0.01705324 -0.4040145 0.959379 -0.06313174 -0.443051 0.945024 -0.01705324 -0.465438 0.9565246 -0.01705324 -0.443051 0.959379 -0.01705324 -0.465438 0.9565246 0.02902519 -0.443051 0.945024 -0.01705324 -0.443051 0.959379 0.02902519 -0.4040145 0.945024 -0.01705324 -0.3816276 0.9565246 -0.01705324 -0.4040145 0.959379 -0.01705324 -0.4543727 1.119381 -0.06313174 -0.4543728 1.117446 -0.06313174 -0.4653173 1.141865 -0.01705324 -0.4653171 1.141865 -0.06313174 -0.4543728 1.117446 -0.06313174 -0.4934093 1.119333 -0.06313174 -0.5012527 1.146823 -0.06313174 -0.4653173 1.141865 0.02902519 -0.4934093 1.119333 0.02902519 -0.4543728 1.117446 0.02902519 -0.4653173 1.141865 0.02902519 -0.5012527 1.146823 0.02902519 -0.4543728 1.117446 0.02902519 -0.4653173 1.141865 -0.01705324 -0.443051 0.959379 0.02902519 -0.443051 0.945024 0.02902519 -0.4934093 1.119333 -0.01705324 -0.4934093 1.119381 0.02902519 -0.443051 0.945024 0.02902519 -0.4040145 0.945024 0.02902519 -0.4040145 0.945024 -0.01705324 -0.4040145 0.959379 -0.06313174 -0.4040145 0.945024 -0.06313174 -0.4040145 0.945024 -0.06313174 -0.443051 0.945024 -0.06313174 -0.443051 0.945024 -0.06313174 -0.4934093 1.119333 -0.01645749 -0.5048718 1.148496 0.02984458 -0.5141353 1.149309 0.02984458 -0.5141353 1.149309 0.02984458 -0.5181002 1.121641 0.02984458 -0.5181002 1.121641 -0.01645749 -0.5048718 1.120828 -0.01705324 -0.4934093 1.119381 0.02902519 -0.4934093 1.119333 -0.06275963 -0.5181002 1.121641 -0.06313174 -0.4934093 1.119333 -0.06275963 -0.5181002 1.121641 -0.06275963 -0.5141353 1.149309 -0.06275963 -0.5141353 1.149309 1.51446 2.37807 0.4934254 1.43745 2.379566 0.5025926 1.479954 2.400395 0.8721742 1.556964 2.398899 0.8630072 1.368828 2.344914 0.5129514 1.411332 2.365744 0.882533 1.368828 2.344914 0.5129514 1.324316 2.282054 0.522129 1.36682 2.302884 0.8917105 1.411332 2.365744 0.882533 1.314111 2.205386 0.5280225 1.356615 2.226215 0.8976041 1.397578 2.080019 0.5256189 1.472129 2.06004 0.5178725 1.514633 2.08087 0.8874539 1.440082 2.100849 0.8952005 1.547124 2.077115 0.5078169 1.589627 2.097944 0.8773984 1.547124 2.077115 0.5078169 1.605383 2.12733 0.4977567 1.647887 2.148159 0.8673384 1.589627 2.097944 0.8773984 1.633561 2.199182 0.4899954 1.676064 2.220012 0.8595772 1.6252 2.276211 0.4863119 1.667705 2.297041 0.8558934 1.582218 2.34077 0.4875497 1.624722 2.3616 0.8571313 1.582218 2.34077 0.4875497 1.624722 2.3616 0.8571313 1.340551 2.132473 0.529282 1.342075 2.131725 0.5456082 1.318582 2.196405 0.5442234 1.383055 2.153303 0.8988637 1.356615 2.226215 0.8976041 1.335933 2.204944 0.6920699 1.359427 2.140265 0.693455 1.335933 2.204944 0.6920699 1.397578 2.080019 0.5256189 1.392677 2.085182 0.5423578 1.397578 2.080019 0.5256189 1.440082 2.100849 0.8952005 1.410028 2.093722 0.6902046 1.392677 2.085182 0.5423578 0.5638517 1.504779 0.9335781 0.5247241 1.501407 0.651161 1.242527 2.003148 0.5778334 1.269523 2.00344 0.7650941 0.5393275 1.62167 0.9419841 0.5506414 1.562583 0.9376754 1.240121 2.048108 0.7692632 1.21072 2.092776 0.773432 0.5001996 1.618299 0.6595674 0.5393275 1.62167 0.9419841 1.21072 2.092776 0.773432 1.183723 2.092484 0.5861712 0.511513 1.559211 0.6552584 0.5001996 1.618299 0.6595674 1.183723 2.092484 0.5861712 1.213125 2.047816 0.5820024 1.392677 2.085182 0.5423578 1.410028 2.093722 0.6902046 1.359427 2.140265 0.693455 1.335933 2.204944 0.6920699 1.335933 2.204944 0.6920699 1.318582 2.196405 0.5442234 1.242527 2.003148 0.5778334 1.342075 2.131725 0.5456082 1.392677 2.085182 0.5423578 1.318582 2.196405 0.5442234 1.269523 2.00344 0.7650941 1.410028 2.093722 0.6902046 0.5247241 1.501407 0.651161 0.5638517 1.504779 0.9335781 1.48605 2.398616 0.9149008 1.5609 2.397162 0.9059906 1.419353 2.364936 0.9249691 1.376091 2.30384 0.9338892 1.419353 2.364936 0.9249691 1.366171 2.229321 0.9396174 1.383055 2.153303 0.8988637 1.39187 2.158454 0.9408413 1.440082 2.100849 0.8952005 1.447297 2.107472 0.9372816 1.519757 2.088054 0.9297519 1.447297 2.107472 0.9372816 1.592648 2.104649 0.9199787 1.649273 2.153455 0.9102005 1.592648 2.104649 0.9199787 1.67666 2.223292 0.9026569 1.668534 2.29816 0.8990768 1.626757 2.360908 0.9002799 1.626757 2.360908 0.9002799 1.5609 2.397162 0.9059906 1.48605 2.398616 0.9149008 1.493301 2.383579 0.9438785 1.560127 2.38228 0.9359232 1.419353 2.364936 0.9249691 1.433755 2.353509 0.9528672 1.419353 2.364936 0.9249691 1.376091 2.30384 0.9338892 1.39513 2.298963 0.9608309 1.433755 2.353509 0.9528672 1.366171 2.229321 0.9396174 1.386275 2.232433 0.9659454 1.39187 2.158454 0.9408413 1.409218 2.169163 0.9670382 1.447297 2.107472 0.9372816 1.458703 2.123647 0.9638594 1.519757 2.088054 0.9297519 1.523394 2.10631 0.9571374 1.592648 2.104649 0.9199787 1.588471 2.121127 0.948412 1.592648 2.104649 0.9199787 1.649273 2.153455 0.9102005 1.639026 2.164701 0.9396819 1.588471 2.121127 0.948412 1.67666 2.223292 0.9026569 1.663476 2.22705 0.9329479 1.668534 2.29816 0.8990768 1.656222 2.293892 0.929751 1.626757 2.360908 0.9002799 1.618924 2.349913 0.9308249 1.626757 2.360908 0.9002799 1.618924 2.349913 0.9308249 1.560127 2.38228 0.9359232 1.493301 2.383579 0.9438785 1.515563 2.289405 0.9500352 1.536788 2.288993 0.9475088 1.433755 2.353509 0.9528672 1.49665 2.279855 0.9528905 1.39513 2.298963 0.9608309 1.484382 2.262529 0.9554201 1.386275 2.232433 0.9659454 1.481569 2.241398 0.9570445 1.409218 2.169163 0.9670382 1.488856 2.221302 0.9573916 1.458703 2.123647 0.9638594 1.504573 2.206845 0.9563822 1.523394 2.10631 0.9571374 1.525121 2.201339 0.9542466 1.588471 2.121127 0.948412 1.545791 2.206044 0.9514755 1.639026 2.164701 0.9396819 1.561848 2.219885 0.9487026 1.663476 2.22705 0.9329479 1.569614 2.239688 0.9465637 1.656222 2.293892 0.929751 1.56731 2.260919 0.9455481 1.618924 2.349913 0.9308249 1.555464 2.278712 0.9458895 0.3329846 1.421229 0.8463295 0.3443237 1.425641 0.8868234 0.3336107 1.484672 0.8974484 0.3221862 1.479959 0.8599078 0.3443237 1.425641 0.8868234 0.3656939 1.437408 0.921358 0.3559909 1.497358 0.9291638 0.3336107 1.484672 0.8974484 0.3948215 1.455278 0.9462596 0.3869077 1.516649 0.9515867 0.4286071 1.477349 0.9588779 0.4230893 1.540507 0.9622983 0.4634564 1.501272 0.9578712 0.460777 1.566455 0.9601619 0.3171983 1.479522 0.8238797 0.3174546 1.482921 0.7848487 0.3299327 1.424083 0.786503 0.3304624 1.421008 0.828112 0.3287968 1.49375 0.7476983 0.339704 1.434021 0.7471738 0.3287968 1.49375 0.7476983 0.3502004 1.511034 0.7157335 0.3588877 1.449918 0.7137021 0.339704 1.434021 0.7471738 0.3796998 1.533189 0.6918463 0.3857382 1.470325 0.6891334 0.4145499 1.558157 0.6782404 0.4178127 1.493388 0.6757032 0.3482069 1.364004 0.8512176 0.3432201 1.363567 0.8151988 0.4404973 1.442215 0.6695535 0.4867581 1.450542 0.9514535 0.4867581 1.450542 0.9514535 0.4404973 1.442215 0.6695535 0.3287968 1.49375 0.7476983 0.3559909 1.497358 0.9291638 0.3869077 1.516649 0.9515867 0.3502004 1.511034 0.7157335 0.3596302 1.36872 0.8887608 0.3596302 1.36872 0.8887608 0.3820066 1.381413 0.9204761 0.4129157 1.400714 0.9428963 0.4490857 1.424583 0.9536008 0.4056693 1.417243 0.6831659 0.3761906 1.395083 0.7070561 0.3548041 1.377796 0.7390208 0.3434728 1.366967 0.7761692 0.3548041 1.377796 0.7390208 0.4145499 1.558157 0.6782404 0.460777 1.566455 0.9601619 0.3796998 1.533189 0.6918463 0.4230893 1.540507 0.9622983 0.3336107 1.484672 0.8974484 0.3174546 1.482921 0.7848487 0.3171983 1.479522 0.8238797 0.3221862 1.479959 0.8599078 0.4490857 1.424583 0.9536008 0.4056693 1.417243 0.6831659 0.4129157 1.400714 0.9428963 0.3761906 1.395083 0.7070561 0.3820066 1.381413 0.9204761 0.3548041 1.377796 0.7390208 0.3434728 1.366967 0.7761692 0.3596302 1.36872 0.8887608 0.3434728 1.366967 0.7761692 0.3596302 1.36872 0.8887608 0.3482069 1.364004 0.8512176 0.3432201 1.363567 0.8151988 -1.51446 2.37807 0.4934254 -1.556964 2.3989 0.863007 -1.479954 2.400396 0.8721742 -1.43745 2.379566 0.5025926 -1.411332 2.365744 0.882533 -1.368828 2.344914 0.5129515 -1.368828 2.344914 0.5129515 -1.411332 2.365744 0.882533 -1.36682 2.302884 0.8917106 -1.324316 2.282054 0.5221291 -1.356615 2.226215 0.8976042 -1.314111 2.205386 0.5280224 -1.397578 2.080019 0.5256189 -1.440082 2.100849 0.8952005 -1.514633 2.08087 0.8874538 -1.472129 2.06004 0.5178725 -1.589628 2.097944 0.8773984 -1.547124 2.077115 0.5078169 -1.547124 2.077115 0.5078169 -1.589628 2.097944 0.8773984 -1.647887 2.148159 0.8673383 -1.605383 2.12733 0.4977567 -1.676065 2.220012 0.8595772 -1.633561 2.199182 0.4899954 -1.667705 2.297041 0.8558936 -1.6252 2.276211 0.4863119 -1.624722 2.3616 0.8571313 -1.582218 2.34077 0.4875498 -1.582218 2.34077 0.4875498 -1.624722 2.3616 0.8571313 -1.318582 2.196405 0.5442234 -1.342075 2.131725 0.5456082 -1.340551 2.132473 0.5292819 -1.383055 2.153303 0.8988637 -1.359427 2.140265 0.693455 -1.335933 2.204944 0.6920699 -1.392677 2.085182 0.5423578 -1.397578 2.080019 0.5256189 -1.410028 2.093722 0.6902046 -1.440082 2.100849 0.8952005 -0.5638517 1.504779 0.9335783 -1.269523 2.00344 0.7650941 -1.242527 2.003148 0.5778334 -0.5247241 1.501407 0.6511611 -0.5393274 1.62167 0.9419839 -1.21072 2.092776 0.7734321 -1.240121 2.048108 0.7692633 -0.5506413 1.562583 0.9376754 -0.5001996 1.618299 0.6595672 -1.183723 2.092484 0.5861712 -1.21072 2.092776 0.7734321 -0.5393274 1.62167 0.9419839 -0.5115129 1.559211 0.6552584 -1.213126 2.047816 0.5820024 -1.183723 2.092484 0.5861712 -0.5001996 1.618299 0.6595672 -1.410028 2.093722 0.6902046 -1.392677 2.085182 0.5423578 -1.335933 2.204944 0.6920699 -1.359427 2.140265 0.693455 -1.318582 2.196405 0.5442234 -1.335933 2.204944 0.6920699 -1.242527 2.003148 0.5778334 -1.392677 2.085182 0.5423578 -1.342075 2.131725 0.5456082 -1.318582 2.196405 0.5442234 -1.410028 2.093722 0.6902046 -1.269523 2.00344 0.7650941 -0.5247241 1.501407 0.6511611 -0.5638517 1.504779 0.9335783 -1.5609 2.397162 0.9059908 -1.48605 2.398616 0.9149007 -1.419353 2.364936 0.9249691 -1.419353 2.364936 0.9249691 -1.376091 2.30384 0.933889 -1.366172 2.229322 0.9396174 -1.39187 2.158454 0.9408413 -1.447297 2.107472 0.9372815 -1.447297 2.107472 0.9372815 -1.519756 2.088054 0.929752 -1.592648 2.104649 0.9199787 -1.592648 2.104649 0.9199787 -1.649273 2.153455 0.9102004 -1.67666 2.223293 0.9026572 -1.668534 2.298161 0.8990768 -1.626757 2.360908 0.9002799 -1.626757 2.360908 0.9002799 -1.5609 2.397162 0.9059908 -1.560127 2.38228 0.9359236 -1.493301 2.383578 0.9438783 -1.48605 2.398616 0.9149007 -1.433755 2.353509 0.9528672 -1.419353 2.364936 0.9249691 -1.419353 2.364936 0.9249691 -1.433755 2.353509 0.9528672 -1.39513 2.298963 0.9608311 -1.376091 2.30384 0.933889 -1.386275 2.232433 0.9659454 -1.366172 2.229322 0.9396174 -1.409218 2.169163 0.967038 -1.39187 2.158454 0.9408413 -1.458703 2.123647 0.9638594 -1.447297 2.107472 0.9372815 -1.523394 2.10631 0.9571372 -1.519756 2.088054 0.929752 -1.588471 2.121127 0.948412 -1.592648 2.104649 0.9199787 -1.592648 2.104649 0.9199787 -1.588471 2.121127 0.948412 -1.639026 2.164701 0.939682 -1.649273 2.153455 0.9102004 -1.663476 2.22705 0.9329476 -1.67666 2.223293 0.9026572 -1.656222 2.293892 0.929751 -1.668534 2.298161 0.8990768 -1.618924 2.349913 0.9308249 -1.626757 2.360908 0.9002799 -1.626757 2.360908 0.9002799 -1.618924 2.349913 0.9308249 -1.560127 2.38228 0.9359236 -1.536788 2.288993 0.9475088 -1.515563 2.289405 0.9500353 -1.493301 2.383578 0.9438783 -1.49665 2.279855 0.9528905 -1.433755 2.353509 0.9528672 -1.484382 2.262529 0.95542 -1.39513 2.298963 0.9608311 -1.481569 2.241398 0.9570445 -1.386275 2.232433 0.9659454 -1.488856 2.221302 0.9573915 -1.409218 2.169163 0.967038 -1.504574 2.206845 0.9563823 -1.458703 2.123647 0.9638594 -1.525121 2.201339 0.9542468 -1.523394 2.10631 0.9571372 -1.545791 2.206045 0.9514756 -1.588471 2.121127 0.948412 -1.561848 2.219885 0.9487026 -1.639026 2.164701 0.939682 -1.569614 2.239688 0.9465637 -1.663476 2.22705 0.9329476 -1.56731 2.260919 0.9455482 -1.656222 2.293892 0.929751 -1.555464 2.278712 0.9458895 -1.618924 2.349913 0.9308249 -0.3329846 1.421229 0.8463295 -0.3221862 1.479959 0.8599078 -0.3336107 1.484672 0.8974484 -0.3443238 1.425641 0.8868234 -0.3443238 1.425641 0.8868234 -0.3336107 1.484672 0.8974484 -0.3559908 1.497358 0.9291638 -0.365694 1.437408 0.9213579 -0.3869076 1.516649 0.9515867 -0.3948214 1.455278 0.9462596 -0.4230892 1.540507 0.9622984 -0.4286071 1.477349 0.9588779 -0.4607769 1.566455 0.9601618 -0.4634562 1.501272 0.957871 -0.3171982 1.479522 0.8238796 -0.3304623 1.421008 0.8281119 -0.3299326 1.424083 0.7865031 -0.3174546 1.482921 0.7848486 -0.339704 1.434021 0.7471738 -0.3287966 1.493749 0.7476982 -0.3287966 1.493749 0.7476982 -0.339704 1.434021 0.7471738 -0.3588876 1.449917 0.7137021 -0.3502004 1.511034 0.7157337 -0.3857381 1.470325 0.6891334 -0.3796997 1.533189 0.6918464 -0.4178127 1.493388 0.6757031 -0.4145498 1.558157 0.6782405 -0.3482068 1.364004 0.8512176 -0.34322 1.363567 0.8151987 -0.4404973 1.442215 0.6695535 -0.4867579 1.450542 0.9514535 -0.4867579 1.450542 0.9514535 -0.4404973 1.442215 0.6695535 -0.3287966 1.493749 0.7476982 -0.3502004 1.511034 0.7157337 -0.3869076 1.516649 0.9515867 -0.3559908 1.497358 0.9291638 -0.3596302 1.36872 0.8887607 -0.3596302 1.36872 0.8887607 -0.3820065 1.381413 0.9204762 -0.4129157 1.400714 0.9428963 -0.4490858 1.424583 0.9536008 -0.4056692 1.417243 0.6831659 -0.3761906 1.395083 0.7070561 -0.3548039 1.377796 0.739021 -0.3434727 1.366967 0.7761693 -0.3548039 1.377796 0.739021 -0.4145498 1.558157 0.6782405 -0.4607769 1.566455 0.9601618 -0.3796997 1.533189 0.6918464 -0.4230892 1.540507 0.9622984 -0.3336107 1.484672 0.8974484 -0.3174546 1.482921 0.7848486 -0.3221862 1.479959 0.8599078 -0.3171982 1.479522 0.8238796 -0.4490858 1.424583 0.9536008 -0.4056692 1.417243 0.6831659 -0.4129157 1.400714 0.9428963 -0.3761906 1.395083 0.7070561 -0.3820065 1.381413 0.9204762 -0.3548039 1.377796 0.739021 -0.3434727 1.366967 0.7761693 -0.3596302 1.36872 0.8887607 -0.34322 1.363567 0.8151987 -0.3482068 1.364004 0.8512176 2.178161 -0.7332208 1.008951 2.138109 -0.6668611 1.011969 2.157122 -0.6701071 1.384069 2.197175 -0.7364667 1.381052 2.071843 -0.6267647 1.016215 2.090857 -0.6300106 1.388316 1.994544 -0.6221172 1.020717 2.013558 -0.625363 1.392818 1.923922 -0.6539831 1.024444 1.942935 -0.657229 1.396545 1.862182 -0.7913629 1.02653 1.88521 -0.8654046 1.02441 1.904223 -0.8686505 1.396511 1.881196 -0.7946087 1.39863 1.93996 -0.9202257 1.020669 1.958973 -0.9234715 1.39277 2.01389 -0.9432673 1.016164 2.032904 -0.9465132 1.388265 2.090065 -0.9292507 1.011926 2.109078 -0.9324967 1.384027 2.151032 -0.8813872 1.008927 2.170045 -0.8846331 1.381028 2.182825 -0.8106415 1.007853 2.201839 -0.8138874 1.379954 2.178161 -0.7332208 1.008951 2.197175 -0.7364667 1.381052 1.923922 -0.6539831 1.024444 1.876153 -0.7150626 1.026542 1.875395 -0.7157959 1.042922 1.917764 -0.6615958 1.040791 1.895167 -0.7183085 1.398642 1.925729 -0.6630782 1.189677 1.88336 -0.7172784 1.191808 1.917764 -0.6615958 1.040791 1.862182 -0.7913629 1.02653 1.862998 -0.7834987 1.042911 1.870964 -0.784981 1.191797 1.862998 -0.7834987 1.042911 0.6556454 -0.2499345 1.096205 1.712012 -0.6983261 1.064861 1.715854 -0.7100458 1.253656 0.6631777 -0.2647927 1.383478 0.6550363 -0.2012201 1.38835 1.737841 -0.6611891 1.256241 1.759828 -0.6123324 1.258826 0.6468947 -0.1376475 1.393221 0.6468947 -0.1376475 1.393221 1.759828 -0.6123324 1.258826 1.755986 -0.6006126 1.070032 0.6393623 -0.1227893 1.105949 0.6393623 -0.1227893 1.105949 1.755986 -0.6006126 1.070032 1.733999 -0.6494694 1.067447 0.6475039 -0.1863619 1.101077 0.5949409 -0.255428 1.325204 0.5916736 -0.2454617 1.164658 0.587055 -0.1716251 1.333152 0.6550363 -0.2012201 1.38835 0.6468947 -0.1376475 1.393221 0.579169 -0.08782219 1.3411 0.5755442 -0.07676565 1.162992 0.579169 -0.08782219 1.3411 0.6393623 -0.1227893 1.105949 0.6475039 -0.1863619 1.101077 0.5836089 -0.1611137 1.163825 0.5755442 -0.07676565 1.162992 0.5062922 -0.2587051 1.348879 0.5023445 -0.2466632 1.154897 0.4434101 -0.07077628 1.352896 0.587055 -0.1716251 1.333152 0.579169 -0.08782219 1.3411 0.380528 0.1171524 1.356913 0.3765801 0.1148127 1.162932 0.380528 0.1171524 1.356913 0.5755442 -0.07676565 1.162992 0.5836089 -0.1611137 1.163825 0.4394623 -0.06592518 1.158914 0.3765801 0.1148127 1.162932 1.862998 -0.7834987 1.042911 1.870964 -0.784981 1.191797 1.88336 -0.7172784 1.191808 1.925729 -0.6630782 1.189677 1.925729 -0.6630782 1.189677 1.917764 -0.6615958 1.040791 1.712012 -0.6983261 1.064861 1.875395 -0.7157959 1.042922 1.862998 -0.7834987 1.042911 1.917764 -0.6615958 1.040791 1.715854 -0.7100458 1.253656 1.870964 -0.784981 1.191797 0.6556454 -0.2499345 1.096205 0.6556454 -0.2499345 1.096205 0.5916736 -0.2454617 1.164658 0.5916736 -0.2454617 1.164658 0.5023445 -0.2466632 1.154897 0.5949409 -0.255428 1.325204 0.5062922 -0.2587051 1.348879 0.6631777 -0.2647927 1.383478 0.5949409 -0.255428 1.325204 0.6631777 -0.2647927 1.383478 2.156403 -0.6737111 1.427109 2.195332 -0.7382092 1.424176 2.091996 -0.6347394 1.431236 2.016866 -0.6302222 1.435612 1.948224 -0.6611942 1.439234 1.901796 -0.7205604 1.441273 1.888217 -0.7947202 1.441261 1.910598 -0.866685 1.439201 1.963812 -0.9199681 1.435566 2.035669 -0.9423635 1.431187 2.109706 -0.9287401 1.427068 2.168963 -0.8822192 1.424153 2.199865 -0.8134581 1.423109 2.195332 -0.7382092 1.424176 2.145862 -0.6861521 1.456307 2.180618 -0.7437355 1.453688 2.08836 -0.6513584 1.459991 2.021285 -0.6473255 1.463898 1.960001 -0.6749771 1.467132 1.91855 -0.7279788 1.468952 1.906427 -0.7941882 1.468942 1.926409 -0.8584378 1.467103 1.973918 -0.9060087 1.463857 2.038072 -0.926003 1.459947 2.104171 -0.9138402 1.45627 2.157076 -0.8723067 1.453667 2.184665 -0.8109173 1.452736 2.180618 -0.7437355 1.453688 2.180618 -0.7437355 1.453688 2.145862 -0.6861521 1.456307 2.077609 -0.7547393 1.462583 2.088648 -0.7730292 1.461751 2.08836 -0.6513584 1.459991 2.059345 -0.7436881 1.463753 2.021285 -0.6473255 1.463898 2.03804 -0.742407 1.464994 1.960001 -0.6749771 1.467132 2.018575 -0.7511898 1.466021 1.91855 -0.7279788 1.468952 2.00541 -0.7680245 1.466599 1.906427 -0.7941882 1.468942 2.001559 -0.789054 1.466596 1.926409 -0.8584378 1.467103 2.007906 -0.8094611 1.466012 1.973918 -0.9060087 1.463857 2.022996 -0.8245707 1.464981 2.038072 -0.926003 1.459947 2.043372 -0.8309214 1.463739 2.104171 -0.9138402 1.45627 2.064367 -0.8270583 1.462571 2.157076 -0.8723067 1.453667 2.081171 -0.8138663 1.461744 2.184665 -0.8109173 1.452736 2.089934 -0.7943676 1.461448 2.138109 -0.6668611 1.011969 2.178161 -0.7332208 1.008951 2.071843 -0.6267647 1.016215 1.994544 -0.6221172 1.020717 1.923922 -0.6539831 1.024444 1.876153 -0.7150626 1.026542 1.862182 -0.7913629 1.02653 1.88521 -0.8654046 1.02441 1.93996 -0.9202257 1.020669 2.01389 -0.9432673 1.016164 2.090065 -0.9292507 1.011926 2.028508 -0.7927667 0.3533424 1.967541 -0.8406302 0.3563417 1.954842 -0.8130823 0.3573324 2.004349 -0.7742154 0.3548969 2.060301 -0.7220211 0.3522685 2.030166 -0.7167676 0.354025 2.055637 -0.6446003 0.3533661 2.026379 -0.6538992 0.3549162 1.967541 -0.8406302 0.3563417 2.028508 -0.7927667 0.3533424 2.090065 -0.9292507 1.011926 2.077365 -0.9017028 1.012917 1.954842 -0.8130823 0.3573324 1.967541 -0.8406302 0.3563417 2.077365 -0.9017028 1.012917 2.126873 -0.8628359 1.010482 2.004349 -0.7742154 0.3548969 1.954842 -0.8130823 0.3573324 2.060301 -0.7220211 0.3522685 2.15269 -0.805388 1.00961 2.030166 -0.7167676 0.354025 2.055637 -0.6446003 0.3533661 2.148903 -0.7425197 1.010501 2.026379 -0.6538992 0.3549162 2.148903 -0.7425197 1.010501 2.178161 -0.7332208 1.008951 2.055637 -0.6446003 0.3533661 2.026379 -0.6538992 0.3549162 1.381312 2.228352 0.4979382 1.430754 2.150911 0.4921206 1.446313 2.154254 0.5321574 1.39687 2.231695 0.537975 1.581893 2.351964 0.5765198 1.631335 2.274523 0.5707021 1.650001 2.286657 0.5678268 1.600559 2.364098 0.5736445 1.593434 2.359466 0.5078453 1.642876 2.282025 0.5020276 1.627809 2.282077 0.4055911 1.578532 2.359625 0.4113798 1.578532 2.359625 0.4113798 1.627809 2.282077 0.4055911 1.609236 2.270003 0.4092206 1.559958 2.347552 0.4150093 1.624194 2.269881 0.5047571 1.609236 2.270003 0.4092206 1.627809 2.282077 0.4055911 1.642876 2.282025 0.5020276 1.578532 2.359625 0.4113798 1.559958 2.347552 0.4150093 1.574752 2.347323 0.5105748 1.593434 2.359466 0.5078453 1.437501 2.267951 0.4389393 1.486778 2.190403 0.4331505 1.430754 2.150911 0.4921206 1.381312 2.228352 0.4979382 1.486778 2.190403 0.4331505 1.501126 2.189884 0.5237142 1.446313 2.154254 0.5321574 1.430754 2.150911 0.4921206 1.451683 2.267325 0.5295318 1.437501 2.267951 0.4389393 1.381312 2.228352 0.4979382 1.39687 2.231695 0.537975 1.486778 2.190403 0.4331505 1.437501 2.267951 0.4389393 1.650001 2.286657 0.5678268 1.631335 2.274523 0.5707021 1.600559 2.364098 0.5736445 1.650001 2.286657 0.5678268 1.581893 2.351964 0.5765198 1.600559 2.364098 0.5736445 -1.381312 2.228352 0.4979382 -1.39687 2.231695 0.537975 -1.446313 2.154254 0.5321574 -1.430754 2.150911 0.4921206 -1.581893 2.351964 0.5765198 -1.600559 2.364098 0.5736445 -1.650001 2.286657 0.5678268 -1.631335 2.274523 0.5707021 -1.593434 2.359466 0.5078453 -1.578532 2.359625 0.4113798 -1.627809 2.282077 0.4055911 -1.642876 2.282025 0.5020276 -1.578532 2.359625 0.4113798 -1.559958 2.347552 0.4150093 -1.609236 2.270003 0.4092206 -1.627809 2.282077 0.4055911 -1.624194 2.269881 0.5047571 -1.642876 2.282025 0.5020276 -1.627809 2.282077 0.4055911 -1.609236 2.270003 0.4092206 -1.578532 2.359625 0.4113798 -1.593434 2.359466 0.5078453 -1.574752 2.347323 0.5105748 -1.559958 2.347552 0.4150093 -1.437501 2.267951 0.4389393 -1.381312 2.228352 0.4979382 -1.430754 2.150911 0.4921206 -1.486778 2.190403 0.4331505 -1.486778 2.190403 0.4331505 -1.430754 2.150911 0.4921206 -1.446313 2.154254 0.5321574 -1.501126 2.189884 0.5237142 -1.451683 2.267325 0.5295318 -1.39687 2.231695 0.537975 -1.381312 2.228352 0.4979382 -1.437501 2.267951 0.4389393 -1.437501 2.267951 0.4389393 -1.486778 2.190403 0.4331505 -1.631335 2.274523 0.5707021 -1.650001 2.286657 0.5678268 -1.650001 2.286657 0.5678268 -1.600559 2.364098 0.5736445 -1.600559 2.364098 0.5736445 -1.581893 2.351964 0.5765198 -0.2463709 -0.974014 0.9765166 -0.01840174 -0.974014 0.9839662 -0.01840174 -0.974014 1.021716 -0.2015339 -0.974014 1.018573 0.20499 -0.974014 0.9851143 0.1655054 -0.974014 1.019845 -0.2196941 -0.974014 0.6638385 -0.01840174 -0.974014 0.7210292 -0.01840174 -0.974014 0.8270742 -0.2493249 -0.974014 0.7176056 0.2215607 -0.974014 0.741826 0.1916236 -0.974014 0.6638385 -0.01840174 -0.974014 0.934987 -0.2455056 -0.974014 0.9219497 0.208702 -0.974014 0.9219497 -0.179326 -0.974014 0.6474797 -0.01840174 -0.974014 0.6431764 0.1425225 -0.974014 0.6474797</float_array>
          <technique_common>
            <accessor source="#Wing8_FinalDJI_0-mesh-positions-array" count="3692" stride="3">
              <param name="X" type="float"/>
              <param name="Y" type="float"/>
              <param name="Z" type="float"/>
            </accessor>
          </technique_common>
        </source>
        <source id="Wing8_FinalDJI_0-mesh-normals">
          <float_array id="Wing8_FinalDJI_0-mesh-normals-array" count="10743">0.05730366 0.01089197 -0.9982975 0.05755794 0.01060068 -0.998286 0.05695414 0.01102185 -0.9983159 0.05741834 0.01096308 -0.9982901 0.05766046 0.01149624 -0.9982701 0.05773234 0.01097798 -0.9982718 0.05745524 0.01058727 -0.998292 0.05756825 0.01105302 -0.9982805 0.05807965 0.01094692 -0.998252 0.05743807 0.01072973 -0.9982915 0.0580061 0.01134198 -0.9982519 0.05780136 0.01067018 -0.9982711 0.05804592 0.01036018 -0.9982602 0.05783182 0.01014494 -0.9982749 0.05754268 0.01005607 -0.9982925 0.05738937 0.01004636 -0.9983013 0.05757355 0.01077824 -0.9982832 0.05748122 0.01045572 -0.9982919 0.05760437 0.01073724 -0.9982818 0.05761659 0.01068073 -0.9982817 0.1474222 -0.9846567 -0.09337031 0.1474247 -0.9846565 -0.09336823 0.1474244 -0.9846563 -0.09337151 0.1474243 -0.9846565 -0.09336906 0.1474236 -0.9846567 -0.09336805 0.147423 -0.984656 -0.09337496 0.1474235 -0.9846569 -0.09336513 0.1474252 -0.9846569 -0.0933634 0.1474212 -0.984657 -0.09336876 0.1474227 -0.984656 -0.09337556 0.147421 -0.9846578 -0.09336113 0.1474228 -0.9846568 -0.09336841 -0.1474224 -0.9846566 -0.09337043 -0.1474247 -0.9846565 -0.09336823 -0.1474241 -0.9846563 -0.09337133 -0.1474244 -0.9846565 -0.09336912 -0.1474237 -0.9846566 -0.09336817 -0.147423 -0.984656 -0.09337496 -0.1474238 -0.9846569 -0.09336531 -0.1474252 -0.9846569 -0.0933634 -0.1474212 -0.984657 -0.09336876 -0.1474226 -0.9846561 -0.0933755 -0.1474208 -0.9846578 -0.09336102 -0.1474228 -0.9846568 -0.09336841 6.04208e-6 -1.20023e-6 1 0 0 1 -3.02104e-6 0 1 0 2.40045e-6 1 1.88737e-6 -0.05485916 -0.9984942 -1.88737e-6 -0.0548585 -0.9984942 3.77473e-6 -0.0548585 -0.9984942 0 -0.05485904 -0.9984942 0 -0.0548585 -0.9984942 0 -0.05485862 -0.9984942 -1.88737e-6 -0.05485856 -0.9984942 0 -0.05485856 -0.9984942 0 -0.0548591 -0.9984942 0 -0.05485838 -0.9984942 0 -0.05485862 -0.9984942 0 -1 0 0 -1 1.2951e-6 0 1 0 -1 6.45023e-7 0 -1 0 0 -1 6.45023e-7 -9.60579e-7 -1 6.45021e-7 -1.48603e-7 -1 6.45025e-7 5.54591e-7 1 0 0 1 6.45025e-7 0 1 -6.45025e-7 0 -0.1191421 -0.06018775 -0.9910513 -0.1191478 -0.06052261 -0.9910302 -0.1192039 -0.06020188 -0.991043 -0.1190562 -0.06050318 -0.9910424 -0.119255 -0.06024527 -0.9910342 -0.119277 -0.06030368 -0.991028 -0.1192694 -0.06036853 -0.991025 -0.1192347 -0.06042331 -0.9910258 -0.1191768 -0.06045424 -0.9910309 -0.1191175 -0.06045556 -0.9910379 -0.119055 -0.06042331 -0.9910474 -0.1192785 -0.06017321 -0.9910358 -0.1190184 -0.0603761 -0.9910548 -0.1193267 -0.06024676 -0.9910256 -0.1190807 -0.06020385 -0.9910576 -0.1190335 -0.06024855 -0.9910607 -0.119011 -0.06030952 -0.9910597 0.1191418 -0.06018793 -0.9910513 0.1191481 -0.06052279 -0.9910302 0.1192065 -0.06020241 -0.9910427 0.1192535 -0.06024497 -0.9910345 0.1188647 -0.06052386 -0.9910641 0.1192776 -0.06030249 -0.991028 0.1192706 -0.06036823 -0.9910249 0.1189573 -0.06025648 -0.9910694 0.1192336 -0.06042337 -0.991026 0.1190121 -0.06017464 -0.9910677 0.1191768 -0.06045424 -0.9910309 0.1191163 -0.06045573 -0.9910381 0.1191858 -0.06012767 -0.9910497 0.119055 -0.06042379 -0.9910474 0.119019 -0.0603767 -0.9910546 0.1194583 -0.0601893 -0.9910131 0.1190798 -0.06020373 -0.9910578 0.1190335 -0.06024777 -0.9910607 0.1190115 -0.06030881 -0.9910596 -0.05740314 0.01078969 -0.9982929 -0.0572555 0.01086014 -0.9983006 -0.05755728 0.01060068 -0.998286 -0.05732005 0.01128351 -0.9982921 -0.05759286 0.0111674 -0.9982778 -0.05745518 0.01058763 -0.9982919 -0.05807936 0.01094686 -0.998252 -0.05800616 0.01134186 -0.9982519 -0.05743712 0.01072973 -0.9982915 -0.05814021 0.01064968 -0.9982516 -0.05804729 0.01036018 -0.9982602 -0.05758357 0.01055353 -0.9982849 -0.05754405 0.01005584 -0.9982923 -0.05746179 0.01037329 -0.9982938 -0.05757355 0.01077848 -0.9982832 -0.05744177 0.01031774 -0.9982956 -0.05760616 0.01073724 -0.9982817 -0.05731481 0.01082754 -0.9982975 -0.05761611 0.01068073 -0.9982817 -0.9770717 0.181253 -0.1117065 -0.9538216 0.2981923 -0.03613758 -0.7061801 0.7077575 -0.01972556 -0.7068687 0.7067103 -0.02995455 -0.2968636 0.954913 0.003634452 -0.2981454 0.9544955 -0.006908535 0.1801729 0.9832182 0.02863287 0.1790825 0.9836742 0.01773113 0.55946 0.8273016 0.05075991 0.4319081 0.9014343 0.02952516 0.9592313 -0.2791661 0.04406696 0.9894343 -0.129324 0.06553792 0.8543875 -0.5171869 0.05039656 0.8542989 -0.518307 0.03913128 0.5168228 -0.8555692 0.02992713 0.5158521 -0.8564695 0.01888746 0.06063401 -0.9981474 0.005047738 0.0593416 -0.9982216 -0.005675435 -0.4097488 -0.9120095 -0.01856923 -0.506441 -0.8537243 -0.1211308 -0.7864031 -0.6166941 -0.03547656 -0.7738409 -0.6127734 -0.160247 -0.9828024 -0.1798629 -0.04182112 -0.9707486 -0.1874635 -0.150016 -0.9538142 0.2982162 -0.03613454 -0.9770739 0.1812482 -0.1116956 0.4319389 0.9014493 0.02859991 0.7584675 0.6510202 0.02999877 0.9171629 0.397731 -0.02494734 0.9079104 0.418499 -0.02360922 0.9090071 0.4103327 0.07302856 0.9106783 0.4095687 0.0540232 0.7764605 0.6283999 0.04714423 0.7584531 0.651036 0.030016 0.9968937 0.07477015 0.02475255 0.9592334 -0.2791583 0.04407006 0.9968938 0.07476502 0.02475994 0.987308 0.1486077 0.05602264 0.3853273 -0.9218125 -0.04224324 0.3845946 -0.9221169 -0.04227799 0.3983883 -0.91634 -0.04009878 0.4001868 -0.91558 -0.03954327 -0.08832657 -0.07674705 0.9931306 -0.08789068 -0.07670849 0.9931722 -0.1234945 -0.09640055 0.9876519 -0.123434 -0.08930653 0.9883261 -0.4034504 0.9140654 0.04138118 -0.4034267 0.9140757 0.04138481 -0.3888015 0.9204454 0.04017293 -0.3905933 0.9196664 0.04062908 0.003067612 0.06656479 -0.9977774 0.00271666 0.06652724 -0.997781 0.01988554 0.06769764 -0.9975078 0.02157461 0.06986594 -0.9973231 0.05260759 -0.9969964 -0.0568403 0.04963529 -0.9971376 -0.05703639 0.660051 -0.1362617 0.7387593 0.6623077 -0.1361119 0.7367646 0.6622976 -0.1361373 0.736769 0.6588421 -0.1360167 0.7398829 -0.6688498 0.7433032 0.0118407 -0.6702002 0.7420913 0.01150429 0.6998009 -0.05724674 -0.7120405 0.6998001 -0.05724722 -0.7120412 0.708844 -0.0584768 -0.7029372 0.714064 -0.05919647 -0.6975733 -0.02023512 -0.9978489 -0.06235551 -0.02023512 -0.9978489 -0.06235563 -0.1011931 -0.01746624 0.9947136 -0.08378982 -0.02205687 0.9962393 -0.08379483 -0.02203357 0.9962395 -0.1532671 -0.003607034 0.9881783 -0.706217 0.7079921 0.002200603 -0.7062066 0.7080025 0.002224564 -0.03157168 0.02042531 -0.9992928 -0.03157353 0.02045792 -0.9992921 -0.03910887 0.02247458 -0.9989823 -0.06081873 0.02825582 -0.9977489 0.4673262 -0.8838973 -0.01821911 0.4672995 -0.8839119 -0.01819443 -0.3248476 -0.2069477 0.9228471 -0.3321572 -0.165314 0.9286242 -0.329435 0.9438368 0.02539318 -0.3294572 0.94383 0.02535653 0.01955044 0.06550312 -0.9976609 0.1266101 0.0593971 -0.9901728 0.1318717 0.07466459 -0.9884508 0.1371472 0.09000104 -0.9864535 -0.3392345 -0.1208547 0.9329063 -0.125961 -0.08358764 0.9885075 0.002005755 0.06641155 -0.9977904 0.7216259 -0.06022202 -0.6896589 0.7216312 -0.06023007 -0.6896526 -0.07558345 0.03219437 -0.9966196 -0.07582384 0.03240031 -0.9965947 -0.1858962 0.00519967 0.9825557 -0.1858204 0.005138635 0.9825703 0.6567902 -0.1359826 0.7417112 0.6567607 -0.1359404 0.7417451 -0.08922761 -0.07684826 0.9930422 -0.9326382 0.2840139 0.2225359 -0.6949993 0.6776784 0.2402663 -0.3019266 0.9158635 0.2646403 0.1569663 0.9440276 0.2901268 0.5768346 0.7553624 0.3109495 0.8613727 0.3927097 0.3222054 0.9449658 -0.06103128 0.3214265 0.8081449 -0.5016297 0.3086578 0.4822292 -0.8277166 0.2869498 0.04229313 -0.9643697 0.261156 -0.4105117 -0.8804296 0.2373269 -0.7723393 -0.5955637 0.2208983 -0.9606237 -0.1753552 0.2155293 -0.9326432 0.2839998 0.2225328 -0.8471124 0.2496664 0.4691132 -0.6348049 0.6012145 0.4853494 -0.2837128 0.8142492 0.5064637 0.126188 0.8400439 0.5276392 0.502552 0.6718697 0.5440888 0.7578004 0.3479617 0.5519615 0.8334619 -0.05876916 0.5494429 0.7110986 -0.4537422 0.5370819 0.4188984 -0.745984 0.5177181 0.02409183 -0.8680897 0.4958226 -0.3810717 -0.7923064 0.4764819 -0.7045671 -0.5368555 0.4640811 -0.8724687 -0.1608762 0.4614298 -0.8471274 0.2496348 0.4691031 -0.08771657 -0.001212716 0.9961448 -0.08772981 -0.001257598 0.9961435 -0.07985788 0.01173859 0.9967371 -0.07985442 0.01173985 0.9967374 -0.06688517 0.01962482 0.9975678 -0.06692063 0.01961123 0.9975656 -0.051701 0.02061593 0.9984498 -0.0517829 0.0206303 0.9984453 -0.03774297 0.01443898 0.9991832 -0.03782486 0.01449954 0.9991793 -0.02820223 0.00243467 0.9995993 -0.02824199 0.002521097 0.999598 -0.02533423 -0.01268732 0.9995986 -0.02532982 -0.01261889 0.9995996 -0.02986222 -0.02743244 0.9991775 -0.02984857 -0.02741026 0.9991786 -0.04076802 -0.03834486 0.9984327 -0.04078215 -0.03835612 0.9984316 -0.05549365 -0.04287284 0.9975382 -0.05554747 -0.042876 0.9975351 -0.07058691 -0.03999429 0.9967036 -0.0706641 -0.039954 0.9966997 -0.08256304 -0.03043693 0.996121 -0.08262306 -0.03035837 0.9961184 -0.08872264 -0.01645696 0.9959204 -0.08873826 -0.01637685 0.9959204 0.05668646 0.01150852 -0.9983258 0.05647575 0.01130813 -0.99834 0.05715721 0.01179552 -0.9982955 0.05771249 0.01183378 -0.9982632 0.05822014 0.01160913 -0.9982364 0.0585733 0.01117175 -0.9982207 0.05868136 0.01061844 -0.9982203 0.05851441 0.01007795 -0.9982358 0.05811411 0.009676277 -0.9982631 0.05757296 0.009511172 -0.998296 0.05728691 0.009495794 -0.9983127 0.05675947 0.00973773 -0.9983405 0.05675965 0.009739458 -0.9983404 0.05641245 0.01019906 -0.9983555 0.05640971 0.01019668 -0.9983558 0.05631202 0.01076024 -0.9983553 0.05631422 0.01076102 -0.9983552 0.0563696 0.01043003 -0.9983555 0.05636954 0.01043003 -0.9983556 -0.7655677 -0.6028864 -0.2245758 -0.5963413 -0.7731348 -0.2159627 0.9009366 -0.41933 0.1116942 0.9009365 -0.4193305 0.1116932 0.5963372 0.7731382 0.2159611 0.5963408 0.7731352 0.2159622 0.7655686 0.6028851 0.2245756 0.7622335 0.6071153 0.2245243 -0.96578 -0.1621602 -0.2024182 0.9657579 0.1622772 0.2024299 0.9599612 0.190713 0.2051903 -0.9825816 0.06167066 -0.1753001 0.9825817 -0.06167024 0.1753002 0.9825817 -0.06167167 0.1753 0.2891616 0.939992 0.1811101 0.2891514 0.9399958 0.1811061 0.9995035 0.03150492 -6.3105e-4 0.9983832 0.05366116 -0.01875251 0.9988787 0.04540663 -0.01340699 0.9996911 0.02433329 0.005065739 0.9865139 -0.01225405 -0.1632192 0.9836686 -0.00826627 -0.1797994 0.9823532 -0.008893132 -0.1868235 0.9837245 -0.01847493 -0.178731 0.9965963 -0.08194851 -0.008968591 0.9910998 -0.1307033 -0.02526026 0.9771845 -0.1311701 -0.1670482 0.9848966 -0.08445942 -0.1511474 0.146247 0.8977611 -0.415496 0.08684545 0.914925 -0.3941702 0.05903053 0.9599599 -0.2738476 0.1331966 0.9511069 -0.2786657 0.2212235 -0.0266087 -0.9748601 0.1397876 -0.02594226 -0.9898417 0.1238062 -0.02281039 -0.9920443 0.2261501 -0.02388668 -0.9737995 -0.0660777 -0.9634032 -0.259785 -0.0389645 -0.975733 -0.2154692 -0.1266004 -0.9688727 -0.2127393 -0.1392493 -0.9615445 -0.2367316 0.0699259 -0.06125068 -0.99567 0.04262918 -0.05669528 -0.9974811 0.04505831 -0.1652173 -0.9852275 0.0651369 -0.1556837 -0.9856571 0.3126752 -0.04665499 0.9487136 0.1725692 -0.03515505 0.9843699 0.1700108 -0.03496861 0.9848216 0.3111155 -0.04649096 0.9492344 0.2439683 0.009692966 0.9697348 0.4494491 0.01847618 0.8931149 0.4530257 0.01412117 0.8913856 0.2448999 0.007676959 0.969518 0.3795462 0.848973 0.3676815 0.119022 0.9220708 0.3682652 0.1282699 0.9130359 0.3871853 0.382356 0.8389739 0.3872036 0.6915941 0.6005014 -0.4013672 0.3509655 0.8269671 -0.4392592 0.3889933 0.8722215 -0.2965026 0.7269163 0.6210036 -0.2931675 0.892696 -0.01130896 -0.4505175 0.8672768 -0.01617538 -0.4975636 0.9365506 -0.02345138 -0.3497474 0.9116118 -0.0108723 -0.4109086 0.2214898 -0.9462074 -0.2358685 0.2371413 -0.9430379 -0.2333317 0.2516866 -0.9240422 -0.2877495 0.2495068 -0.9115543 -0.3268258 0.2370714 -0.1352491 -0.9620316 0.1851171 -0.06171846 -0.9807766 0.1758275 -0.06604659 -0.9822029 0.2029564 -0.1284309 -0.9707287 0.4145387 -0.0551536 0.9083589 0.41076 -0.05479145 0.9100957 0.8516379 0.04738563 0.5219843 0.8695102 0.03338742 0.4927853 0.6249548 0.7067261 0.331617 0.5988988 0.7198228 0.3509636 0.2733352 0.05825573 -0.9601533 0.2878313 0.03670805 -0.9569774 0.2908654 0.03213888 -0.9562242 0.2733494 0.05825078 -0.9601495 0.887968 0.09429091 -0.4501356 0.9377981 0.0166825 -0.3467801 0.9881188 0.01848542 -0.1525766 0.8965299 0.1531355 -0.4156728 0.9763983 -0.01249307 -0.2156162 0.9800641 -0.001921832 -0.1986723 0.9802365 0.01289135 -0.197409 0.9764854 0.02236443 -0.2144206 0.9943827 0.0894308 0.05661547 0.9993575 0.01701271 0.03154593 0.9965801 0.007886648 0.08225584 0.9869198 0.07930505 0.140357 0.4776356 0.07251483 0.8755603 0.4721998 0.02132463 0.8812337 0.8701221 0.03382688 0.4916739 0.8635551 0.1213752 0.4894288 0.2625111 0.05293279 0.963476 0.2546631 0.01356858 0.9669348 0.1082063 0.3713228 -0.9221773 0.3394737 0.3561506 -0.8705828 0.1151353 0.3906101 -0.9133278 0.664604 0.2153826 -0.7154802 0.9669213 -0.2125247 -0.1410552 0.9678723 0.1104337 -0.2258931 0.9787881 0.1402477 0.149347 0.9914839 0.04425114 0.1224815 0.9962161 0.04669064 0.07330381 0.982402 0.1560481 0.1026424 0.864883 0.1848877 0.4666839 0.8647449 0.1178462 0.4881892 0.4298189 0.2061947 0.8790561 0.4503707 0.1758081 0.8753615 0.212452 0.2272055 0.9503904 0.2307621 0.1623767 0.9593657 0.1956865 -0.7390584 -0.6445926 0.1956817 -0.7390606 -0.6445913 0.1957086 -0.7390488 -0.6445968 0.1956823 -0.7390602 -0.6445917 -0.9420067 0.007158339 -0.3355178 -0.9455829 0.004187822 -0.3253543 -0.9447745 0.004841089 -0.3276857 -0.9420081 0.007162094 -0.3355138 0.2361266 0.8455125 -0.4789081 0.06564044 0.8583719 -0.5088113 0.07442516 0.8583405 -0.5076542 0.2361286 0.8455122 -0.4789075 0.9947327 0.0162943 -0.1012002 0.9953712 0.02974343 -0.09138745 0.999793 0.005422353 -0.01961541 0.9943853 -0.003112137 -0.1057752 0.9921973 -0.02579933 -0.1219798 0.9975134 -0.026555 0.06528449 0.2567541 -0.7628508 -0.5934106 0.2595934 -0.7622627 -0.5929309 0.2677627 -0.7604188 -0.5916641 0.2677012 -0.7604802 -0.5916132 0.0529899 -0.8500828 -0.5239765 0.003893911 -0.896026 -0.4439849 0.001450955 -0.8957184 -0.4446195 0.06383883 -0.844148 -0.5322958 0.06257957 0.9971621 -0.04185456 0.07438737 0.9955831 0.05727803 0.2350428 0.9655712 0.111477 0.1684183 0.9849966 -0.03764283 0.7493911 0.6441986 0.1530395 0.7708231 0.6235692 -0.1303583 0.4238938 0.9014194 -0.08807569 0.3956569 0.915135 0.07735413 0.994763 0.002108275 0.1021872 0.999103 0.02875643 0.03108477 0.2478087 -0.290544 -0.924216 0.4460989 -0.2618462 -0.8558226 0.04915082 -0.3026641 -0.9518291 0.05938899 -0.2953374 -0.9535455 0.0873633 0.9807806 0.1744626 0.3157771 0.9164642 0.2457195 0.705967 0.5844447 0.4000438 0.6336758 0.6624214 0.3995661 0.9875879 -0.006423532 -0.1569363 0.2811192 0.4557074 -0.8445726 0.1529814 0.4604663 -0.8743955 0.1457917 0.6926736 -0.7063626 0.2521485 0.6821724 -0.6863396 0.6118624 0.3344318 -0.7167844 0.4222245 0.4003219 -0.8133074 0.3693802 0.621554 -0.6908175 0.6248915 0.4743524 -0.6200811 0.9359133 0.2312414 -0.265695 0.9174678 0.1910238 -0.348945 0.9009626 0.2641254 -0.3442445 0.9102728 0.3089117 -0.2756398 0.991775 0.09285414 0.08809369 0.9859462 0.09098881 0.1401112 0.8317031 0.1984246 0.5185536 0.3881801 0.2776128 0.8787761 0.1839616 0.311187 0.9323737 0.322335 -0.003946304 0.9466174 0.1841737 -0.005364477 0.9828791 0.1800576 -0.01525706 0.9835377 0.3134766 -0.01867663 0.9494123 0.4122626 -6.64495e-4 0.9110649 0.4141683 -0.02440804 0.909873 0.9834434 -0.05337029 -0.173178 0.9980223 -0.06277918 -0.003211796 0.3213803 -0.04358023 -0.9459468 0.368098 -0.003037393 -0.9297822 0.3477253 -0.01502108 -0.9374762 0.2478299 -0.05345988 -0.9673275 0.8082062 0.01386296 -0.5887365 0.6657474 0.01424646 -0.7460412 0.5781967 -0.03675431 -0.8150692 0.7827994 -0.0367304 -0.6211892 0.9587578 -0.06795674 -0.275981 0.970522 -0.001710534 -0.2410067 0.9795948 -0.009079098 -0.200778 0.9750188 -0.06516963 -0.2123473 0.312997 -0.07766014 -0.9465737 0.7223554 -0.02291202 -0.6911424 0.8128896 -0.0193209 -0.5820973 0.8034349 -0.04556667 -0.5936465 0.1435962 -0.01784908 -0.9894754 0.190698 -0.01820355 -0.98148 0.1416307 -0.09078675 -0.9857478 0.1078106 0.940738 0.3215417 0.3597 0.8622195 0.3566418 0.8117991 0.4752784 0.3392534 0.8060983 0.07530808 0.5869704 0.9280207 0.05231219 0.3688377 0.8962215 0.1231967 0.4261569 0.8752179 0.02652168 0.4830013 0.8279597 0.1414702 0.5426501 0.9396952 0.1040617 0.3257976 0.4622657 0.007745683 0.8867077 0.2494496 0.004652142 0.9683767 0.883458 0.0125724 0.4683418 0.9995225 -0.005394101 0.03042799 0.9998265 2.54705e-4 0.01862454 0.9835534 -0.01600724 -0.1799071 0.9342743 0.003907382 -0.3565338 0.9916014 -0.03465825 -0.1246013 0.9931374 -0.0101915 -0.116508 0.2736524 -0.1366829 -0.9520673 0.2735886 -0.1367445 -0.9520769 0.2993692 -0.04360932 -0.9531403 0.2981215 -0.04847538 -0.9532963 -0.9466025 -0.0365014 -0.3203301 -0.9478173 -0.02060586 -0.3181477 -0.9419335 -0.08078062 -0.3259386 -0.9419335 -0.0807746 -0.32594 0.01636856 0.9269434 -0.3748443 0.01430475 0.9664393 -0.2564966 0.009685993 0.9991214 -0.04077774 0.01322138 0.9993463 0.03364723 0.02114909 0.9903355 0.1370709 0.02047932 0.9497145 0.3124471 0.01768183 0.9325921 0.360499 0.01763188 0.9270643 0.3744875 0.02157896 0.21885 0.9755199 0.02950328 0.4790959 0.8772665 0.01647371 0.1358272 0.9905956 0.01635146 0.01770246 0.9997096 0.01545518 0.007435023 0.999853 0.01539421 0.002704679 0.9998779 0.01499027 0.002143442 0.9998854 0.01564562 0.001798868 0.999876 0.01261723 -0.007703602 0.9998908 0.0125401 -0.01279103 0.9998396 0.01239126 -0.02269667 0.9996656 0.0123406 -0.02268898 0.9996664 -0.04428565 -0.9822856 -0.1820817 0.002459347 -0.988439 -0.1516002 0.00915873 -0.9873195 -0.158482 0.04103362 -0.9767693 -0.210328 0.1100326 -0.07148909 -0.9913538 0.088108 -0.167058 -0.9820024 0.0506702 -0.2396687 -0.9695315 -0.01453614 -0.902522 -0.4303987 -0.01484745 -0.8947655 -0.4462893 0.004030704 -0.9612625 -0.2756054 0.004436314 -0.9764479 -0.2157082 0.003593683 -0.02157586 -0.9997608 9.15674e-4 -0.02506631 -0.9996854 -0.02131432 -0.01836836 -0.9996041 -0.03095072 -0.02389031 -0.9992354 -0.3252799 -0.6991867 -0.6366562 -0.3252772 -0.6991919 -0.6366518 -0.325303 -0.699175 -0.6366572 -0.3252719 -0.699192 -0.6366544 -0.29204 -0.05008012 -0.955094 -0.2970675 -0.04046249 -0.9539988 -0.2448393 -0.1367897 -0.9598659 -0.2448236 -0.1367831 -0.9598708 -0.2499765 0.0577889 -0.9665259 -0.2792285 0.03442144 -0.9596076 -0.2789471 0.03464853 -0.9596812 -0.249975 0.05777978 -0.9665268 -0.2197363 0.8226442 -0.5243784 -0.2197195 0.8226516 -0.5243736 -0.02006518 0.3171725 -0.9481557 -0.04096519 0.1512496 -0.9876465 0.01626425 0.4543282 -0.8906859 0.01961368 0.4880096 -0.872618 -2.42755e-6 0.1400262 -0.9901479 1.15653e-6 0.3077946 -0.9514529 -0.04658043 0.0163815 -0.9987803 0 0.01545923 -0.9998805 0 -0.02366584 -0.99972 0 -0.01688283 -0.9998575 -0.04056942 -0.01677173 -0.999036 0 -0.01738685 -0.9998489 0 -0.02598565 -0.9996624 0 -0.0225383 -0.999746 2.02696e-5 -0.976489 -0.2155674 -6.37708e-4 -0.9620252 -0.27296 -0.00285077 -0.9068153 -0.4215185 -0.001440942 -0.9131167 -0.407696 0 -0.989073 -0.1474269 -2.04658e-7 -0.988013 -0.154371 -4.29389e-6 -0.02187985 0.9997606 -8.09828e-6 -0.02188247 0.9997606 0 -0.007770001 0.9999699 -2.76518e-7 -0.01266831 0.9999198 0 0.001972496 0.9999982 1.09836e-5 9.76292e-4 0.9999996 0 0.00307399 0.9999954 0 0.007228553 0.999974 0 0.01780575 0.9998416 -8.4929e-6 0.1370727 0.990561 4.47035e-7 0.2163396 0.9763182 8.33179e-6 0.4732239 0.8809422 0 0.9333135 0.3590629 0 0.9278419 0.3729739 -7.35079e-7 0.9901598 0.1399422 0 0.949509 0.3137399 0 0.9996162 0.02770537 0 0.9989891 -0.04495513 9.07501e-6 0.9649776 -0.2623327 0 0.9277918 -0.3730985 0.7610109 0.2065014 0.6149957 0.8279574 0.1414735 0.5426527 0.9102668 0.3089213 -0.2756485 0.9347802 0.333732 -0.1216915 0.900958 0.264137 -0.3442479 0.8225607 0.220312 -0.5242676 0.8485953 0.2370675 -0.4729536 0.8839008 0.0346294 -0.4663907 0.9546169 -0.1136078 -0.275318 0.9609976 0.01293742 -0.2762542 0.9287554 0.02917432 -0.3695434 0.960665 0.005854725 -0.2776483 0.9590819 -0.003584563 -0.2831063 0.9572302 -0.006262362 -0.2892594 0.9501892 -0.01696825 -0.3112114 0.9521088 -0.05940312 -0.299934 0.8995194 -0.3543989 -0.2554727 0.856063 -0.3552728 -0.3754164 0.6879192 -0.3014448 -0.6602259 0.2117926 -0.1024194 -0.9719333 0.1903346 -0.05707538 -0.9800588 0.1943042 -0.05687314 -0.9792912 0.285869 -0.9510319 -0.1175478 0.2940069 -0.9378195 -0.1845389 0.2109972 -0.9385783 -0.2730403 0.1785414 -0.9475412 -0.2651199 0.4304654 -0.05590111 0.9008744 0.4315831 -0.05635273 0.9003113 0.3968473 -0.007914721 0.9178506 0.4052314 -0.02508324 0.91387 0.9564577 0.06525969 0.2844818 0.9647129 0.04322201 0.2597324 0.9710615 0.01037126 0.2386043 0.9636175 0.03041172 0.2655494 0.9559924 0.1169921 0.2690564 0.9516915 0.1705169 0.2553576 0.9730711 0.06651198 0.2207008 0.968253 0.1095354 0.2246959 0.9859459 0.09099018 0.1401129 0.950947 0.2462375 0.1872617 0.9496975 0.2719483 0.1553028 0.9917752 0.09285402 0.08809143 0.9396965 0.1040737 0.3257901 5.71072e-6 -0.9765705 -0.2151978 0.001847207 -0.9765214 -0.2154128 0.02004247 -0.9746797 -0.2227062 0.02964532 -0.9732897 -0.2276588 0.1157264 -0.9596775 -0.2561771 0.1480098 -0.9546526 -0.2583245 0.952113 -0.05941212 -0.2999184 0.8743867 -0.3720014 -0.3115493 0.9501914 -0.01697778 -0.3112043 0.9572225 -0.006261169 -0.2892852 0.9590786 -0.003584563 -0.2831175 0.9606726 0.005859434 -0.2776221 0.9609931 0.01294243 -0.2762694 0.954616 -0.1136184 -0.2753164 0.822569 0.2203137 -0.5242541 0.848606 0.2370473 -0.4729444 0.624886 0.4743401 -0.6200959 0.8486003 0.2370827 -0.4729369 0.3693807 0.6215563 -0.6908152 0.252161 0.6821626 -0.6863447 0.1457937 0.6926643 -0.7063714 0.01842629 0.8893427 -0.45687 -1.64122e-7 0.8901222 -0.4557221 3.84264e-6 0.4527059 -0.89166 -4.78394e-7 0.4855405 -0.8742143 0.03331136 0.8259896 0.5627003 0 0.8201414 0.5721609 -1.55405e-5 0.4732069 0.8809513 0.02952104 0.4790899 0.8772693 0.1618137 0.8212088 0.5472042 0.1490365 0.771896 0.6180331 0.3400442 0.7712648 0.5380711 0.3689037 0.7957102 0.4803703 0.551844 0.7197753 0.4211789 0.557488 0.7012925 0.4442927 0.9846536 0.1224372 0.124365 0.9169901 0.3367881 0.2137828 0.8316918 0.1984096 0.5185772 0.9682516 0.1095183 0.2247104 0.9730784 0.06650155 0.2206714 0.994784 0.04506051 0.09151262 0.9846538 0.1224381 0.1243619 0.9682517 0.109534 0.2247019 0.9516847 0.170522 0.2553794 0.9785039 0.1641014 0.1249036 0.9559966 0.1169883 0.2690435 0.9880292 0.1248282 0.09064346 0.9636158 0.0304057 0.2655565 0.9974046 0.02433985 0.06776154 0.9979735 0.04663658 0.04329097 0.9985667 0.007166564 0.05303937 0.9710672 0.01036524 0.2385814 0.9647097 0.04321712 0.2597452 0.9564672 0.06525325 0.2844516 0.9966495 0.07359713 0.03568607 0.9872645 -0.07678437 0.1393309 0.9868952 -0.0251097 0.1593972 0.9592649 -0.01854956 0.2818987 0.9565514 -0.08160698 0.2799103 0.9565915 -0.126117 0.2627306 0.9831903 -0.1302452 0.1279572 0.4183656 -0.8897317 0.1826134 0.4645585 -0.8766559 0.1251396 0.4161236 -0.908469 0.03905481 0.4178459 -0.8928853 0.1678112 0.1872938 -0.9326692 0.3083004 0.1768847 -0.9490885 0.2606586 0.3519893 -0.8904519 0.2884424 0.337313 -0.9113809 0.2358071 0.03572756 -0.9328746 0.3584253 0.01582169 -0.9934608 0.1130723 -0.002746045 -0.9417364 0.3363406 -0.003741621 -0.9966185 0.0820828 1.41127e-6 -0.9457796 0.3248092 -2.88739e-7 -0.9973706 0.07247 0.02022206 -0.9442008 -0.3287492 -3.8351e-6 -0.9455849 -0.3253757 9.3802e-7 -0.8563518 -0.516393 0.02858811 -0.8577533 -0.513266 0.08533346 -0.9382033 -0.3353995 0.09534031 -0.8594285 -0.5022876 0.1499763 -0.9238669 -0.3521041 0.1532599 -0.855229 -0.4950705 0.216355 -0.9132756 -0.3451351 0.2158733 -0.8460322 -0.4874712 0.1469615 -0.8629857 -0.4833819 0.06572514 -0.8792093 -0.4718806 0.905249 -0.1237006 -0.4064757 0.9187328 -0.07776153 -0.3871476 0.9309639 -0.02943193 -0.363923 0.9781294 -0.03256815 0.2054321 0.9400169 -0.01729875 0.340689 0 -0.00755912 -0.9999715 0.0109716 -0.007447004 -0.9999122 0.1428424 -0.01182305 -0.9896748 0.1904487 -0.01387143 -0.9815992 0.7415357 -0.04032808 -0.6697003 0.8264477 -0.04419785 -0.5612761 0.9492592 -0.0471 -0.310948 0.9492599 -0.04710423 -0.3109453 0.9816467 -0.03623348 -0.1872352 0.9787958 -0.02172327 -0.2036838 0.8476216 0.06920462 -0.5260688 0.6999603 0.193406 -0.6874952 0.3713659 0.03193986 -0.9279371 0.3802315 0.03045904 -0.9243897 0.9666476 0.06409507 -0.2479604 0.9626625 0.07910865 -0.2588876 0.9955842 1.50722e-6 -0.09387373 0.9955843 2.82779e-6 -0.09387254 0.9617506 0.07391387 0.2637661 0.9617472 0.07391566 0.2637778 0.4091971 0.06083291 0.910416 0.4874573 0.1668664 0.8570538 0.3482881 0.06276369 0.935284 0.2017381 0.03542542 0.9787987 0.01384884 1.78212e-4 0.9999041 0 -0.001358389 0.9999992 0.01373511 -5.78685e-4 0.9999055 -3.79343e-5 -0.001149296 0.9999994 0 -8.11304e-4 0.9999998 0.01180875 0.001417458 0.9999293 0.2054222 0.0564596 0.9770435 0.2235173 0.01652741 0.9745599 0.3616206 0.1169698 0.9249588 0.4056682 0.04079806 0.9131095 0.6076133 0.2837517 0.7418161 0.738471 0.1043268 0.6661655 0.8839875 0.1603716 0.4391437 0.7098371 0.4258666 0.5610428 0.7098299 0.425847 0.5610668 0.8011242 0.5746576 0.1672389 0.991063 0.1212725 0.05556279 0.8839967 0.1603837 0.4391207 0.9954712 -0.01024711 -0.09451025 0.9954774 -0.009863913 -0.09448575 0.9955843 4.72204e-6 -0.09387236 0.9955842 6.01535e-6 -0.09387356 0.8362285 0.5331696 -0.1282667 0.8315185 0.551949 -0.06268399 0.7751423 0.624762 -0.09395098 0.7930469 0.5988426 -0.1116439 0.8187032 0.2865446 -0.4976117 0.9621151 0.1890957 -0.1964111 0.976495 0.09671163 -0.1926253 0.9083694 0.1224299 -0.3998451 0.9863405 9.65959e-4 -0.1647166 0.9829186 -0.0266779 -0.1820972 0.9828317 -0.03639101 -0.1808805 0.9845449 -0.004130661 -0.1750841 0.9514871 -0.008951306 -0.3075585 0.9504721 -0.04302877 -0.3078173 0.9504713 -0.04302752 -0.3078197 0.8286409 -0.03844892 -0.5584587 0.8332024 -0.01021611 -0.5528739 0.9514861 -0.008953392 -0.3075616 0.7501641 -0.01241195 -0.6611352 0.7435599 -0.03555947 -0.6677232 0.1900658 -0.01359885 -0.9816772 0.1436286 -0.0119059 -0.98956 0.1430673 -0.01210647 -0.9896389 0.1918299 -0.01247817 -0.9813489 0.01000887 -0.008589804 -0.999913 0.01138544 -0.006392478 -0.9999148 -1.61026e-7 -0.006080865 -0.9999816 2.9235e-5 -0.008040726 -0.9999677 0.7510582 0.6401861 0.1614727 0.7510708 0.6401884 0.1614052 0.9955843 9.33502e-6 -0.09387308 0.9955842 8.83677e-6 -0.09387397 0.7492925 0.6535683 -0.1068139 0.749291 0.6535753 -0.1067824 0.4451738 0.1279171 -0.8862605 0.6205157 0.3932872 -0.6784435 0.01217895 -0.1216107 0.9925032 1.95949e-5 -0.1372434 0.9905374 0 -0.339882 0.9404681 0.01118654 -0.3393785 0.9405835 0.1540383 -0.1565693 0.975581 0.1309425 -0.3431553 0.9301067 0.2888334 -0.3371466 0.8960511 0.3054301 -0.1456802 0.9410048 0.4020052 -0.1461166 0.9039036 0.3765752 -0.3087697 0.8734143 0.4371567 -0.2281302 0.8699716 0.4340636 -0.1263279 0.8919811 0.9646881 -0.2535751 0.07124924 0.9765415 -0.1930426 0.09540104 0.9604371 -0.1760097 0.2158265 0.9561355 -0.2316604 0.1792719 0.9550512 -0.2782561 -0.1022294 0.9699102 -0.1986719 -0.1407256 0.9795706 -0.2003503 -0.01735746 0.9633984 -0.2672732 -0.02070635 0.8687403 -0.2998527 -0.3941811 0.9025112 -0.1831045 -0.3898031 0.1127553 -0.3005136 -0.9470891 0.1373401 -0.1718055 -0.9755105 0.1124862 -0.1635821 -0.9800959 0.06116956 -0.2895984 -0.9551917 0.1470232 -0.241078 -0.9593048 0.1663348 -0.1883082 -0.9679219 0.1730419 -0.3001289 -0.9380721 0.1488118 -0.309751 -0.9391003 0.1083282 -0.3450163 -0.9323244 0.1082782 -0.3466448 -0.931726 0.02817332 -0.4040617 -0.9142978 0.03714853 -0.3993741 -0.9160351 7.48481e-6 -0.4140639 -0.9102478 -6.72415e-6 -0.414031 -0.9102628 0.9721798 0.04061931 -0.2306869 0.9721764 0.04062384 -0.2307007 0.9955846 9.44184e-7 -0.0938695 0.9955849 1.93342e-6 -0.09386706 0.9955842 0 -0.09387332 0.9955841 1.45898e-7 -0.09387445 0.998044 -0.05680143 -0.0261119 0.9966971 -0.07705533 -0.02564448 0.9911761 -0.1310704 -0.01975929 0.9629725 -0.2685918 -0.02329123 0.9797941 -0.199154 -0.01846939 0.4890514 -0.8705126 -0.05510658 0.4083272 -0.9100604 -0.07112592 -0.003025472 -0.9927228 -0.120385 -0.04283899 -0.9908037 -0.1283476 0 -0.9930996 -0.1172747 0.7032577 0.1017708 0.7036131 0.7610233 0.2064905 0.614984 0.9680152 0.2420421 -0.06604713 0.9347937 0.3336958 -0.1216886 0.6914567 0.009295821 0.7223581 0.9768953 0.2136999 0.00281322 0.9996826 0.02255439 0.01123154 0.9994139 -0.03111016 0.01428359 0.9365036 0.1497333 -0.3170821 0.9529516 0.02530914 -0.3020641 0.7602686 -0.0510348 0.647601 0.9899839 -0.1397476 0.020065 0.9896254 -0.1422509 0.02015829 0.9582693 -0.02699744 -0.2845892 0.9349049 -0.09395748 0.342235 0.977444 -0.2008406 0.06531733 0.9595298 -0.1706491 0.2240122 0.9741653 -0.1784805 0.1383717 0.975477 -0.2149334 0.04741495 0.9750421 -0.03708153 -0.2189014 0.6245965 0.1148011 0.7724636 0.5726206 0.01474559 0.8196879 0.1293857 -0.03331112 -0.9910348 0.1200855 -0.01905924 -0.9925806 0.1204599 -0.01960152 -0.9925246 0.1294025 -0.03331553 -0.9910324 0.6260892 -0.06927359 0.7766683 0.1211584 -0.01050114 -0.9925777 0.1227778 -0.01082891 -0.9923751 0.2744209 -0.03123664 -0.9611022 0.2242619 -0.02574205 -0.9741889 0.2166893 -0.02492278 -0.9759225 0.2744447 -0.03125244 -0.9610949 0.4319872 -0.1004288 0.8962708 0.4293066 -0.1948832 0.8818823 0.4290239 -0.056683 0.9015129 0.4307692 -0.05694574 0.9006637 0.9596156 -0.1288838 0.2500538 0.9835069 -0.1343251 0.1211247 0.9830867 -0.1342595 0.1245588 0.9576386 -0.128619 0.257654 0.9904742 -0.1369016 -0.01479792 0.9904259 -0.1370594 -0.01647204 0.9793505 -0.1245801 -0.1592245 0.9914479 -0.128407 -0.02329683 0.9910743 -0.1321619 -0.01746684 0.9807938 -0.1259815 -0.1489034 0.9120721 -0.1116875 -0.3945257 0.9082368 -0.1145498 -0.402473 0.1863166 -0.07288014 -0.9797829 0.1853433 -0.0665813 -0.9804157 0.1642863 -0.06074249 -0.9845408 0.1681978 -0.06724035 -0.9834573 0.1712141 -0.08925092 -0.9811829 0.1639062 -0.08257687 -0.9830137 0.1609438 -0.09076291 -0.9827814 0.1580293 -0.08347851 -0.9838995 0.1016328 -0.07116919 -0.992273 0.07137572 -0.060795 -0.9955951 0.05256032 -0.05718815 -0.9969789 0.08422124 -0.07015502 -0.9939745 0.06121164 -0.07263642 -0.9954784 0.02537798 -0.06601089 -0.9974961 0.4285156 -0.05686175 0.9017434 0.4275711 -0.0570783 0.902178 -0.1034512 0.9914996 0.07890874 -0.1033052 0.9915164 0.07888829 -0.1075426 0.9910537 0.07903897 -0.1075581 0.9910553 0.07899802 0.002139508 -0.01059198 0.9999417 0.001731514 -0.006828188 0.9999753 0.001657962 -0.006653249 0.9999766 0.002054154 -0.01100867 0.9999373 0.9969884 0.01531141 -0.07602477 0.995752 0.01430392 -0.09095829 -0.02760738 0.06250786 -0.9976626 -0.007512986 0.07274276 -0.9973224 -0.00696206 0.07301867 -0.9973063 -0.02761495 0.06249058 -0.9976635 0.00387156 -0.002352476 0.9999898 0.0181384 -0.006179571 0.9998165 0.01812344 -0.006192386 0.9998166 0.003740072 -0.002331733 0.9999904 6.59011e-4 0.02235245 -0.99975 -4.33158e-5 0.02796494 -0.9996089 0.001759052 -0.002804279 0.9999945 0.001824796 -0.002752661 0.9999946 0.002662777 0.005025684 -0.9999839 0.002845466 0.004858374 -0.9999842 -0.09775775 0.9932117 0.06304049 -0.09087347 0.9933217 0.07109236 -0.09056645 0.9933218 0.07148092 -0.09776186 0.9932109 0.06304711 0.7314915 0.2035455 0.6507607 0.7314802 0.2035407 0.6507749 0.9435703 0.3309593 -0.01188218 0.9435786 0.3309355 -0.01188039 0.6684222 -0.7426783 -0.04050779 0.7503273 -0.6581963 -0.06153523 0.6501557 -0.7580183 -0.05201852 0.8898494 -0.2565263 -0.3773095 0.870441 -0.4430146 -0.2146409 0.8704389 -0.4430232 -0.214631 0.5693597 -0.8160538 -0.09942716 0.5694164 -0.816021 -0.09937167 0.9842693 -0.006328046 -0.1765616 0.9561722 -0.006437122 -0.2927346 0.9561692 -0.006436347 -0.2927441 0.8802334 -0.01145362 -0.474403 0.843008 -0.01622092 -0.5376566 0.215613 -0.02711296 -0.9761025 0.141696 -0.02663838 -0.9895518 -0.01398265 -0.01893293 -0.999723 3.35058e-6 -0.01788616 -0.99984 0 0.9278121 0.3730478 0.02015197 0.9270194 0.3744717 0.1525853 0.9091965 0.387401 0.390276 0.8357285 0.3863195 0.5526612 0.7510134 0.3613094 0.9348408 0.3121941 0.1691379 0.9906039 0.1018683 0.09125101 0.9906004 0.101895 0.09126007 0.9964271 0.04423671 0.07194656 0.9828063 0.1571718 0.09689646 0.9908228 0.1217151 0.05878388 0.9993354 0.02142602 0.02949428 0.9998158 0.004560708 0.01864987 0.999121 0.04191601 -6.24707e-4 0.9975264 0.06777948 -0.01862764 0.9956831 0.01938605 -0.09077078 0.9954627 -0.01085716 -0.09453141 0.9955844 3.82538e-6 -0.09387069 0.9955845 9.4722e-6 -0.0938701 0.9955846 8.69225e-6 -0.09386962 0.9955841 1.29649e-6 -0.09387391 0.9955845 -5.39212e-7 -0.09387058 0.9955842 2.03495e-6 -0.09387362 0.9955842 6.88189e-7 -0.09387296 -0.08970981 0.9928733 0.07845205 -0.08960843 0.9928813 0.07846814 0.9983199 -0.0578708 -0.002917528 0.9968896 -0.07828378 -0.009100735 0.9912659 -0.1297602 -0.02354168 0.990599 -0.1359963 -0.01478487 0.9907407 -0.1344775 -0.01867949 0.9797091 -0.1996861 -0.01719528 0.9636366 -0.2664446 -0.02029353 0.374879 -0.9209561 -0.1063276 0.4525354 -0.8805085 -0.1411262 0.2301663 -0.9234793 -0.3069357 0.1315478 -0.9443628 -0.3014534 -0.2133076 0 -0.9769852 -0.680399 0 -0.732842 -0.6365602 0 -0.7712271 -0.1599304 0 -0.9871283 0.3146253 0 -0.949216 0.3488209 0 -0.9371894 0.7524434 0 -0.658657 0.7580881 0 -0.6521524 0.982325 0 -0.187184 0.9782627 0 -0.2073693 0.9410707 0 0.3382099 0.9553444 0 0.2954949 0.6365491 0 0.7712363 0.6801427 0 0.7330798 0.1599287 0 0.9871286 0.2133064 0 0.9769854 -0.3487023 0 0.9372336 -0.3147869 0 0.9491625 -0.7580868 0 0.6521537 -0.7524414 0 0.6586592 -0.9782457 0 0.2074497 -0.9824355 0 0.1866031 -0.9554067 0 -0.2952934 -0.9410711 0 -0.338209 0.9954577 -0.01116013 -0.09454917 0.9955844 3.74204e-6 -0.09387063 0.9955844 9.29914e-6 -0.09387087 0.9955846 8.94365e-6 -0.09386956 0.9955842 2.14882e-6 -0.09387278 0.9955846 0 -0.09387016 0.9955843 6.65086e-7 -0.09387314 0.9955843 8.43359e-7 -0.09387248 0.2580496 -0.824109 -0.504237 0.07987195 -0.8621854 -0.5002568 -0.06369739 -0.9242527 -0.3764303 0.4515473 -0.8149231 -0.3633255 0.6838259 -0.7162778 -0.1390257 0.7020645 -0.7035396 0.1101707 0.5465167 -0.7626375 0.3459821 0.2835432 -0.8888096 0.3600292 0.1485344 -0.9812525 0.1228056 -0.0312758 -0.9994384 -0.01203036 -0.1846405 -0.9796781 -0.07835006 -0.2752755 -0.942043 -0.1917774 -0.9995035 0.03150391 -6.31475e-4 -0.9996912 0.02433234 0.005064666 -0.9988783 0.04542726 -0.01336926 -0.9983832 0.05366146 -0.01874679 -0.9865173 -0.01225554 -0.1631982 -0.9837247 -0.01847672 -0.1787301 -0.9823618 -0.008907377 -0.1867778 -0.9836632 -0.008260309 -0.1798288 -0.9966098 -0.08165353 -0.01008713 -0.9848967 -0.0844562 -0.1511486 -0.9771803 -0.1311625 -0.1670786 -0.9910337 -0.1309856 -0.02636426 -0.1462458 0.8977608 -0.415497 -0.1331927 0.9511075 -0.2786653 -0.05903053 0.9599599 -0.2738476 -0.0868436 0.9149249 -0.3941709 -0.2212131 -0.02661502 -0.9748623 -0.2261949 -0.02387279 -0.9737896 -0.1238062 -0.02281033 -0.9920442 -0.1398171 -0.02594101 -0.9898375 0.02703034 -0.9631227 -0.2677016 0.06598997 -0.9631415 -0.2607759 0.06469374 -0.9746231 -0.2143005 0.01110994 -0.9764963 -0.2152478 -0.07417827 -0.06332182 -0.9952327 -0.07832157 -0.1618081 -0.9837093 -0.04711234 -0.1633511 -0.9854425 -0.04573434 -0.05919039 -0.9971986 -0.1726007 -0.03515678 0.9843643 -0.3127155 -0.04666191 0.9487 -0.3111419 -0.04649388 0.9492256 -0.1700259 -0.03497117 0.9848189 -0.4494467 0.01849186 0.8931157 -0.2440064 0.009696245 0.9697252 -0.2449345 0.007677018 0.9695093 -0.4530504 0.01412308 0.891373 -0.3795471 0.8489736 0.367679 -0.3823569 0.8389765 0.3871972 -0.1282696 0.9130356 0.3871859 -0.1190221 0.9220703 0.3682666 -0.6915929 0.6005043 -0.4013652 -0.7269166 0.6210034 -0.2931675 -0.3889932 0.8722216 -0.2965024 -0.3509651 0.8269668 -0.4392601 -0.8927189 -0.0113033 -0.4504722 -0.9116119 -0.01087248 -0.4109085 -0.9365506 -0.02345174 -0.3497474 -0.8673061 -0.01614642 -0.4975134 -0.2675957 -0.9333246 -0.2393699 -0.2905198 -0.8974021 -0.3320659 -0.2976968 -0.907816 -0.2953757 -0.2834886 -0.9281747 -0.2410936 -0.2370733 -0.1352496 -0.9620311 -0.202957 -0.128431 -0.9707285 -0.1758271 -0.06604576 -0.982203 -0.185089 -0.06175804 -0.9807793 -0.414565 -0.0551539 0.9083468 -0.4107881 -0.05479151 0.910083 -0.8695344 0.03339016 0.4927426 -0.8516284 0.04738736 0.5219997 -0.6249554 0.7067258 0.3316165 -0.5988616 0.7198549 0.3509612 -0.1082061 0.3713248 -0.9221764 -0.1150844 0.3906042 -0.9133367 -0.8965145 0.1531402 -0.4157041 -0.3394753 0.3561497 -0.8705826 -0.8879845 0.09427934 -0.4501055 -0.664604 0.2153826 -0.7154802 -0.9802339 0.01289343 -0.197422 -0.9764873 0.02234739 -0.2144135 -0.9678723 0.1104339 -0.2258931 -0.9669213 -0.2125244 -0.1410552 -0.9787836 0.1403719 0.1492594 -0.9824134 0.155735 0.1030073 -0.9962758 0.0468629 0.07237714 -0.9914911 0.04428684 0.1224092 -0.8611499 0.1885997 0.472071 -0.4497631 0.1760633 0.8756225 -0.4298544 0.2061797 0.8790423 -0.8631941 0.1187598 0.4907059 -0.2307621 0.1623767 0.9593657 -0.2124541 0.2271987 0.9503916 -0.1956868 -0.7390585 -0.6445924 -0.1956824 -0.7390599 -0.644592 -0.1957087 -0.7390486 -0.6445971 -0.1956818 -0.7390605 -0.6445916 -0.2361266 0.8455125 -0.4789081 -0.2361286 0.8455123 -0.4789074 -0.0744251 0.8583403 -0.5076544 -0.06564044 0.8583719 -0.5088115 -0.9943858 -0.003112256 -0.1057702 -0.9997926 0.00542432 -0.01962864 -0.9975144 -0.02652895 0.06527751 -0.9921979 -0.02576053 -0.1219835 -0.2567562 -0.76285 -0.5934107 -0.267672 -0.7605105 -0.5915873 -0.2677629 -0.7604195 -0.5916633 -0.259593 -0.7622631 -0.5929306 -0.0514813 -0.8445265 -0.5330335 -0.07667785 -0.8350958 -0.5447343 -0.04097861 -0.8722298 -0.4873766 -0.02070349 -0.8806423 -0.4733293 -0.06257951 0.9971621 -0.04185277 -0.1684182 0.9849967 -0.03764176 -0.2350428 0.9655712 0.111477 -0.07438737 0.9955832 0.05727791 -0.7493915 0.6441982 0.1530395 -0.3956618 0.915133 0.07735228 -0.423893 0.9014196 -0.08807551 -0.7708231 0.6235693 -0.1303582 -0.9947632 0.002108335 0.1021853 -0.9991024 0.02875471 0.03110623 -0.2477428 -0.2906126 -0.924212 -0.4420036 -0.2655087 -0.8568187 -0.08190894 -0.290126 -0.9534768 -0.04805964 -0.2978343 -0.9534071 -0.3157743 0.9164606 0.2457367 -0.08736467 0.9807807 0.1744612 -0.7060026 0.5844191 0.4000183 -0.6336731 0.6624199 0.3995727 -0.9875891 -0.006425499 -0.1569284 -0.3223341 -0.003935158 0.9466179 -0.3134756 -0.01867836 0.9494126 -0.1800576 -0.01525706 0.9835377 -0.1841738 -0.005363523 0.9828791 -0.412263 -6.66101e-4 0.9110647 -0.4141675 -0.0244081 0.9098734 -0.9980201 -0.06275117 -0.004253029 -0.9834434 -0.05337011 -0.1731778 -0.3213798 -0.04357987 -0.9459471 -0.24783 -0.05346006 -0.9673274 -0.3477253 -0.01502102 -0.9374762 -0.3680984 -0.003037273 -0.9297819 -0.8074874 0.01390165 -0.5897212 -0.7830757 -0.03735208 -0.6208038 -0.5801778 -0.03603547 -0.8136923 -0.6661603 0.01424503 -0.7456727 -0.9601553 -0.06539481 -0.2717082 -0.9710951 6.99649e-4 -0.2386924 -0.9795222 -0.005926072 -0.201249 -0.9756745 -0.0594955 -0.2109963 -0.6038398 -0.1739165 -0.7779014 -0.8071446 -0.04852849 -0.5883558 -0.8148927 -0.01802456 -0.5793314 -0.7181332 -0.02091568 -0.6955913 -0.1424509 -0.01716637 -0.9896531 -0.1390468 -0.01925593 -0.9900986 -0.1897103 -0.01942032 -0.9816482 -0.1901242 -0.01741594 -0.9816056 -0.3597019 0.8622199 0.3566389 -0.1078106 0.9407379 0.3215418 -0.8117994 0.4752779 0.3392536 -0.9872401 0.07828104 0.1386684 -0.9937736 0.09271216 0.06179475 -0.8060959 0.0752741 0.586978 -0.8748173 0.02675092 0.4837141 -0.8961178 0.1230986 0.4264032 -0.9280139 0.05229949 0.3688564 -0.4776615 0.07249242 0.8755481 -0.8644106 0.1235603 0.4873676 -0.2625172 0.05291354 0.9634754 -0.4622662 0.007724165 0.8867076 -0.2494495 0.004818081 0.9683759 -0.883458 0.01256436 0.468342 -0.9998266 2.54851e-4 0.01862484 -0.9995224 -0.005392909 0.03042811 -0.9342691 0.003926694 -0.3565472 -0.9835547 -0.0162453 -0.1798782 -0.9916024 -0.034563 -0.1246203 -0.9931375 -0.01019036 -0.1165085 -0.2736524 -0.1366829 -0.9520673 -0.2981216 -0.0484755 -0.9532963 -0.2993691 -0.04360926 -0.9531403 -0.2735886 -0.1367443 -0.9520769 0.9466025 -0.03650122 -0.32033 0.9419326 -0.08082109 -0.3259311 0.9419334 -0.08078062 -0.3259386 0.9478018 -0.02060514 -0.3181936 0.9420067 0.007158398 -0.3355178 0.9420081 0.007162213 -0.3355138 0.9447745 0.004841089 -0.3276857 0.9455829 0.004187762 -0.3253543 -0.2878202 0.03671395 -0.9569805 -0.2733707 0.05825591 -0.9601431 -0.2733556 0.05824881 -0.9601478 -0.2909032 0.03213518 -0.9562127 -0.9953703 0.02975088 -0.09139394 -0.9947313 0.01627987 -0.1012166 -0.9881234 0.01849174 -0.1525463 -0.9377985 0.01667523 -0.3467798 -0.980063 -0.001924574 -0.1986778 -0.9763974 -0.01249539 -0.2156205 -0.9966171 0.007764697 0.0818172 -0.99926 0.01751434 0.03424781 -0.4721654 0.02131992 0.8812522 -0.8713667 0.03447371 0.4894198 -0.2546696 0.01356691 0.966933 -0.01430475 0.9664394 -0.2564966 -0.01636564 0.9269428 -0.3748457 -0.009686172 0.9991214 -0.04077756 -0.01322144 0.9993464 0.03364717 -0.02114933 0.9903355 0.1370707 -0.02047997 0.9497143 0.3124476 -0.01763194 0.9270645 0.3744871 -0.01768183 0.9325922 0.3604987 -0.01647371 0.1358271 0.9905956 -0.0215553 0.2188263 0.9755258 -0.01633137 0.01768994 0.9997102 -0.01548266 0.007432699 0.9998526 -0.0149905 0.002145588 0.9998854 -0.01539427 0.002704679 0.9998779 -0.01568073 0.001798272 0.9998755 -0.0125401 -0.01279109 0.9998397 -0.01261723 -0.007703602 0.9998908 -0.0124033 -0.02269399 0.9996656 -0.01234585 -0.02269077 0.9996663 0.04428613 -0.9822859 -0.1820806 -0.04103583 -0.9767689 -0.2103298 -0.009168684 -0.9873118 -0.1585284 -0.002459168 -0.9884389 -0.1516002 -0.08181798 -0.1667411 -0.9826002 -0.1064645 -0.07282733 -0.9916459 -0.0418111 -0.2359552 -0.9708641 0.01187574 -0.9010388 -0.4335759 0.02143847 -0.8969196 -0.4416738 -0.005952775 -0.9609358 -0.2767074 -0.004784286 -0.9764546 -0.2156698 -0.003113687 -0.02150559 -0.9997639 -6.92422e-4 -0.02493727 -0.9996888 0.03095072 -0.02389031 -0.9992354 0.02131432 -0.01836836 -0.9996041 0.3252799 -0.6991867 -0.6366562 0.3252719 -0.699192 -0.6366544 0.325303 -0.6991748 -0.6366573 0.3252772 -0.6991917 -0.6366519 0.2920401 -0.05008006 -0.955094 0.2448236 -0.1367829 -0.9598708 0.2448393 -0.1367896 -0.9598659 0.2970675 -0.04046249 -0.9539988 0.2499765 0.05778872 -0.9665259 0.249975 0.05777966 -0.9665268 0.2789471 0.03465145 -0.9596811 0.2792752 0.03442084 -0.9595941 0.2197363 0.8226441 -0.5243783 0.2197196 0.8226515 -0.5243738 0.02006435 0.3171719 -0.9481559 0.04096525 0.1512495 -0.9876464 0.04658049 0.0163815 -0.9987803 0.04055613 -0.01681834 -0.9990358 -0.7610109 0.2065012 0.6149957 -0.8279572 0.1414738 0.5426527 -0.9102672 0.3089202 -0.2756485 -0.9347805 0.3337314 -0.1216915 -0.9009581 0.264136 -0.3442482 -0.8839008 0.03462922 -0.4663907 -0.9287471 0.02918559 -0.3695634 -0.9609946 0.0129435 -0.2762644 -0.9546169 -0.1136082 -0.275318 -0.9606745 0.005863428 -0.277615 -0.9590819 -0.0035851 -0.2831063 -0.9572296 -0.006258368 -0.2892617 -0.9489355 -0.05644738 -0.3103791 -0.9483605 -0.01430755 -0.3168721 -0.8792936 -0.4015248 -0.2561658 -0.8329734 -0.3976992 -0.3846958 -0.6818476 -0.3181247 -0.6586962 -0.2117933 -0.1024208 -0.971933 -0.1943044 -0.0568732 -0.9792912 -0.1902893 -0.05706334 -0.9800683 -0.2858703 -0.951031 -0.1175512 -0.1785412 -0.9475412 -0.2651202 -0.2109972 -0.9385784 -0.2730401 -0.2940096 -0.9378191 -0.1845369 -0.4304987 -0.05643343 0.9008254 -0.4320012 -0.05618435 0.9001213 -0.3968474 -0.007914721 0.9178506 -0.4052314 -0.0250833 0.91387 -0.9647129 0.04322224 0.2597324 -0.9564589 0.06525778 0.2844781 -0.9710616 0.01036536 0.2386044 -0.9566817 0.1186646 0.265855 -0.9648234 0.03256893 0.260874 -0.951351 0.1661884 0.2594473 -0.971542 0.0697056 0.2263785 -0.9859457 0.09099131 0.1401129 -0.9917753 0.09285402 0.08809143 -0.9496977 0.2719475 0.1553024 -0.9509466 0.2462389 0.1872617 -0.9396965 0.104073 0.3257902 -0.001737296 -0.9765359 -0.2153475 -0.01968342 -0.9756546 -0.2184283 -0.02912038 -0.9750612 -0.2200176 -0.1756494 -0.9562764 -0.2338433 -0.1268283 -0.9638598 -0.2342842 -0.9489404 -0.05645316 -0.310363 -0.8451454 -0.4189588 -0.3319683 -0.9483634 -0.01431584 -0.3168627 -0.9590786 -0.003584802 -0.2831175 -0.9572225 -0.006262183 -0.2892852 -0.9606726 0.005859196 -0.2776221 -0.9609931 0.01294457 -0.2762694 -0.954616 -0.1136196 -0.2753164 -0.6248862 0.47434 -0.6200959 -0.848601 0.2370797 -0.4729373 -0.3693803 0.6215571 -0.6908148 -0.2521608 0.6821631 -0.6863443 -0.1457934 0.6926644 -0.7063713 -0.01842629 0.8893427 -0.45687 -0.03331357 0.8259882 0.5627021 -0.02952152 0.4790897 0.8772694 -0.1618119 0.8212094 0.5472038 -0.1490374 0.7718939 0.6180354 -0.3689069 0.7957067 0.4803734 -0.3400443 0.7712649 0.5380712 -0.5518444 0.7197747 0.4211793 -0.5574893 0.7012943 0.4442884 -0.9846536 0.1224372 0.1243649 -0.9682516 0.1095184 0.2247103 -0.8316919 0.1984096 0.5185773 -0.9169902 0.336788 0.2137828 -0.994722 0.04791134 0.09073507 -0.9820784 0.1485295 0.1160224 -0.9513544 0.166195 0.2594302 -0.9715358 0.06971478 0.226403 -0.9566893 0.1186537 0.2658325 -0.9891985 0.1195647 0.08479809 -0.964818 0.03256702 0.260894 -0.9974353 0.02818471 0.0657913 -0.9979734 0.04663974 0.04328989 -0.9647096 0.04321795 0.2597452 -0.9710672 0.01036787 0.2385813 -0.9985668 0.007163763 0.05303937 -0.9966495 0.07359743 0.03568303 -0.9564585 0.0652619 0.2844788 -0.9872647 -0.07633984 0.1395732 -0.9565514 -0.0816068 0.2799103 -0.9592649 -0.01854962 0.2818987 -0.9861987 -0.02460962 0.163727 -0.9566022 -0.1261405 0.2626799 -0.9829285 -0.1305427 0.1296545 -0.4183883 -0.8897298 0.1825709 -0.4178455 -0.8928858 0.1678101 -0.4161234 -0.9084691 0.03905457 -0.4645594 -0.8766555 0.1251388 -0.187294 -0.9326692 0.3083006 -0.3373137 -0.9113804 0.2358078 -0.351989 -0.890452 0.2884423 -0.1768827 -0.949089 0.2606581 -0.01582169 -0.9934608 0.113072 -0.03572708 -0.9328746 0.3584251 0.002746105 -0.9417356 0.3363428 0.003741264 -0.9966185 0.082084 -0.02022236 -0.9442008 -0.3287491 -0.02858608 -0.8577533 -0.5132662 -0.08533233 -0.9382032 -0.3354001 -0.09533941 -0.8594282 -0.5022885 -0.1499767 -0.9238668 -0.352104 -0.1532598 -0.855229 -0.4950706 -0.2163562 -0.9132751 -0.3451355 -0.2158731 -0.8460324 -0.4874712 -0.06572514 -0.8792091 -0.4718809 -0.1469608 -0.8629859 -0.4833819 -0.9187328 -0.07776165 -0.3871477 -0.905263 -0.1237069 -0.4064426 -0.930964 -0.02943086 -0.3639228 -0.9781294 -0.03256666 0.2054319 -0.9400686 -0.01733082 0.3405447 -0.01097106 -0.007330119 -0.999913 -0.1428424 -0.01182121 -0.9896749 -0.1903799 -0.01393687 -0.9816116 -0.8264475 -0.04420042 -0.5612761 -0.7415275 -0.04037457 -0.6697067 -0.9492592 -0.04709994 -0.3109479 -0.9492601 -0.04709708 -0.3109456 -0.9816366 -0.03532898 -0.1874606 -0.9790064 -0.02088177 -0.2027571 -0.8462669 0.06827145 -0.5283665 -0.696413 0.1932359 -0.691136 -0.3802728 0.0304771 -0.9243721 -0.3713659 0.03193974 -0.9279372 -0.9666477 0.06409543 -0.2479597 -0.9626623 0.07910776 -0.2588888 -0.9955843 1.41389e-6 -0.09387254 -0.9955842 8.828e-7 -0.09387373 -0.9617472 0.07391566 0.2637778 -0.9617506 0.07391381 0.2637661 -0.4091971 0.06083297 0.9104159 -0.4874598 0.1668609 0.8570533 -0.3482805 0.06278127 0.9352857 -0.2017381 0.03542572 0.9787986 -0.01384913 1.76424e-4 0.9999042 -0.0137695 -5.76699e-4 0.9999051 -0.01180922 0.001415312 0.9999294 -0.2235173 0.01652741 0.9745599 -0.2054222 0.05645966 0.9770435 -0.4056755 0.04080283 0.913106 -0.3616205 0.1169698 0.9249588 -0.7384729 0.1043312 0.6661627 -0.6076133 0.2837515 0.7418162 -0.8839955 0.1603752 0.439126 -0.7098373 0.4258664 0.5610428 -0.7098299 0.4258469 0.5610668 -0.8839954 0.1603752 0.4391265 -0.9910595 0.121293 0.05558025 -0.8011242 0.5746573 0.167239 -0.9954711 -0.01024717 -0.09451013 -0.9955842 6.01535e-6 -0.09387356 -0.9955843 5.03616e-6 -0.09387236 -0.9954774 -0.009864985 -0.0944854 -0.943329 0.3019393 -0.1377071 -0.7953581 0.5941031 -0.1201967 -0.7751419 0.6247623 -0.09395349 -0.8315183 0.5519495 -0.06268399 -0.9606902 0.1922885 -0.2002494 -0.8104935 0.283799 -0.5124046 -0.9756209 0.09928381 -0.1957212 -0.9087818 0.124474 -0.3982736 -0.9864103 6.37296e-4 -0.1643 -0.9828444 -0.02660697 -0.1825072 -0.9845523 -0.004076242 -0.1750435 -0.9828487 -0.03634828 -0.1807968 -0.9514811 -0.008954107 -0.3075771 -0.950472 -0.04302924 -0.3078173 -0.9504714 -0.04302763 -0.3078197 -0.951486 -0.008955538 -0.3075615 -0.8332026 -0.01021611 -0.5528736 -0.8286409 -0.03844797 -0.5584587 -0.7501652 -0.01241147 -0.6611341 -0.7435597 -0.03555941 -0.6677234 -0.1900658 -0.01359874 -0.9816772 -0.1918298 -0.01247823 -0.9813489 -0.143065 -0.01211041 -0.9896392 -0.1436287 -0.01190328 -0.9895601 -0.01001578 -0.008589863 -0.999913 -0.01138538 -0.006392717 -0.9999148 -0.7510655 0.6401896 0.1614252 -0.7510696 0.6401898 0.1614049 -0.9955842 9.3277e-6 -0.09387397 -0.9955843 9.53546e-6 -0.09387308 -0.7492904 0.653576 -0.1067814 -0.7492921 0.6535689 -0.1068131 -0.4428119 0.1274812 -0.8875056 -0.6144484 0.3942358 -0.683397 -0.01217651 -0.1216086 0.9925034 -0.01118624 -0.3393787 0.9405834 -0.1540338 -0.1566169 0.9755741 -0.130942 -0.3431549 0.9301071 -0.3054329 -0.1456904 0.9410023 -0.2888337 -0.3371471 0.8960508 -0.4020141 -0.1461403 0.9038958 -0.3765752 -0.3087701 0.8734141 -0.4371564 -0.2281305 0.8699718 -0.4340636 -0.1263284 0.891981 -0.9646884 -0.253574 0.07125002 -0.9561234 -0.231682 0.179309 -0.9604372 -0.1760091 0.2158266 -0.9765414 -0.1930423 0.09540235 -0.9550511 -0.2782562 -0.1022293 -0.9633538 -0.2674403 -0.020621 -0.9795375 -0.2005142 -0.01733565 -0.9699136 -0.1986668 -0.1407096 -0.8687407 -0.2998514 -0.3941812 -0.9025109 -0.1831026 -0.3898044 -0.1128013 -0.3005077 -0.9470856 -0.0611695 -0.2895984 -0.9551917 -0.1124562 -0.1636037 -0.9800957 -0.1373397 -0.1718304 -0.9755061 -0.1470236 -0.2410771 -0.9593049 -0.1487769 -0.3097873 -0.9390939 -0.1730409 -0.3001299 -0.9380719 -0.1663693 -0.1883034 -0.967917 -0.1082503 -0.3466821 -0.9317153 -0.1083284 -0.3450167 -0.9323243 -0.02817332 -0.404062 -0.9142976 -0.03714752 -0.3993725 -0.916036 -7.48877e-6 -0.4140641 -0.9102478 -7.85708e-6 -0.4140726 -0.9102439 -0.9721801 0.04061889 -0.2306863 -0.9721769 0.04062581 -0.2306983 -0.9955849 1.38101e-7 -0.09386706 -0.9955846 1.25891e-6 -0.0938695 -0.9955841 7.01435e-7 -0.09387445 -0.9955842 -8.69081e-7 -0.09387332 -0.9980748 -0.05682498 -0.02485358 -0.9966835 -0.07790082 -0.02352797 -0.9910544 -0.1321926 -0.01834118 -0.9629937 -0.2685058 -0.02340388 -0.9797942 -0.199154 -0.01846927 -0.4083112 -0.9100711 -0.07108217 -0.4890516 -0.8705123 -0.05510663 0.04283821 -0.9908038 -0.1283465 0.003023326 -0.9927226 -0.1203858 -0.7032637 0.1017444 0.7036109 -0.6914706 0.009292721 0.7223449 -0.968014 0.2420555 -0.06601732 -0.999414 -0.03111004 0.01428359 -0.9996826 0.02255439 0.01123154 -0.9768969 0.2136932 0.0027951 -0.9529481 0.02531617 -0.3020746 -0.9365035 0.1497336 -0.3170821 -0.760275 -0.05103403 0.6475936 -0.9896253 -0.1422511 0.02015918 -0.989984 -0.1397473 0.020065 -0.9582655 -0.02699315 -0.2846028 -0.9349016 -0.09397345 0.3422399 -0.9774388 -0.200851 0.0653643 -0.9754769 -0.2149338 0.04741495 -0.9741651 -0.1784817 0.1383716 -0.9595298 -0.1706489 0.2240123 -0.9750421 -0.03708249 -0.2189012 -0.6245834 0.114812 0.7724726 -0.5726206 0.01474541 0.8196879 -0.1293857 -0.03331124 -0.9910348 -0.1294025 -0.03331559 -0.9910324 -0.1204136 -0.01959371 -0.9925305 -0.1200855 -0.0190593 -0.9925806 -0.1227778 -0.01082885 -0.9923751 -0.1211584 -0.0105012 -0.9925777 -0.6260863 -0.06927818 0.7766702 -0.2744209 -0.03123676 -0.9611023 -0.2744447 -0.03125315 -0.9610949 -0.2166892 -0.02492308 -0.9759225 -0.2242631 -0.02573919 -0.9741888 -0.4320191 -0.1004155 0.8962568 -0.4293081 -0.1948832 0.8818816 -0.4289984 -0.05670905 0.9015234 -0.4306364 -0.05694723 0.900727 -0.9835145 -0.1342993 0.1210909 -0.9596257 -0.1289075 0.2500026 -0.9576478 -0.1286334 0.2576127 -0.9830821 -0.1342456 0.1246113 -0.9904326 -0.1371956 -0.01485538 -0.9904273 -0.1370453 -0.01650768 -0.9914441 -0.128446 -0.02324515 -0.9793453 -0.1245751 -0.159261 -0.9807971 -0.1259799 -0.1488837 -0.9910736 -0.1321684 -0.01745742 -0.9120664 -0.1116932 -0.394537 -0.9082232 -0.1145903 -0.402492 -0.1852924 -0.0666151 -0.980423 -0.1863217 -0.07289028 -0.9797813 -0.1682154 -0.06723934 -0.9834544 -0.1642956 -0.06076896 -0.9845376 -0.1711856 -0.08924567 -0.9811884 -0.1638972 -0.08258408 -0.9830147 -0.1609188 -0.09083741 -0.9827786 -0.1580826 -0.08353275 -0.9838863 -0.07209759 -0.06108802 -0.9955252 -0.1016817 -0.07117915 -0.9922674 -0.0842995 -0.07019156 -0.9939652 -0.05377358 -0.0574935 -0.9968967 -0.0624715 -0.07318925 -0.9953596 -0.02556014 -0.06622743 -0.9974771 -0.4275709 -0.05707848 0.902178 -0.4285157 -0.05686217 0.9017434 0.1016693 0.9909464 0.08768516 0.1075581 0.9910554 0.07899802 0.1075426 0.9910537 0.07903897 0.1014705 0.9909417 0.08796775 -0.002139508 -0.01059198 0.9999417 -0.002054154 -0.01100867 0.9999373 -0.001645505 -0.00646162 0.9999778 -0.001629829 -0.00626111 0.9999791 -0.9969887 0.01530265 -0.07602375 -0.9957524 0.0142939 -0.09095585 0.02760732 0.06250828 -0.9976626 0.02761477 0.06249451 -0.9976632 0.00696206 0.07301831 -0.9973063 0.007473766 0.07277017 -0.9973208 -0.00387156 -0.002352476 0.9999898 -0.003705918 -0.002298235 0.9999905 -0.01812344 -0.006192445 0.9998166 -0.0181384 -0.00617963 0.9998164 4.3477e-5 0.02796489 -0.9996089 -6.59009e-4 0.02235245 -0.99975 -0.001759052 -0.002804279 0.9999946 -0.001824975 -0.00275278 0.9999946 -0.002845466 0.004858374 -0.9999842 -0.002662777 0.005025684 -0.9999839 0.09276735 0.9952116 0.03079301 0.09276884 0.9952111 0.03080117 0.08244055 0.9949722 0.05686843 0.08290421 0.9950013 0.05567365 -0.7314915 0.2035457 0.6507606 -0.9435704 0.3309589 -0.0118823 -0.4222295 0.4003204 -0.8133056 -0.2811101 0.4557005 -0.8445793 -0.6684222 -0.7426784 -0.04050773 -0.650156 -0.7580181 -0.05201852 -0.7503278 -0.6581959 -0.06153541 -0.870441 -0.4430146 -0.2146409 -0.8898491 -0.2565258 -0.3773105 -0.8704392 -0.443023 -0.214631 -0.5693599 -0.8160536 -0.09942746 -0.5694164 -0.816021 -0.09937107 -0.01961362 0.4880098 -0.8726179 -0.01626753 0.4543285 -0.8906857 -0.145795 0.6926556 -0.7063797 -0.152984 0.4604697 -0.8743934 -0.2521401 0.6821632 -0.6863518 -0.3693827 0.6215494 -0.6908204 -0.6248954 0.4743595 -0.6200717 -0.6118602 0.3344247 -0.7167896 -0.8486045 0.2370414 -0.4729501 -0.8225724 0.2203123 -0.5242492 -0.9009631 0.2641251 -0.3442434 -0.8486019 0.2370475 -0.4729518 -0.8225631 0.2203164 -0.524262 -0.9174596 0.191017 -0.3489708 -0.9102611 0.3089376 -0.2756492 -0.9359117 0.2312206 -0.2657185 -0.9347848 0.3337205 -0.1216888 -0.9435722 0.3309538 -0.01188224 -0.7610201 0.2065069 0.6149824 -0.7314888 0.2035291 0.6507689 -0.8279623 0.1414642 0.5426476 -0.9396953 0.1040692 0.3257949 -0.9859423 0.09101891 0.1401193 -0.991775 0.09285372 0.08809369 -0.9682503 0.1095395 0.2247054 -0.9846562 0.1224229 0.1243579 -0.8317038 0.1984195 0.5185543 -0.9682511 0.1095349 0.2247043 -0.3881992 0.2776026 0.8787708 -0.1839666 0.3111796 0.9323752 -0.02950906 0.4790796 0.8772753 -0.9842689 -0.006326138 -0.1765643 -0.9561656 -0.006436824 -0.2927559 -0.8802335 -0.01102042 -0.4744129 -0.956171 -0.006434142 -0.2927383 -0.8430224 -0.01622092 -0.5376338 -0.1416906 -0.0266388 -0.9895525 -0.2156153 -0.02711451 -0.9761019 0.01398366 -0.01892995 -0.999723 -0.02015209 0.9270201 0.3744701 -0.1525853 0.9091978 0.3873981 -0.3902772 0.8357298 0.3863154 -0.5526608 0.7510135 0.3613103 -0.9906038 0.1018697 0.09125149 -0.9348405 0.3121946 0.1691387 -0.9906042 0.1018675 0.0912494 -0.9966086 0.04538679 0.06864041 -0.9843426 0.1506797 0.09146279 -0.9921005 0.109669 0.06090599 -0.9991151 0.0244798 0.03420114 -0.9998156 0.00459659 0.01865071 -0.9991203 0.0419318 -6.55737e-4 -0.9975265 0.0677812 -0.01861739 -0.9954627 -0.01085776 -0.09453082 -0.9956831 0.01938486 -0.09077113 -0.9955844 4.90847e-6 -0.09387069 -0.9955846 9.47155e-6 -0.09386962 -0.9955845 8.57009e-6 -0.0938701 -0.9955845 0 -0.09387058 -0.9955841 8.64327e-7 -0.09387391 -0.9955842 2.15059e-6 -0.09387296 -0.9955842 0 -0.09387362 0.08160901 0.9922882 0.09329599 0.08145755 0.9923275 0.09301084 -0.9968077 -0.07907366 -0.01104307 -0.998311 -0.05789792 -0.004815399 -0.9910939 -0.1308464 -0.02474147 -0.9905629 -0.1362575 -0.01480907 -0.9907395 -0.1344878 -0.01866406 -0.9636368 -0.266444 -0.02029389 -0.9797188 -0.1996382 -0.01719957 -0.3748789 -0.920956 -0.1063297 -0.4525345 -0.8805089 -0.1411262 -0.2301664 -0.9234792 -0.306936 -0.1315479 -0.9443628 -0.3014536 0.2132253 0 -0.9770031 0.1599304 0 -0.9871283 0.6365602 0 -0.7712271 0.680399 0 -0.732842 -0.3149053 0 -0.9491231 -0.3488209 0 -0.9371894 -0.7526654 0 -0.6584033 -0.7584179 0 -0.6517686 -0.9823406 0 -0.1871014 -0.9782453 0 -0.2074517 -0.9410707 0 0.3382099 -0.9553444 0 0.2954949 -0.6365492 0 0.7712362 -0.6801427 0 0.7330798 -0.1599287 0 0.9871286 -0.2132245 0 0.9770032 0.3488205 0 0.9371896 0.3147869 0 0.9491624 0.7580868 0 0.6521537 0.7524414 0 0.6586592 0.9782282 0 0.2075322 0.9823724 0 0.1869343 0.9554191 0 -0.2952531 0.941071 0 -0.3382089 -0.9954267 -0.01114672 -0.09487587 -0.9955844 4.36571e-6 -0.09387063 -0.9955846 9.06133e-6 -0.09386956 -0.9955844 8.85632e-6 -0.09387087 -0.9955846 0 -0.09387016 -0.9955842 2.57858e-6 -0.09387278 -0.9955843 5.90351e-7 -0.09387248 -0.9955843 1.33017e-6 -0.09387314 -0.07984101 -0.8622074 -0.5002237 -0.258049 -0.8241095 -0.5042365 0.06369745 -0.9242526 -0.3764305 -0.4515475 -0.8149231 -0.3633255 -0.6838291 -0.7162749 -0.1390259 -0.7020651 -0.7035389 0.1101707 -0.5465162 -0.7626381 0.3459815 -0.2835432 -0.8888095 0.3600292 -0.1485342 -0.9812524 0.1228062 0.0312758 -0.9994384 -0.01203036 0.1846389 -0.9796785 -0.0783497 0.275275 -0.9420431 -0.1917772 1.6631e-5 -0.01312738 -0.9999139 0.003825843 -0.01397299 -0.999895 0.007537841 -0.01154899 -0.9999049 9.16544e-6 -0.01078939 -0.9999418 -0.003809809 -0.01396745 -0.9998953 -0.007574081 -0.01155763 -0.9999045 -0.1427983 -0.01945048 -0.9895607 -0.1430776 -0.01639747 -0.9895756 -0.1950018 -0.01660197 -0.9806624 -0.1987826 -0.01978319 -0.979844 -0.7622209 -0.01061606 -0.64723 -0.8401461 -0.006851971 -0.5423169 -0.8481612 -0.008457541 -0.5296709 -0.7800016 -0.01261359 -0.6256505 -0.9523742 -0.003635585 -0.3049103 -0.9529706 -0.004620254 -0.3030277 -0.9847133 -0.004783391 -0.1741177 -0.9529777 -0.004627525 -0.303005 -0.9523876 -0.003642201 -0.3048684 -0.9848809 -0.003806591 -0.1731916 -0.9870826 -0.003877222 -0.160166 -0.9872173 -0.00497055 -0.1593031 -0.9930726 -0.002357661 -0.1174789 -0.9925348 9.34874e-4 -0.1219586 -0.9930906 0.007310569 -0.1171224 -0.9950364 0.003752946 -0.0994414 -0.99541 0.02236771 -0.09305268 -0.9928202 0.02007019 -0.1179212 -0.9975658 0.03744262 -0.05882602 -0.9971416 0.02960199 -0.06951612 -0.9962986 0.0442155 -0.0737161 -0.9956824 0.03453105 -0.08616399 -0.9957213 0.05600821 -0.07350009 -0.9953725 0.04279726 -0.08603459 -0.9988744 0.04576063 0.01249259 -0.9980069 0.06095498 0.01633596 -0.9220625 0.05138671 0.383615 -0.9136462 0.03690677 0.4048315 -0.7808268 0.03483337 0.6237758 -0.9220492 0.05138903 0.3836466 -0.9136555 0.03690165 0.4048109 -0.7652366 0.02391958 0.6433047 -0.4272484 0.01305854 0.90404 -0.4228301 0.007444977 0.9061785 -0.2310998 0.002103447 0.9729278 -0.2332818 0.006037056 0.9723905 -0.01567095 -0.001338422 0.9998764 -0.02192646 -9.18005e-6 0.9997596 0.01558279 -0.001322925 0.9998778 0.2311005 0.00210005 0.9729277 0.233268 0.00603491 0.9723938 0.02143234 -9.96786e-6 0.9997703 0.4228255 0.007441878 0.9061806 0.4272242 0.01304608 0.9040517 0.7808057 0.03482639 0.6238026 0.7652387 0.02392101 0.6433021 0.9220489 0.05139029 0.3836469 0.9136441 0.03690809 0.4048363 0.9980067 0.06095552 0.01634007 0.9220536 0.05137902 0.3836371 0.9136614 0.03689736 0.4047982 0.9988746 0.04575991 0.01247906 0.9953733 0.04278874 -0.08603054 0.9957177 0.05601078 -0.07354688 0.9962961 0.04424738 -0.07373249 0.9956837 0.03446406 -0.08617478 0.9975687 0.0374214 -0.05879181 0.9971392 0.02960586 -0.06954896 0.9954059 0.02248555 -0.09306746 0.9924293 0.01799547 -0.1214923 0.9950388 0.003480315 -0.09942668 0.99307 0.003233492 -0.1174798 0.9927834 -0.001649677 -0.1199102 0.9930737 -0.002357482 -0.1174699 0.9872164 -0.004968702 -0.1593086 0.9871031 -0.00388503 -0.1600387 0.9848778 -0.003808557 -0.1732091 0.9847193 -0.004782974 -0.1740835 0.9529728 -0.004627048 -0.3030207 0.9523753 -0.003641366 -0.3049066 0.9523857 -0.00363928 -0.3048744 0.8401312 -0.006851613 -0.54234 0.8481525 -0.008455693 -0.5296848 0.9529674 -0.004627227 -0.3030375 0.7621893 -0.01067966 -0.6472663 0.7800096 -0.01261043 -0.6256406 0.1953206 -0.01651656 -0.9806004 0.1430947 -0.01639425 -0.9895733 0.1428152 -0.01944923 -0.9895583 0.1987679 -0.01973485 -0.9798479 -8.96616e-6 -0.001734137 0.9999985 0.9919703 0.01523745 -0.1255501 -0.235098 0.006087422 0.9719527 -0.02424132 3.11469e-4 0.9997062 -0.02198958 5.11468e-4 0.9997581 -0.2366441 0.006127655 0.9715771 -0.4312712 0.01316964 0.9021263 -0.4347994 0.01329052 0.9004293 -0.8109478 0.03629648 0.5839918 -0.7964403 0.03559136 0.6036689 -0.937696 0.05234366 0.3434917 -0.9303216 0.05188286 0.3630563 -0.9376924 0.05234378 0.3435014 -0.9978394 0.06092154 0.02460277 -0.9979282 0.06093895 0.02063566 -0.9303128 0.05189079 0.363078 -0.9965252 0.05600512 -0.06165212 -0.9971881 0.0560249 -0.04977154 -0.9977731 0.04426145 -0.04989844 -0.9971303 0.04427796 -0.06140559 -0.9985443 0.03738951 -0.03887593 -0.9981234 0.0374301 -0.04846602 -0.9989995 0.02283442 -0.0384528 -0.9976491 0.02263361 -0.06468367 -0.9978438 0.003994047 -0.06551229 -0.9966354 0.00388211 -0.0818715 -0.9933691 -0.00235641 -0.1149451 -0.9936261 -0.002360701 -0.1127018 -0.9873919 -0.004956066 -0.1582173 -0.9873086 -0.004961729 -0.1587363 -0.9846067 -0.00478208 -0.1747192 -0.9845023 -0.004779398 -0.1753067 -0.9542525 -0.00462234 -0.2989666 -0.9536457 -0.004625678 -0.3008965 -0.856003 -0.008420467 -0.5169025 -0.9536535 -0.004617929 -0.3008719 -0.9542466 -0.004616856 -0.2989851 -0.8628586 -0.008391499 -0.505376 -0.796492 -0.01246637 -0.6045205 -0.8104062 -0.01231378 -0.5857391 -0.1426095 -0.01979726 -0.9895811 -0.2024059 -0.01970386 -0.9791035 -0.2060861 -0.019755 -0.9783344 -0.142483 -0.01943844 -0.9896064 0.003429472 -0.01391655 -0.9998973 -2.51792e-5 -0.01393663 -0.9999029 -6.54766e-6 -0.01315551 -0.9999135 1.84819e-5 -0.0131163 -0.9999141 -0.003419816 -0.01391977 -0.9998973 4.75147e-5 -0.01394242 -0.9999029 0.1424938 -0.01944059 -0.9896048 0.1425997 -0.01944643 -0.9895894 0.2026775 -0.01969486 -0.9790475 0.2061426 -0.01976585 -0.9783223 0.8560109 -0.008422434 -0.5168895 0.7964833 -0.01245391 -0.6045322 0.8104334 -0.01231896 -0.5857013 0.8628625 -0.008390724 -0.505369 0.9536529 -0.004617273 -0.3008736 0.9542506 -0.004621446 -0.2989725 0.9542459 -0.004621624 -0.2989872 0.9845033 -0.004781186 -0.1753008 0.9846011 -0.004781186 -0.1747507 0.9536455 -0.004623174 -0.3008966 0.9873057 -0.004962325 -0.1587549 0.9873971 -0.004954874 -0.1581851 0.9936276 -0.002359569 -0.1126889 0.9933677 -0.002359211 -0.1149563 0.9966342 0.003883302 -0.08188551 0.9978443 0.004009187 -0.06550377 0.9990001 0.02283805 -0.03843718 0.997649 0.02260661 -0.06469684 0.998544 0.03739035 -0.03888213 0.9981257 0.0374118 -0.04843062 0.9977732 0.04420226 -0.04994815 0.9971343 0.0442084 -0.06139159 0.9971871 0.05602079 -0.04979425 0.9965271 0.05593669 -0.06168234 0.9979287 0.0609368 0.02061688 0.9978396 0.06092011 0.024594 0.9376977 0.05233633 0.3434882 0.9303245 0.0519011 0.3630465 0.9376884 0.0523467 0.3435119 0.8109574 0.03629881 0.5839783 0.7964243 0.03558856 0.6036903 0.9303188 0.05188757 0.3630627 0.4348057 0.01329177 0.9004263 0.4312763 0.01317381 0.9021238 0.2351375 0.006088495 0.9719431 0.2366399 0.006132543 0.9715781 0.02365064 2.99183e-4 0.9997203 0.0215013 4.94976e-4 0.9997687 -0.3256719 -0.5465161 0.7715296 -0.5688737 -0.3231569 0.7562753 -0.5633491 -0.3319783 0.75659 -0.3075459 -0.5552995 0.7726954 -0.009988725 -0.6097988 0.7924934 0.01292103 -0.6077724 0.7940062 0.2841773 -0.5090816 0.8124526 0.3002745 -0.4979832 0.8135403 0.484684 -0.2857562 0.8266952 0.4900794 -0.2751954 0.8270971 0.5533129 -0.001015126 0.832973 0.5532935 9.11283e-4 0.8329859 0.4805951 0.2812912 0.8306044 0.4841821 0.2745682 0.8307707 0.2801134 0.4994278 0.8198221 0.2937563 0.4902405 0.8205922 -0.009559392 0.5971879 0.8020445 0.01244246 0.5952602 0.8034367 -0.3208084 0.5361516 0.780784 -0.3005747 0.5457043 0.7822159 -0.5641636 0.3177725 0.7620631 -0.5556085 0.3308845 0.7627678 -0.6584689 -0.001896202 0.7526056 -0.6584372 0.001311242 0.7526347 -0.001057326 -0.002634465 0.9999961 -3.4899e-5 -0.003896474 0.9999924 -0.001019001 4.91484e-4 0.9999994 -0.001515328 -1.51759e-4 0.9999989 -0.001453876 -9.33762e-4 0.9999985 -8.63453e-4 -0.002102673 0.9999975 -2.75878e-5 -0.002539336 0.9999969 7.77476e-4 -0.002087593 0.9999976 0.00126779 -7.05889e-4 0.999999 0.001548767 3.6172e-5 0.9999988 0.001221835 6.55954e-4 0.9999991 0.001259922 -0.002554357 0.999996 -0.05438661 -0.9709273 -0.2331147 -0.1268419 -0.9638598 -0.2342765 -0.175631 -0.9562806 -0.23384 -0.1334203 -0.9560565 -0.2610651 -0.02640318 -0.9752258 -0.2196307 -0.02315425 -0.9758062 -0.2174078 -6.64604e-4 -0.9772325 -0.2121704 -0.001005768 -0.977276 -0.2119683 6.21849e-6 -0.9770851 -0.2128493 5.3148e-6 -0.9770858 -0.2128463 0.001062035 -0.9772282 -0.2121889 0.001528441 -0.9772691 -0.2119974 0.03458499 -0.9735183 -0.2259779 0.04087668 -0.9721947 -0.2305784 0.1157144 -0.9596782 -0.2561799 0.07330787 -0.9651667 -0.2511559 0.874392 -0.3720108 -0.3115231 0.7355455 -0.3197512 -0.5972706 -0.121342 -0.5640079 -0.8168056 -0.2513954 -0.5015985 -0.8277677 -0.1116874 -0.5706332 -0.8135748 0.01307368 -0.5848243 -0.8110548 0.01191872 -0.5861335 -0.8101269 -2.29129e-6 -0.5788396 -0.8154415 2.90769e-6 -0.5788406 -0.8154408 -0.008444786 -0.5827642 -0.8125976 -0.006654798 -0.5834814 -0.8120993 0.1483831 -0.5477055 -0.8234082 0.3081507 -0.4787893 -0.822073 -0.6920146 -0.365846 -0.6223123 -0.8451482 -0.4189797 -0.3319346 0.1802716 -0.9346302 -0.3065431 0.1480004 -0.9546498 -0.2583402 -0.980847 -0.07540398 0.1795924 -0.9736668 -0.1094646 0.1999763 -0.9743849 -0.105826 0.1984311 -0.9804486 -0.07717263 0.1810117 -0.9996629 0.02578985 -0.003030717 -0.9938078 0.09996497 -0.04850834 -0.993901 0.09838879 -0.04980403 -0.9991481 -0.02622824 0.03186517 -0.9459969 -0.215862 0.2418542 -0.9665282 -0.188281 0.1742801 -0.9641344 -0.1937596 0.1813895 -0.9421303 -0.227719 0.2460378 -3.01363e-4 -0.1781073 0.9840111 -0.0102455 -0.1781016 0.9839588 -0.01041197 -0.1781053 0.9839564 -3.1914e-4 -0.1780743 0.984017 -0.07737034 -0.1809943 0.9804362 -0.07733225 -0.1810348 0.9804317 -0.07491856 -0.1826463 0.9803201 -0.07495421 -0.1826294 0.9803206 -0.9886677 -0.03409141 0.146198 -0.9886636 -0.03412002 0.1462194 -0.1667804 0.9766203 -0.1356365 -0.2053676 0.9712496 -0.1204092 -0.2015072 0.9718655 -0.1219515 -0.1667828 0.9766197 -0.1356375 -0.9937264 0.1049518 -0.0386399 -0.993825 0.1047824 -0.03650385 -0.994849 0.09846043 -0.02410358 -0.9946621 0.09984499 -0.02604377 -0.07147783 0.9928622 -0.09547561 -0.07476699 0.9925876 -0.09581238 9.28195e-6 0.9958464 -0.0910505 7.84012e-7 0.9958441 -0.09107482 0.9746881 -0.1084167 0.1955228 0.9782547 -0.07998085 0.1913657 0.9781971 -0.08185392 0.1908677 0.9743581 -0.1099858 0.1962893 0.9938062 0.09998983 -0.04849213 0.9996628 0.02579039 -0.003030478 0.9991486 -0.02621585 0.03185886 0.9938976 0.0984019 -0.04984664 0.966525 -0.1882818 0.174297 0.9447405 -0.2194724 0.2435103 0.9416482 -0.2289537 0.2467365 0.9641351 -0.1937693 0.1813752 -0.00256437 -0.1777515 0.9840722 -0.002493977 -0.177738 0.9840748 0.04527074 -0.1784378 0.9829092 0.04610174 -0.1784505 0.9828683 0.978653 -0.04758071 0.1999365 0.9787376 -0.04785847 0.1994552 0.07692855 -0.17895 0.9808461 0.04525202 -0.1784376 0.9829101 0.04612731 -0.178454 0.9828665 0.07692253 -0.178947 0.9808471 0.9946684 0.0997824 -0.02604299 0.9948521 0.09843587 -0.02407628 0.993823 0.1048027 -0.03650212 0.9937269 0.1049449 -0.03864419 0.2053562 0.9712511 -0.1204172 0.1667937 0.9766172 -0.1356418 0.1668078 0.9766159 -0.135634 0.2015293 0.9718635 -0.1219319 0.07148617 0.9928615 -0.0954768 0.07478898 0.9925854 -0.09581685 -0.9954451 0.09371322 -0.01752221 -0.995445 0.09371352 -0.01752233 0.1106641 -0.06732463 -0.991575 0.08086556 -0.06318753 -0.9947201 0.01944935 -0.06758683 -0.9975238 -4.57326e-6 -0.04846793 -0.9988248 -6.86723e-5 -0.0696395 -0.9975723 -0.01922339 -0.0676859 -0.9975215 -0.08115029 -0.06339979 -0.9946835 -0.1107611 -0.06728708 -0.9915667 0.9954413 0.09374713 -0.0175563 0.9954413 0.09374672 -0.01755636 -0.7071062 -0.7029426 0.07663196 -0.7071058 -0.7029431 0.0766322 -0.2588191 -0.9602369 0.1046805 -0.2588177 -0.960237 0.1046818 0.2588183 -0.960237 0.1046802 0.2588185 -0.9602367 0.104682 0.7071074 -0.7029414 0.07663208 0.7071049 -0.702944 0.07663208 0.9659255 -0.257296 0.02804845 0.9659262 -0.2572937 0.02804982 0.9659256 0.2572959 -0.02804839 0.9659261 0.257294 -0.02804905 0.7071056 0.7029435 -0.07663065 0.7071096 0.7029392 -0.07663315 0.2588187 0.9602368 -0.1046817 0.2588185 0.9602367 -0.104682 -0.2588191 0.9602367 -0.104682 -0.2588193 0.9602367 -0.1046817 -0.7071077 0.7029414 -0.07663023 -0.7071074 0.7029414 -0.07663363 -0.9659259 0.2572944 -0.02804839 -0.965926 0.2572945 -0.02804905 -0.9659256 -0.257296 0.02804851 -0.9659262 -0.2572935 0.02804982 -0.003235995 -0.2384059 -0.9711602 0.009768366 -0.2261608 -0.974041 -2.43352e-4 -0.2378752 -0.9712957 0.1149923 -0.1664462 -0.9793225 0.2285742 -0.07626503 -0.9705346 0.06380456 -0.08640515 -0.9942148 0.004702031 -0.03254902 -0.9994592 1.41686e-4 -0.004064977 -0.9999917 -0.004593312 -0.03227317 -0.9994686 -0.06225478 -0.08619612 -0.9943313 -0.2242377 -0.07514953 -0.9716327 -0.1121168 -0.1632605 -0.9801917 -0.01124054 -0.2177517 -0.9759395 -1.98994e-6 -0.1083746 -0.9941102 2.37586e-6 -0.1083746 -0.9941102 2.65326e-6 -0.1083739 -0.9941103 -8.31551e-6 -0.1083743 -0.9941102 2.65326e-6 -0.1083745 -0.9941102 -1.18793e-6 -0.1083734 -0.9941103 1.32663e-6 -0.1083739 -0.9941103 -1.18793e-6 -0.1083759 -0.99411 1.98994e-6 -0.1083739 -0.9941103 0 -0.1083743 -0.9941102 2.65326e-6 -0.1083745 -0.9941102 0 -0.1083741 -0.9941102 -1.32663e-6 -0.1083738 -0.9941103 1.18793e-6 -0.1083739 -0.9941102 0 -0.1083744 -0.9941102 5.93966e-7 -0.1083744 -0.9941102 0 -0.1083745 -0.9941102 -5.93967e-7 -0.1083744 -0.9941102 0 -0.1083739 -0.9941103 1.18793e-6 -0.1083734 -0.9941103 -1.32663e-6 -0.1083747 -0.9941101 -2.37586e-6 -0.1083735 -0.9941104 0 -0.1083741 -0.9941103 -2.37586e-6 -0.1083742 -0.9941102 0.6290705 0.7772555 0.01201319 0.7050155 0.7091919 0 0.7050154 0.709192 0 0.658226 0.7527934 -0.006394863 -0.7050154 0.709192 0 -0.6290705 0.7772555 0.01201325 -0.6582261 0.7527933 -0.006394803 -0.9655414 0.2602497 0 -0.9655416 0.2602493 0 -0.9655414 -0.2602496 0 -0.9655416 -0.2602488 0 -0.4870156 -0.8733934 -1.54842e-5 -0.7050155 -0.7091919 0 -0.7050158 -0.7091916 0 -0.4987367 -0.8667536 -6.94528e-6 0 -1 0 -0.4869947 -0.873405 8.97619e-6 -0.498757 -0.8667419 -1.27519e-5 0 -1 0 0.4869946 -0.873405 8.96864e-6 0.4987571 -0.866742 -1.27866e-5 0.7050157 -0.7091917 0 0.4870147 -0.8733939 -1.54266e-5 0.4987361 -0.8667539 -6.83218e-6 0.7050162 -0.7091912 0 0.9655419 -0.2602477 0 0.9655414 -0.2602496 0 0.9655417 0.2602488 0 0.9655416 0.2602493 0 -7.85315e-6 0.9942914 0.106699 0.6290785 0.777249 0.01201617 0.2830007 0.9579971 0.04639303 -1.11037e-6 0.9942894 0.106718 0.6582273 0.7527918 -0.006424605 0.3258273 0.9448698 -0.03252267 0.2649534 0.9641451 -0.01496386 0.2649531 0.9641454 -0.01495653 -0.6290662 0.7772591 0.01201379 -0.2829673 0.9580077 0.04637724 -0.2649538 0.9641453 -0.01494842 -0.658235 0.7527853 -0.006401896 -0.3258407 0.944866 -0.03250229 -0.2649563 0.9641442 -0.01497453 -0.7624723 -0.03335952 -0.6461603 -0.7624602 0.03334438 -0.6461755 -0.7071071 0 -0.7071065 -0.7071073 0 -0.7071064 -0.2577677 0 -0.9662069 -0.2577678 0 -0.966207 0 0 -1 -2.84151e-4 0.1573205 0.9875476 0 0.1366785 0.9906155 -4.10834e-6 0.1366787 0.9906154 -0.002994835 0.1569517 0.9876018 -0.6427266 -0.01215231 0.7659993 -0.642722 0.01409435 0.7659699 -0.7624725 0.03335952 0.6461601 -0.7624595 -0.03334438 0.6461763 -0.7624706 -0.03335064 0.6461629 -0.9033788 -0.1198864 0.411745 -0.9392747 -0.2045094 0.2755706 -0.9392763 -0.2044878 0.2755808 -0.9392777 0.204483 0.2755798 -0.9392772 0.2044882 0.275578 -0.9033733 0.1198911 0.4117559 -0.7624657 0.03338032 0.646167 -0.9033745 0.1198722 0.4117588 -0.9033769 -0.1198723 0.4117533 -0.9392773 -0.2044836 -0.2755805 -0.9392766 -0.2044889 -0.2755789 -0.903373 -0.1198912 -0.4117565 -0.7624655 -0.03338027 -0.6461674 -0.9033721 -0.1198722 -0.4117637 -0.9033759 0.1198723 -0.4117556 -0.7624702 0.03335076 -0.6461634 -0.9033788 0.1198864 -0.411745 -0.9392743 0.2045099 -0.2755715 -0.9392759 0.2044884 -0.2755821 -0.2082651 0.7987905 -0.5644108 -0.2484662 0.9217416 -0.297753 -0.04681342 0.9463807 -0.3196436 -0.02100402 0.8385094 -0.5444822 -0.2586929 0.955038 -0.1448464 -0.04929131 0.9895831 -0.1352617 -0.2579386 0.9656801 -0.03049135 -0.04848295 0.9983985 -0.02915364 -0.2576466 0.9653439 0.0415861 -0.04819875 0.998045 0.03978759 -0.2582343 0.9550816 0.1453764 -0.04914849 0.9895727 0.1353896 -0.2486307 0.9201872 0.3023877 -0.04663527 0.9440775 0.3264091 -0.2055754 0.7809826 0.5897499 -0.02056652 0.8210419 0.5704976 0.03296387 -0.1894003 0.9813464 0.207854 -0.1862632 0.9602619 0.2078695 -0.1863684 0.960238 0.03127956 -0.1894015 0.9814015 0.008266568 -0.9998694 -0.01389896 0.01801538 -0.9994949 -0.02618324 -0.003955006 -0.9999849 0.003850996 -0.001177787 -0.9999987 0.00114566 0.8043813 -0.09237021 0.5868888 0.9526932 -0.04172766 0.3010559 0.9443053 -0.0460909 0.3258271 0.8043814 -0.09236544 0.5868894 0.02579462 -0.9988117 -0.04134994 0.02826845 -0.9986554 -0.04345691 0.9526808 -0.04174774 0.301092 0.9939587 -0.008374214 0.1094357 0.9937604 -0.008377432 0.1112214 0.944317 -0.04608017 0.3257946 0.011083 -0.9995735 -0.02702057 0.01281243 -0.9994941 -0.02911186 0.9997368 -0.001348555 0.02290374 0.9997047 -0.00122559 0.02427214 0.001841068 -0.9999837 -0.005400359 0.00235182 -0.9999707 -0.007282495 0.9995009 -0.001534759 -0.03155434 0.9994609 -0.001582741 -0.03279668 0.002047479 -0.9999684 0.007691323 0.002640247 -0.9999511 0.009531021 0.9939587 -0.008879721 -0.1093949 0.9937305 -0.009283661 -0.1114161 0.01118695 -0.9995736 0.02697533 0.01360392 -0.9994829 0.02913492 0.9902342 -0.01410704 -0.1386986 0.9902335 -0.0140767 -0.1387072 0.1934304 -0.188204 -0.9628935 0.1934205 -0.1881356 -0.9629089 0.03042548 -0.1901067 -0.981292 0.02897167 -0.1901072 -0.9813359 0.0268349 -0.9987614 0.04190087 0.02928757 -0.9986008 0.04403287 -0.004114985 -0.9999836 -0.00399971 0.01854586 -0.9994754 0.02655112 0.007670879 -0.9998859 0.01302123 -0.001184463 -0.9999987 -0.001154065 0.7835309 -0.09871721 -0.6134609 0.7835284 -0.09870213 -0.6134665 0.7835241 -0.0986669 -0.6134778 0.7835308 -0.09871864 -0.6134607 -0.04269456 0.07676148 -0.996135 -0.2051772 0.07225996 -0.9760537 -0.1939528 0.2368406 -0.951992 -0.03034728 0.2203944 -0.9749388 -0.7142986 0.312098 -0.6263964 -0.7882111 0.102839 -0.6067516 -0.9139491 0.1250808 -0.3860722 -0.8611415 0.3392732 -0.3785883 -0.04277169 -2.5779e-6 -0.999085 -0.2082512 0 -0.9780754 -0.9763481 0.16672 -0.1376552 -0.9288327 0.3419759 -0.1425569 -0.9211117 -4.00335e-7 -0.3892983 -0.8099294 1.19598e-7 -0.5865274 -0.9753021 0.2178658 -0.03633636 -0.9390759 0.3423478 -0.03057122 -0.9899594 -9.60426e-7 -0.1413523 -0.04042118 -0.05881094 -0.9974505 -0.2089708 -0.05028378 -0.9766284 -0.972517 0.2286269 0.04404985 -0.9387729 0.3420337 0.04145652 -0.9222487 -0.09311276 -0.3752166 -0.8041765 -0.06985509 -0.5902717 -0.9729074 0.1894355 0.1325344 -0.9288404 0.3418081 0.1429086 -0.2089188 -0.1417109 -0.967611 -0.03899365 -0.1453902 -0.9886057 -0.8927693 0.1409118 0.42791 -0.9223557 0.3411574 0.1813051 -0.9831114 -0.1297915 -0.1290202 -0.1819102 0.2204633 0.9582822 -0.1913157 0.06658208 0.9792677 -0.03966987 0.07067197 0.9967105 -0.02813184 0.2038305 0.978602 -0.6950603 0.3042991 0.651378 -0.7674729 0.1015082 0.6329941 -0.6950854 0.3042886 0.6513561 4.65002e-5 1.32883e-4 -1 5.48648e-5 -0.4892747 -0.8721297 5.89524e-5 -0.4957562 -0.8684617 1.04182e-4 -6.36806e-5 -1 -6.76824e-6 -1 -1.50276e-5 -0.8961781 -0.2374368 -0.3748183 -0.7822973 -0.2019161 -0.5892717 -6.74077e-6 -1 -8.31801e-6 0 -1 1.99665e-6 -0.03966969 -2.74836e-6 0.9992129 -0.1938061 0 0.9810399 -0.9556568 -0.264916 -0.1286067 -0.7899786 0 0.6131345 -0.8878353 5.76705e-5 0.4601613 0 -1 3.56877e-6 -0.9838258 -0.1760817 -0.0328958 -0.9603663 -0.2773214 -0.02809983 -8.74826e-6 -0.8625808 -0.5059196 0 -0.9999827 0.005892872 0 -0.9999971 0.002396047 1.26469e-5 -0.8646113 -0.5024414 0 -1 -1.24019e-6 8.30081e-5 -0.4859972 0.8739604 3.49143e-5 -1.54766e-5 1 6.58062e-5 -1.46039e-5 1 7.93882e-5 -0.4945991 0.8691213 -0.1941172 -0.04698771 0.9798524 -0.03748375 -0.05390387 0.9978424 -0.9602238 -0.2766112 0.03816509 -0.9820293 -0.1844442 0.03998696 -0.784138 -0.06838512 0.6168072 -0.9039694 -0.1040477 0.414745 0 -1 -8.45733e-6 0 -1 2.40673e-6 -0.9560137 -0.2636454 0.1285652 -0.9815201 -0.1468997 0.1226334 -6.77147e-6 -1 9.25629e-6 -0.1936217 -0.1299501 0.9724318 -0.03566813 -0.1321228 0.9905915 0 -1 6.11007e-6 -6.8095e-6 -1 2.28293e-5 -0.8910804 -0.2348238 0.3883731 -0.7630706 -0.1960494 0.6158636 0 0.4893893 -0.8720655 0 0.4958447 -0.8684113 0 0.486177 0.8738604 0.01506394 0.7557863 0.6546451 -0.01575142 0.7551031 0.655417 0 0.4947443 0.8690386 -1.61408e-5 -0.8581828 0.5133444 1.26488e-5 -0.8629197 0.5053411 -1.37445e-5 -0.8582 0.5133156 1.2045e-5 -0.8629126 0.5053532 0.0160411 0.757306 -0.6528632 -0.0163564 0.7567443 -0.6535064 -1.22846e-5 -0.8625729 -0.5059329 8.59407e-5 -0.8646277 -0.5024131 -0.9892844 -5.56772e-4 0.1460008 -0.9881349 5.27662e-7 0.1535887 -0.9892811 5.29571e-4 0.146023 -0.9945557 -0.00459814 0.1041054 -0.9997536 -0.002505779 0.02206081 -0.9989001 -0.00265932 -0.04681432 -0.9951864 -0.004432559 -0.09789979 -0.9943788 8.6502e-6 -0.1058814 -0.995185 0.004482865 -0.09791195 -0.9989022 0.002735555 -0.0467655 -0.9997529 0.00249207 0.02208703 -0.99456 0.004588961 0.1040647 -5.98993e-6 -1 5.44341e-6 -3.6712e-6 -1 3.55767e-6 6.8288e-6 -1 -3.30881e-6 3.60615e-6 -1 -4.24782e-6 0 -1 -1.38141e-6 0 -1 1.98754e-7 0 -1 2.88924e-6 0 -1 5.70533e-7 6.10202e-6 -1 9.65958e-6 4.61579e-6 -1 4.45169e-6 -5.74589e-6 -1 -5.54161e-6 -3.94765e-6 -1 -1.79391e-6 0.0388112 -0.3880081 0.9208385 0.02295291 -0.3839371 0.923074 0.1834806 -0.4203149 0.888634 0.1835052 -0.4203111 0.8886307 0.6845687 -0.4998481 0.5305824 0.6845681 -0.4998483 0.5305829 0.8179312 -0.4911657 0.2995741 0.808149 -0.4934164 0.3216139 0.8808158 -0.4621145 0.1030233 0.8801034 -0.4625845 0.1069276 0.8898329 -0.4557905 0.02127176 0.8896358 -0.4560122 0.02451968 0.889652 -0.4556804 -0.02957439 0.8894319 -0.4559003 -0.03265237 0.8809306 -0.4619586 -0.1027409 0.8801969 -0.4624367 -0.1067984 0.8127872 -0.4932638 -0.3099483 0.8024266 -0.4955565 -0.3324688 0.6652436 -0.5009764 -0.5536006 0.6652479 -0.5009786 -0.5535935 0.1710683 -0.4178533 -0.8922637 0.1710925 -0.4178697 -0.8922513 0.02117568 -0.3834521 -0.9233181 0.03609597 -0.3872946 -0.9212492 -0.9999637 -0.008535683 4.23005e-5 -0.9991725 0.0406742 2.08663e-6 -0.9991461 0.04129612 0.001315355 -0.999963 -0.008537948 0.00114721 -0.9999629 -0.008548498 -0.001125633 -0.9991458 0.04130691 -0.001261234 -0.1257289 0.9920647 0 -0.1257289 0.9920647 -4.18482e-7 -0.07683312 0.9337242 -0.349651 -0.01637208 0.756721 -0.6535331 0.0746116 0.9343042 -0.3485811 0.01604616 0.7573197 -0.6528471 0.1193158 0.9928563 -4.75051e-4 0.1192868 0.992847 0.005054354 0.01508766 0.7557889 0.6546416 0.07214075 0.9349445 0.3473822 -0.07578861 0.9330161 0.3517629 -0.01576977 0.7551063 0.6554128 9.62583e-7 0 -1 8.80025e-7 0 -1 0.008910536 -4.75789e-7 -0.9999603 0.9998835 0.008517682 -0.01267087 0.9999526 0.008437931 -0.004855155 0.9999529 0.008471727 -0.004746556 0.9998825 0.008520185 -0.01274126 2.52083e-7 0 1 0.007089376 -2.08558e-7 0.9999749 1.11695e-6 0 1 0.9997439 0.008468151 -0.02098661 0.9997418 0.008435845 -0.02109926 -0.933961 0.3573751 1.19597e-7 -0.9339588 0.3573744 0.002151608 -3.66958e-6 0 -1 0.0179013 -9.39704e-7 -0.9998398 0.01454383 -2.49129e-7 0.9998943 -5.45036e-7 0 1 -0.9339584 0.3573753 -0.00215137 0.1864069 -0.9820469 0.028921 0.1863994 -0.9820473 0.02895659 0.1867276 -0.9824114 -8.17117e-4 0.1867212 -0.9824128 -4.75929e-4 -0.2333236 0.9723989 7.65293e-4 -0.2280119 0.9736579 0.001047432 -0.2275514 0.9731257 -0.03531068 -0.2332015 0.9719572 -0.0302748 0.01951378 0 -0.9998096 0.01951378 0 -0.9998096 0.186876 -0.9819084 -0.03055268 0.1868752 -0.9819086 -0.03055036 0.0159344 0 0.9998731 0.0159344 0 0.9998731 -0.2331125 0.971905 0.03254777 -0.2281648 0.9728996 0.03751355 -0.2659292 0.9639924 -7.04824e-4 -0.2681636 0.9633726 0.001247465 -0.2704212 0.9627366 0.003260552 0.7624725 -0.03335946 -0.6461601 0.7071073 0 -0.7071064 0.7071071 0 -0.7071065 0.7624601 0.03334438 -0.6461754 0.2577677 0 -0.9662069 0.2577678 0 -0.966207 0.003146767 0.1580994 0.9874182 4.10834e-6 0.1366787 0.9906154 0.6427226 -0.01409435 0.7659693 0.7624596 -0.03334444 0.6461762 0.7624726 0.03335946 0.6461601 0.6427304 0.0121538 0.765996 0.7624703 -0.033351 0.6461631 0.9392756 -0.2044889 0.2755827 0.9392747 -0.2045097 0.2755703 0.9033784 -0.1198872 0.4117457 0.9392778 0.2044834 0.2755791 0.762466 0.03338068 0.6461669 0.9033734 0.1198914 0.4117555 0.9392772 0.2044886 0.2755772 0.9033771 -0.1198723 0.4117529 0.9033748 0.1198722 0.411758 0.9392774 -0.2044839 -0.2755804 0.7624657 -0.03338056 -0.6461671 0.9033731 -0.1198915 -0.4117562 0.9392766 -0.2044894 -0.2755789 0.9033761 0.1198722 -0.4117553 0.9033727 -0.1198722 -0.4117628 0.7624705 0.03335124 -0.6461629 0.9392762 0.2044885 -0.2755808 0.9392745 0.2045102 -0.2755706 0.9033787 0.1198872 -0.411745 0.03036612 0.220398 -0.9749373 0.1940143 0.2367679 -0.9519976 0.205177 0.07228761 -0.9760518 0.04267936 0.0767554 -0.9961361 0.2082651 0.7987905 -0.5644108 0.02097994 0.8385167 -0.544472 0.04679501 0.9463861 -0.3196305 0.2484681 0.9217414 -0.2977524 0.04926556 0.9895847 -0.1352595 0.2586015 0.9550656 -0.1448276 0.7142987 0.3120981 -0.6263962 0.8611418 0.339273 -0.3785876 0.9139491 0.1250807 -0.3860724 0.7882111 0.1028389 -0.6067518 0.04844433 0.9984006 -0.0291444 0.2579389 0.96568 -0.03049141 0.928775 0.3421542 -0.1425043 0.9763508 0.1666782 -0.1376862 0.9390758 0.3423479 -0.03057146 0.9753021 0.2178663 -0.03633642 0.04917639 0.9895709 0.1353927 0.04817539 0.9980461 0.03979039 0.2576467 0.965344 0.04158622 0.9387728 0.3420338 0.04145705 0.972517 0.2286274 0.04404997 0.2582876 0.9550797 0.145294 0.04667001 0.9440706 0.3264241 0.2486309 0.9201874 0.3023868 0.9288532 0.3417919 0.1428648 0.9729074 0.1894357 0.1325343 0.02058392 0.8210362 0.570505 0.2055766 0.7809818 0.5897507 0.9223713 0.3411373 0.1812638 0.8927694 0.1409117 0.4279097 0.1819102 0.2204633 0.9582822 0.02814227 0.203832 0.9786014 0.03966116 0.07066684 0.9967112 0.1912374 0.0665822 0.979283 -0.03130781 -0.1894011 0.9814006 -0.03296315 -0.1894001 0.9813466 0.6950603 0.3042988 0.651378 0.6950855 0.3042883 0.6513562 0.7674732 0.101508 0.6329937 0.2089596 -0.1416861 -0.9676058 0.03902548 -0.1453893 -0.9886046 0.04044115 -0.05882138 -0.9974491 0.2089709 -0.05028384 -0.9766283 -0.2078691 -0.1863681 0.9602382 -0.2078603 -0.1863092 0.9602515 -0.008313715 -0.9998689 -0.01390057 0.001182198 -0.9999987 0.001148879 0.003919601 -0.999985 0.00382626 -0.01801532 -0.9994949 -0.02618372 0.8961777 -0.2374373 -0.3748187 0.7824154 -0.2018496 -0.5891374 0.8041765 -0.06985503 -0.5902716 0.9222477 -0.09311217 -0.3752191 -0.8043824 -0.09237104 0.5868874 -0.8043813 -0.09236782 0.5868893 -0.9443053 -0.04608923 0.3258273 -0.9526934 -0.04172515 0.3010556 -0.02826845 -0.9986554 -0.04345542 -0.02577197 -0.9988141 -0.04130667 -0.9526809 -0.0417456 0.3010922 -0.9443172 -0.04607743 0.3257945 -0.9937604 -0.00837773 0.111221 -0.9939587 -0.008421897 0.109431 -0.01290839 -0.9994927 -0.02911847 -0.01108312 -0.9995735 -0.02702075 0.9556566 -0.2649163 -0.1286074 0.9831188 -0.1297513 -0.1290041 -0.9997045 -0.001409411 0.02426904 -0.9997369 -0.001233339 0.02290338 -0.002349853 -0.9999707 -0.007284343 -0.00183928 -0.9999837 -0.005401849 0.9603675 -0.2773202 -0.02807039 0.9838226 -0.1761008 -0.03288924 -0.9994593 -0.001578629 -0.03284388 -0.999501 -0.001507461 -0.03155463 -0.002639293 -0.9999511 0.009531855 -0.002044022 -0.9999687 0.007644355 0.9820241 -0.1844749 0.03997302 0.960224 -0.2766106 0.03816455 -0.03046536 -0.1901129 -0.9812895 -0.02899086 -0.1901068 -0.9813353 -0.9939588 -0.00887978 -0.1093941 -0.9937357 -0.009291708 -0.1113689 -0.0108565 -0.9995755 0.02703958 -0.01360398 -0.9994829 0.02913522 0.9560138 -0.2636452 0.1285651 0.9815203 -0.1468992 0.1226319 -0.9902343 -0.01410925 -0.1386982 -0.9902334 -0.01407951 -0.1387066 -0.1934175 -0.1881113 -0.9629142 -0.1934145 -0.1880892 -0.9629191 -0.02683573 -0.9987614 0.04190045 -0.02928781 -0.9986008 0.04403269 0.004116892 -0.9999836 -0.004000723 0.001194298 -0.9999987 -0.001161456 -0.007670819 -0.9998859 0.01302158 -0.01849913 -0.9994762 0.02655774 0.03566038 -0.1321288 0.990591 0.1936244 -0.1299655 0.9724292 0.1941162 -0.04697769 0.979853 0.03750777 -0.05390608 0.9978414 0.8910595 -0.2348219 0.3884222 0.9039687 -0.1040512 0.4147456 -0.7835309 -0.09871703 -0.613461 -0.7835314 -0.09871733 -0.6134603 -0.7835306 -0.09871113 -0.6134624 -0.7835291 -0.09870183 -0.6134657 0.7630704 -0.1960492 0.6158639 0.7841385 -0.06838518 0.6168066 0.2082512 0 -0.9780754 0.04277074 -2.58721e-6 -0.999085 0.9211117 7.99582e-6 -0.3892986 0.8099295 0 -0.5865273 0.9899593 1.07953e-5 -0.1413527 -4.65004e-5 1.32673e-4 -1 -1.04183e-4 -6.41422e-5 -1 -5.364e-5 -0.4957093 -0.8684887 -5.52991e-5 -0.4892745 -0.8721298 6.76825e-6 -1 -1.17608e-5 0 -1 1.12139e-5 0 -1 2.99497e-6 6.74077e-6 -1 -1.6636e-5 0.03966969 4.58409e-6 0.9992129 0.1938061 0 0.9810399 0.7899789 0 0.6131341 0.8878353 -3.40587e-6 0.4601614 0 -1 2.7452e-7 8.75305e-6 -0.8625798 -0.5059209 -1.24942e-5 -0.8646109 -0.5024421 0 -0.9999971 0.002395212 0 -0.9999824 0.005945265 0 -1 -2.96946e-6 -8.30187e-5 -0.4859973 0.8739604 0 -0.4945983 0.8691217 -6.58062e-5 -1.42258e-5 1 -3.50248e-5 -1.54054e-5 1 0 -1 -4.54605e-6 6.77146e-6 -1 1.63346e-5 6.80949e-6 -1 1.14146e-5 0 -1 -1.22202e-5 0 0.4893893 -0.8720656 0 0.4958442 -0.8684116 0 0.4861302 0.8738865 0 0.4947437 0.8690391 0.01575136 0.7551025 0.6554175 -0.01506394 0.7557868 0.6546445 -1.27088e-5 -0.8629196 0.5053411 1.62646e-5 -0.8581826 0.5133446 1.35949e-5 -0.8581999 0.5133156 -1.20781e-5 -0.8629123 0.5053538 -0.0160411 0.7573055 -0.6528639 0.0163564 0.756743 -0.6535078 -1.22934e-5 -0.8646275 -0.5024136 1.23959e-5 -0.8625738 -0.5059314 0.9881349 0 0.1535893 0.9892843 -5.56618e-4 0.1460011 0.9892773 5.70384e-4 0.1460486 0.9945557 -0.004596889 0.1041055 0.9997536 -0.002505004 0.02206099 0.998901 -0.002703905 -0.04679447 0.9951848 -0.004388749 -0.09791868 0.9943788 8.30361e-6 -0.1058815 0.9951897 0.00447148 -0.0978654 0.9989022 0.002735793 -0.04676526 0.999753 0.002492487 0.02208775 0.99456 0.004589736 0.1040643 0 -1 -7.4888e-6 0 -1 -7.48004e-7 0 -1 2.09375e-6 0 -1 -3.40886e-6 0 -1 -2.98368e-6 0 -1 -1.89791e-6 0 -1 8.35791e-6 0 -1 9.90573e-6 0 -1 1.1355e-5 3.6712e-6 -1 3.55767e-6 5.98993e-6 -1 0 -3.60616e-6 -1 -4.24782e-6 -6.8288e-6 -1 -4.13601e-6 0 -1 -1.03605e-6 0 -1 1.98754e-7 0 -1 2.88924e-6 0 -1 2.90707e-6 0 -1 -3.04512e-6 -4.61579e-6 -1 4.45169e-6 -6.10203e-6 -1 1.05377e-5 3.94765e-6 -1 -1.79391e-6 5.74589e-6 -1 -5.54162e-6 0 -1 2.32403e-6 -0.03883188 -0.3880136 0.9208353 -0.1835052 -0.4203107 0.8886308 -0.1833867 -0.4203292 0.8886466 -0.02294504 -0.3839352 0.923075 -0.6845692 -0.499849 0.5305809 -0.8081491 -0.4934163 0.3216136 -0.8179317 -0.4911655 0.2995734 -0.6845679 -0.4998493 0.5305821 -0.8801136 -0.4625756 0.1068829 -0.8808328 -0.4621137 0.1028812 -0.8896352 -0.4560133 0.02451968 -0.8898328 -0.4557906 0.02127188 -0.889432 -0.4559 -0.03265136 -0.8896519 -0.4556805 -0.02957612 -0.880167 -0.4624286 -0.107079 -0.8809314 -0.4619569 -0.1027414 -0.02120655 -0.3834605 -0.9233139 -0.03611248 -0.3872993 -0.9212466 -0.8024256 -0.4955598 -0.3324664 -0.8127869 -0.4932636 -0.3099496 -0.6652477 -0.500979 -0.5535934 -0.6652428 -0.5009767 -0.5536014 -0.1714346 -0.4181005 -0.8920775 -0.1710927 -0.4178694 -0.8922514 0.9999628 -0.008619725 -2.82111e-4 0.999963 -0.008537709 0.001147329 0.9991462 0.04129612 0.001290798 0.9991726 0.04067414 -1.14633e-4 0.9999629 -0.008548319 -0.001125514 0.9991459 0.04130667 -0.001091659 0.1257289 0.9920647 7.21242e-7 0.0163722 0.75672 -0.6535341 0.07683318 0.9337237 -0.3496523 0.1257289 0.9920647 8.01881e-7 -0.01604616 0.7573216 -0.652845 -0.07461148 0.9343057 -0.3485769 -0.119287 0.992847 0.005053997 -0.1193159 0.9928562 -4.75262e-4 -0.01508784 0.7557887 0.6546418 0.0157696 0.7551062 0.655413 0.07578152 0.9330177 0.35176 -0.07216161 0.9349592 0.3473385 -9.62583e-7 0 -1 -0.008910536 0 -0.9999603 -8.80028e-7 0 -1 -0.9998835 0.008517861 -0.01267075 -0.9998826 0.008520245 -0.01274091 -0.9999529 0.008471548 -0.004746079 -0.9999526 0.008437514 -0.004855692 -2.52083e-7 0 1 -1.11695e-6 0 1 -0.007137417 0 0.9999746 -0.9997439 0.008468687 -0.02098613 -0.999741 0.008422732 -0.0211454 0.9339588 0.3573744 0.002151608 0.933961 0.3573751 1.1956e-7 -0.0179013 -3.17465e-7 -0.9998398 3.66958e-6 0 -1 5.45036e-7 0 1 -0.01454383 -2.8417e-7 0.9998943 0.9339584 0.3573753 -0.00215137 -0.1864069 -0.9820469 0.02892112 -0.1867213 -0.9824128 -4.75983e-4 -0.1867283 -0.9824113 -8.17086e-4 -0.1863994 -0.9820473 0.02895736 0.2333232 0.9723991 7.6297e-4 0.2332174 0.9719547 -0.03022956 0.2275513 0.9731256 -0.0353114 0.2280119 0.9736579 0.001048088 -0.01951378 0 -0.9998096 -0.01951378 0 -0.9998096 -0.1868751 -0.9819086 -0.03055036 -0.186876 -0.9819083 -0.0305534 -0.01593446 0 0.9998731 -0.0159344 0 0.9998731 0.2331128 0.9719049 0.03254783 0.2281648 0.9728995 0.03751605 0.2659293 0.9639922 -7.05096e-4 0.2681636 0.9633726 0.001247763 0.2704223 0.9627364 0.003259718 -0.275475 0.0746476 0.9584056 -0.3032714 0.04587697 0.9517993 -0.2754714 0.07463479 0.9584077 -0.3032799 -0.04586213 0.9517972 -0.2754752 -0.07463842 0.9584063 -0.2754725 -0.07464766 0.9584063 0.2754718 -0.07464915 0.9584065 0.3032713 -0.04587697 0.9517993 0.2754648 -0.07463806 0.9584093 0.3032799 0.04586219 0.9517973 0.275476 0.07463872 0.958406 0.27547 0.07464671 0.9584072 -3.4282e-6 0.951279 0.3083314 -0.04599398 0.9507641 0.3064834 -0.008893132 0.9061496 0.422864 1.22233e-5 0.9061671 0.4229201 -1 0 0 -0.9999994 -0.001167297 -8.83021e-5 -0.9999515 -0.00983113 -6.84257e-4 -1 0 0 0.9999969 0.002515614 1.77391e-4 1 0 0 1 0 0 0.9997658 0.02159386 0.001524865 0.04598701 0.950764 0.3064851 0.008888304 0.9061353 0.4228948 3.52565e-5 -0.9574897 -0.2884675 -0.04505741 -0.956521 -0.2881625 -0.04505318 -0.9565203 -0.2881653 1.91164e-5 -0.9574902 -0.2884657 1 0 0 0.05117881 0.9557852 0.2895779 -6.53858e-6 0.9570392 0.2899587 -0.05116558 0.9557837 0.2895852 -1 0 0 0.04503875 -0.95652 -0.2881686 0.04501765 -0.9565229 -0.2881624 0.001351296 0.2446637 0.9696071 0.01609879 0.2456573 0.9692231 0.9990283 0.04396593 0.003090262 0.9990288 0.04395586 0.003083288 -0.006592035 -0.1035755 -0.9945998 -1.90035e-4 -0.1033785 -0.9946421 2.06595e-4 -0.1033736 -0.9946426 -0.006596267 -0.1035833 -0.994599 0.006529033 -0.1031406 -0.9946454 0.006535708 -0.1031126 -0.9946482 -0.9998008 -0.01991087 -0.001453876 -0.9997996 -0.01997244 -0.001412689 -0.01587474 0.2434581 0.9697816 0.2504467 0.9645519 -0.08316391 -0.2246999 0.9739949 -0.02905273 -0.2251329 0.9741474 -0.01875984 0.2510128 0.9652116 -0.07320749 -0.6486173 0.7604535 0.03172057 -0.6487908 0.7597879 0.04234427 -0.648594 0.7604727 0.03173398 -0.924073 0.3725823 0.08527469 -0.9233987 0.3715972 0.09617882 -0.6487961 0.7597835 0.0423423 -0.987722 0.1149784 0.1057605 -0.9908863 -0.03201657 0.130841 -0.2688711 -0.9596383 0.08247858 -0.01175212 -0.9982697 0.05761438 -0.01184606 -0.9975525 0.06891113 -0.4096711 -0.9050412 0.1143245 0.4514641 -0.8922879 -0.001616179 0.4510826 -0.8924318 0.009489417 0.4514726 -0.8922836 -0.001630842 0.8110203 -0.5818838 -0.0604763 0.8111293 -0.5827507 -0.04970908 0.4510595 -0.8924434 0.009487867 0.9847469 -0.1383973 -0.1054507 0.9856798 -0.1392397 -0.09512007 0.9331434 0.336593 -0.1262875 0.9344861 0.3364742 -0.1162798 0.6681734 0.7345516 -0.1182306 0.6691461 0.7351883 -0.1083599 0.6681743 0.734548 -0.1182472 0.6691529 0.7351812 -0.1083654 -0.8362348 -0.545826 0.05277889 -0.8237093 -0.5647358 0.05075991 -0.9491147 -0.2946358 0.1112262 -0.8221806 -0.5494694 0.1486695 -0.990885 -0.03203618 0.1308459 -0.9381787 -0.3216069 0.1280233 -0.8239367 -0.5516188 0.1297885 -0.9381749 -0.3216176 0.1280237 -0.268886 -0.9596365 0.08245068 -0.5892567 -0.8033527 0.08603042 -0.2688739 -0.9596361 0.08249539 -0.4096714 -0.9050389 0.1143421 -0.6440169 -0.7553905 0.1209442 -0.5892476 -0.8033587 0.08603692 0.5648981 -0.8219748 -0.07244116 0.5649206 -0.8219519 -0.07252597 0.5567374 -0.827789 -0.06934624 0.5586042 -0.8264588 -0.07019507 0.2331591 0.009311497 0.9723941 0.2289682 0.009925425 0.9733833 0.2593123 0.0498948 0.9645038 0.2709558 0.0452252 0.9615288 -0.562079 0.8239368 0.07207971 -0.5620952 0.8239316 0.07201218 -0.567907 0.8199741 0.07158309 -0.5700836 0.8184982 0.07117331 -0.1366394 0.02907609 -0.990194 -0.1343913 0.03095006 -0.9904449 -0.145581 0.009754478 -0.9892984 -0.1402762 0.009248673 -0.9900693 0.497396 -0.866459 -0.04296588 0.4973684 -0.866474 -0.04298537 0.3896418 0.2091965 0.8968925 0.4204645 0.1807423 0.8891242 -0.6204543 0.7818259 0.06152051 -0.6204515 0.7818287 0.06151348 -0.1361234 0.007111907 -0.9906664 -0.2117758 -0.08901757 -0.9732559 -0.1962327 -0.09272497 -0.9761634 -0.2273582 -0.08527719 -0.9700702 0.2504273 0.05659025 0.9664801 0.3561893 0.2389323 0.9033496 -0.1405462 0.02703094 -0.9897051 0.2265447 0.01007825 0.9739487 -0.1849104 0.9531922 0.2392336 0.271973 0.9443498 0.1850245 -0.5923015 0.7478188 0.2999099 -0.8571382 0.3749194 0.3531995 -0.5923125 0.7478164 0.2998943 -0.9186032 -0.08050084 0.3868951 -0.8221838 -0.5494688 0.1486539 -0.762169 -0.5142068 0.3933063 -0.4096842 -0.9050355 0.1143229 -0.423371 -0.8265975 0.3708013 0.02011936 -0.9456422 0.3245862 -0.4234102 -0.8265794 0.370797 0.4663906 -0.8438684 0.265266 0.8127563 -0.544779 0.206502 0.4663642 -0.843884 0.2652629 0.9798339 -0.117316 0.1617485 0.9296512 0.3402857 0.1412596 0.67413 0.7232889 0.1496726 0.6741256 0.7232933 0.1496717 0.2719878 0.9443484 0.1850101 -0.1849221 0.9531854 0.2392516 -0.1326795 0.8658024 0.4824755 0.2754392 0.8579459 0.4336611 -0.592325 0.7478094 0.299887 -0.4967618 0.6825855 0.5360081 -0.5922968 0.7478297 0.2998922 -0.8571434 0.3749194 0.3531863 -0.7342242 0.3493822 0.5821056 -0.4967437 0.6826078 0.5359967 -0.9185863 -0.08048552 0.3869382 -0.7901301 -0.05804049 0.6101851 -0.7621716 -0.5142163 0.393289 -0.650997 -0.4467058 0.6137238 -0.423395 -0.8265886 0.3707938 -0.348036 -0.727052 0.5918331 0.02013576 -0.9456384 0.3245961 0.04932391 -0.8340574 0.5494683 0.4663672 -0.8438812 0.2652667 0.4494342 -0.7426856 0.4964141 0.4664044 -0.8438652 0.2652521 0.8127529 -0.5447884 0.2064911 0.7596135 -0.4743351 0.444965 0.4494153 -0.7426844 0.4964331 0.9798367 -0.1173201 0.1617291 0.9089141 -0.09115386 0.4068983 0.9296574 0.3402724 0.1412515 0.8635812 0.3184265 0.3909375 0.674138 0.7232817 0.149672 0.6346821 0.6608038 0.4006459 0.6741101 0.7233048 0.1496859 0.6347011 0.6607958 0.4006289 0.126977 0.09089982 0.9877319 0.1119253 0.09115052 0.9895274 0.1119278 0.09115374 0.9895268 0.1270126 0.09089356 0.9877278 0.0984888 0.08441537 0.9915514 0.09846007 0.0843867 0.9915567 0.08968108 0.07216477 0.9933527 0.08964842 0.07208621 0.9933614 0.08752185 0.05709862 0.9945248 0.08753091 0.05699729 0.9945299 0.09259456 0.04261869 0.9947914 0.09264588 0.04254198 0.99479 0.1038386 0.03209233 0.9940763 0.1039037 0.03205525 0.9940707 0.1186844 0.0280348 0.9925362 0.1187094 0.0280314 0.9925333 0.1336598 0.03144389 0.9905284 0.133637 0.03143376 0.9905318 0.1452248 0.04151523 0.9885273 0.1451916 0.04146045 0.9885346 0.150694 0.05584979 0.9870016 0.1506873 0.05576038 0.9870077 0.1488817 0.07107007 0.9862979 0.1489183 0.07097071 0.9862994 0.1403004 0.08368873 0.9865658 0.1403588 0.08362835 0.9865627 -0.9469613 -0.2291305 0.225308 -0.8685885 -0.2274346 0.4402584 -0.8478783 -0.2300826 0.4776656 -0.943396 -0.2241249 0.2444837 -0.8685978 -0.2274402 0.4402373 -0.670878 -0.2059495 0.7123957 -0.6406907 -0.1923188 0.743323 -0.8478838 -0.230076 0.4776592 -0.4001727 -0.1599262 0.9023776 -0.3661674 -0.123216 0.9223553 -0.09369927 -0.09369868 0.9911816 -0.04160296 -0.05945986 0.9973635 0.1822349 -0.03075373 0.982774 0.2132747 -0.02697944 0.9766198 -0.9760495 -0.2135185 0.04168021 -0.962985 -0.2016546 -0.1788722 -0.9665226 -0.2053167 -0.1538802 -0.973429 -0.2226917 0.05333399 -0.8733536 -0.1496125 -0.4635404 -0.8829337 -0.1665967 -0.4389461 -0.8733597 -0.1496043 -0.4635314 -0.7098807 -0.07520866 -0.700295 -0.7240256 -0.1136519 -0.6803457 -0.8829258 -0.1666052 -0.4389589 -0.4760259 -0.0098688 -0.8793759 -0.5072432 -0.04854142 -0.860435 -0.2556653 0.02398455 -0.9664679 -0.2752811 0.01129615 -0.9612975 -0.9424205 -0.2360361 0.2369191 -0.9725203 -0.2295994 0.03857928 -0.2673541 1.72557e-4 -0.9635984 0.1869269 -0.0349825 0.9817509 0.5634714 -0.8233142 -0.06821846 0.5636359 -0.8232049 -0.06817895 -0.5631898 0.8235231 0.0680229 -0.5632993 0.8234448 0.06806421 -0.8676592 -0.2246601 0.4435037 -0.8676574 -0.2246523 0.443511 -0.6797755 -0.2083551 0.7032023 -0.4044421 -0.1820605 0.8962593 -0.08547359 -0.1218011 0.9888675 -0.4958377 -0.0801652 -0.8647072 -0.7199517 -0.1393868 -0.6798831 -0.8821124 -0.1743215 -0.4375956 -0.9644892 -0.2051663 -0.1663352 -0.8821172 -0.1743158 -0.437588 -0.5632842 0.8234445 0.06819194 -0.5631397 0.8235509 0.06809985 -0.5631533 0.8235444 0.06806588 -0.5633211 0.8234242 0.06813186 -0.563174 0.8235322 0.06804251 -0.5633091 0.8234354 0.06809496 -0.5631945 0.8235197 0.06802511 -0.5633352 0.8234235 0.06802362 -0.5632888 0.8234558 0.06801837 -0.5631628 0.8235443 0.06798881 0.5636326 -0.8232102 -0.06814271 0.5634534 -0.8233328 -0.06814426 0.5636206 -0.8232209 -0.0681129 0.5634766 -0.8233192 -0.06811499 0.5636364 -0.823212 -0.06808996 0.5635004 -0.823305 -0.06809127 0.5635887 -0.8232452 -0.06808203 0.5634847 -0.8233194 -0.06804472 0.5635207 -0.8232944 -0.06805139 0.5636255 -0.8232221 -0.06805682 -0.2504464 0.9645518 -0.08316463 -0.2505698 0.9653305 -0.07315635 0.225134 0.9741473 -0.01875525 0.2246991 0.9739951 -0.02905279 0.6487936 0.7597858 0.04233884 0.648615 0.7604555 0.03172129 0.6485962 0.7604709 0.03173446 0.6487953 0.7597844 0.04233843 0.9233987 0.3715978 0.09617727 0.9240743 0.3725789 0.08527493 0.9908893 -0.03200709 0.1308206 0.9877218 0.114982 0.1057586 0.2688719 -0.9596381 0.08247882 0.4096716 -0.9050406 0.1143279 0.01184535 -0.9975525 0.06891256 0.01175302 -0.9982698 0.05761474 -0.4510828 -0.8924317 0.009486496 -0.4514593 -0.8922902 -0.001650035 -0.4514732 -0.8922832 -0.001630783 -0.4510619 -0.8924424 0.009487688 -0.8111296 -0.5827502 -0.0497111 -0.8110203 -0.5818839 -0.06047654 -0.9856799 -0.1392384 -0.09512042 -0.9847465 -0.1383992 -0.1054512 -0.934486 0.3364744 -0.1162799 -0.9331444 0.3365903 -0.1262881 -0.6691468 0.7351873 -0.1083616 -0.6682059 0.734516 -0.1182675 -0.6681745 0.7345477 -0.1182477 -0.669155 0.7351794 -0.1083652 0.9491191 -0.2946238 0.1112203 0.8236737 -0.5647885 0.05075156 0.8362324 -0.5458294 0.0527814 0.8221774 -0.5494704 0.1486834 0.8239368 -0.5516188 0.1297889 0.9381768 -0.3216119 0.1280248 0.5892507 -0.8033543 0.08605599 0.2688569 -0.95964 0.08250635 0.6440174 -0.7553901 0.1209446 0.4096612 -0.9050448 0.114332 -0.5649001 -0.8219692 -0.07248848 -0.5586041 -0.8264588 -0.07019501 -0.556738 -0.8277888 -0.06934529 -0.5649206 -0.8219519 -0.07252573 -0.2331594 0.009312987 0.9723939 -0.2709503 0.04523104 0.9615301 -0.2593148 0.04989415 0.9645032 -0.2289649 0.009925723 0.9733841 0.5620787 0.8239369 0.07208037 0.5701225 0.8184711 0.07117193 0.5679068 0.8199743 0.07158321 0.562091 0.8239303 0.07205969 0.1366383 0.02907669 -0.9901942 0.1402696 0.009243071 -0.9900702 0.1455815 0.009756445 -0.9892982 0.1343907 0.03094965 -0.990445 -0.4973673 -0.8664745 -0.0429874 -0.497396 -0.866459 -0.04296588 -0.420466 0.1807443 0.8891231 -0.3896419 0.2091964 0.8968926 0.6204515 0.7818287 0.06151401 0.6204549 0.7818255 0.06152027 0.1361225 0.007111728 -0.9906666 0.1962336 -0.09272456 -0.9761632 0.2117753 -0.08901703 -0.9732561 0.2273593 -0.08527976 -0.9700697 -0.3561893 0.2389334 0.9033493 -0.2504288 0.05658823 0.9664798 0.1405452 0.02702999 -0.9897053 -0.2265443 0.01008105 0.9739487 -0.2719755 0.9443477 0.1850318 0.1849078 0.9531896 0.239246 0.5923039 0.7478183 0.2999064 0.5923144 0.7478184 0.2998856 0.8571407 0.3749186 0.3531939 0.9185824 -0.08049625 0.3869457 0.7621681 -0.5142067 0.3933083 0.4233694 -0.8265978 0.3708027 0.4234119 -0.8265744 0.3708062 -0.02011841 -0.9456398 0.3245933 -0.4663904 -0.8438686 0.2652659 -0.4663633 -0.8438835 0.2652658 -0.8127556 -0.5447812 0.2064991 -0.9798342 -0.1173146 0.1617472 -0.9296505 0.3402882 0.1412587 -0.6741321 0.7232875 0.1496706 -0.6741277 0.7232913 0.1496712 -0.2719895 0.9443387 0.1850574 -0.2754373 0.8579505 0.4336537 0.1326759 0.8657969 0.4824861 0.1849256 0.9531939 0.2392154 0.4967575 0.6825845 0.5360135 0.5923224 0.7478106 0.2998894 0.5923072 0.7478066 0.2999292 0.4967285 0.682599 0.536022 0.734227 0.349382 0.5821022 0.8571466 0.3749167 0.3531816 0.7901316 -0.05804497 0.6101827 0.918587 -0.08048772 0.3869362 0.6509985 -0.4467033 0.6137241 0.7621734 -0.5142146 0.3932874 0.3480373 -0.727057 0.5918262 0.4233945 -0.8265925 0.3707857 -0.04932069 -0.8340543 0.5494733 -0.02013158 -0.9456374 0.3245994 -0.4494343 -0.7426877 0.496411 -0.4663656 -0.8438848 0.2652577 -0.4663711 -0.843873 0.2652855 -0.4494173 -0.7426839 0.496432 -0.7596145 -0.4743371 0.4449609 -0.8127514 -0.544791 0.2064895 -0.90891 -0.09115749 0.4069066 -0.9798352 -0.1173204 0.161738 -0.8635779 0.318427 0.3909446 -0.9296554 0.3402764 0.1412548 -0.6346814 0.6608051 0.4006446 -0.6741372 0.7232838 0.1496652 -0.6741126 0.7233024 0.1496858 -0.6347036 0.6607929 0.4006296 -0.1269755 0.09089761 0.9877322 -0.1270142 0.09088945 0.9877279 -0.1119225 0.09115439 0.9895273 -0.1119218 0.09115272 0.9895275 -0.09845829 0.08438664 0.9915568 -0.09849053 0.08441627 0.9915511 -0.08965128 0.07208722 0.9933611 -0.08968222 0.07216411 0.9933527 -0.08753144 0.05699634 0.9945299 -0.08752274 0.05709671 0.9945249 -0.09264409 0.04254639 0.9947899 -0.09259414 0.04261881 0.9947915 -0.1039032 0.03205794 0.9940707 -0.1038373 0.0320909 0.9940765 -0.1187086 0.0280283 0.9925336 -0.1186841 0.02803218 0.9925364 -0.1336373 0.03143298 0.9905318 -0.1336602 0.0314427 0.9905283 -0.1451888 0.04145991 0.9885349 -0.1452266 0.04151648 0.9885271 -0.1506869 0.0557599 0.9870078 -0.1506969 0.05585014 0.9870011 -0.1489199 0.07097214 0.9862991 -0.1488827 0.07106894 0.9862978 -0.1403587 0.08362948 0.9865626 -0.1403018 0.0836867 0.9865658 0.9469602 -0.2291329 0.2253097 0.9433956 -0.2241244 0.2444854 0.8479003 -0.2300846 0.4776256 0.8685879 -0.2274351 0.4402596 0.8685971 -0.22744 0.4402388 0.8478859 -0.2300775 0.4776546 0.6406902 -0.1923219 0.7433226 0.670879 -0.2059505 0.7123944 0.3661692 -0.123214 0.9223548 0.400174 -0.1599214 0.902378 0.04159939 -0.0594595 0.9973636 0.09369587 -0.09370076 0.9911817 -0.2132764 -0.02698081 0.9766194 -0.1822388 -0.03075557 0.9827732 0.9760496 -0.2135179 0.04168033 0.9734288 -0.2226921 0.05333507 0.9665226 -0.2053154 -0.1538814 0.9629849 -0.201655 -0.1788723 0.8829326 -0.1665965 -0.4389483 0.8733565 -0.149617 -0.4635333 0.873359 -0.1496046 -0.4635328 0.8829253 -0.1666073 -0.4389592 0.7240259 -0.1136529 -0.6803452 0.7098798 -0.07520753 -0.700296 0.5072439 -0.04854094 -0.8604344 0.4760277 -0.009866237 -0.879375 0.2752817 0.01129639 -0.9612973 0.2556692 0.02398759 -0.9664667 0.9424207 -0.2360351 0.2369195 0.9725202 -0.2295997 0.03857994 0.2673527 1.71493e-4 -0.9635988 -0.1869254 -0.03497952 0.9817512 -0.5634629 -0.8233231 -0.06818258 -0.56362 -0.8232161 -0.06817555 0.5633036 0.8234418 0.06806397 0.5631868 0.8235251 0.0680229 0.8676592 -0.2246595 0.4435037 0.8676584 -0.2246496 0.4435105 0.6797774 -0.2083526 0.7032012 0.4044404 -0.1820597 0.8962602 0.08547276 -0.1218006 0.9888676 0.495838 -0.08016556 -0.8647069 0.7199522 -0.1393875 -0.6798823 0.8821126 -0.1743197 -0.4375957 0.9644891 -0.2051676 -0.1663344 0.8821169 -0.1743154 -0.4375889 0.5632834 0.823445 0.06819182 0.5631392 0.8235514 0.06809782 0.5633207 0.8234246 0.06813192 0.5631524 0.8235452 0.06806576 0.5633104 0.8234346 0.06809514 0.563176 0.8235307 0.06804394 0.5633269 0.8234294 0.06802171 0.563196 0.8235186 0.06802552 0.5631729 0.8235374 0.06798994 0.5632906 0.8234545 0.06801766 -0.5634544 -0.823332 -0.06814551 -0.5636325 -0.8232102 -0.06814336 -0.5634772 -0.8233188 -0.06811475 -0.5636267 -0.8232166 -0.0681129 -0.5634959 -0.8233079 -0.0680921 -0.5636271 -0.8232185 -0.06808912 -0.5634835 -0.8233202 -0.06804639 -0.5635945 -0.8232412 -0.06808203 -0.5636323 -0.8232174 -0.06805765 -0.5635308 -0.8232876 -0.06804913 0.9770719 0.1812518 -0.1117064 0.706869 0.70671 -0.02995455 0.7061798 0.7077578 -0.01972556 0.9538223 0.2981901 -0.03613603 0.2981456 0.9544954 -0.006908535 0.296862 0.9549134 0.003634452 -0.1790817 0.9836744 0.01773101 -0.1801804 0.9832168 0.02863329 -0.4319624 0.9014384 0.02859032 -0.5594608 0.8273011 0.05076044 -0.9592285 -0.2791754 0.04406696 -0.854299 -0.518307 0.03913128 -0.8543872 -0.5171873 0.05039656 -0.9894345 -0.1293238 0.06553483 -0.5158523 -0.8564694 0.01888746 -0.516823 -0.8555691 0.02992784 -0.0593416 -0.9982216 -0.005675435 -0.06063526 -0.9981473 0.005047798 0.5064417 -0.8537238 -0.1211308 0.4097419 -0.9120126 -0.01856881 0.7738412 -0.612773 -0.1602469 0.7864025 -0.6166949 -0.0354765 0.9707489 -0.1874615 -0.1500162 0.9828024 -0.1798627 -0.04182112 0.9770738 0.1812482 -0.1116955 0.9538139 0.2982175 -0.03613364 -0.4319465 0.9014456 0.02860003 -0.9079105 0.4184989 -0.02360814 -0.9171012 0.3978751 -0.02491581 -0.758473 0.6510137 0.02999889 -0.9090076 0.4103318 0.07302868 -0.7764605 0.6284002 0.04714429 -0.9106789 0.4095675 0.0540232 -0.7584502 0.6510397 0.03001582 -0.9592339 -0.2791562 0.0440694 -0.9968934 0.07477182 0.02475214 -0.9873062 0.1486198 0.05602246 -0.9968936 0.07476615 0.02476274 -0.3853275 -0.9218125 -0.04224324 -0.4001871 -0.91558 -0.03954327 -0.3983885 -0.9163399 -0.04009878 -0.3845946 -0.922117 -0.04227799 0.08832722 -0.07674735 0.9931306 0.1234347 -0.08930593 0.9883261 0.1234959 -0.09640014 0.9876517 0.08789104 -0.07670849 0.9931722 0.4034501 0.9140654 0.04138118 0.3905929 0.9196665 0.04062902 0.3888015 0.9204453 0.04017293 0.4034266 0.9140757 0.04138481 -0.003068208 0.06656551 -0.9977774 -0.02157551 0.06986612 -0.997323 -0.01988571 0.0676977 -0.9975077 -0.002717614 0.06652814 -0.9977809 -0.04967767 -0.9971343 -0.05705648 -0.05260771 -0.9969964 -0.0568403 -0.6600862 -0.1360729 0.7387627 -0.6588416 -0.1360175 0.7398831 -0.6622979 -0.1361364 0.7367689 -0.662308 -0.1361111 0.7367645 0.6702008 0.7420908 0.01150429 0.6688497 0.7433035 0.0118407 -0.6998173 -0.05720317 -0.7120279 -0.7140643 -0.05919647 -0.697573 -0.7088441 -0.05847668 -0.7029371 -0.6998004 -0.0572465 -0.7120409 0.02023506 -0.9978489 -0.06235563 0.02023535 -0.9978489 -0.06235551 0.1011929 -0.0174663 0.9947136 0.1532706 -0.003606975 0.9881777 0.08379387 -0.02203363 0.9962396 0.08378976 -0.02205687 0.9962393 0.7062069 0.7080021 0.002225041 0.7062159 0.7079931 0.002200603 0.03157156 0.02042508 -0.9992928 0.06081736 0.02825582 -0.997749 0.03910881 0.02247369 -0.9989823 0.03157448 0.0204575 -0.9992921 -0.4673 -0.8839117 -0.01819372 -0.4673272 -0.8838967 -0.01821678 0.332158 -0.1653143 0.9286239 0.3248478 -0.2069482 0.9228469 0.3294574 0.9438299 0.02535647 0.3294349 0.9438369 0.02539217 -0.01955008 0.06550312 -0.9976608 -0.1318707 0.07466429 -0.988451 -0.12661 0.05939728 -0.9901727 -0.1371435 0.08999747 -0.9864544 0.1259614 -0.08358722 0.9885075 0.3392356 -0.1208547 0.9329059 -0.001985311 0.06645524 -0.9977875 -0.7216309 -0.06023019 -0.6896529 -0.7216261 -0.06022131 -0.6896588 0.07557344 0.03218704 -0.9966206 0.07558637 0.03219437 -0.9966194 0.1858962 0.005199611 0.9825557 0.1858171 0.005138516 0.982571 -0.6567891 -0.1359833 0.741712 -0.6567594 -0.1359411 0.741746 0.08922719 -0.07684874 0.9930422 0.6950004 0.6776779 0.240265 0.9326391 0.2840116 0.222535 0.3019254 0.915864 0.2646402 -0.1569699 0.9440268 0.2901276 -0.57683 0.7553658 0.3109496 -0.8613736 0.3927085 0.3222044 -0.9449656 -0.06103217 0.3214268 -0.8081455 -0.5016291 0.3086571 -0.4822342 -0.8277134 0.2869511 -0.04229444 -0.9643699 0.261155 0.4105113 -0.8804296 0.2373273 0.7723401 -0.5955628 0.2208976 0.9606238 -0.175355 0.2155287 0.9326435 0.2839999 0.2225317 0.6348076 0.6012126 0.4853481 0.8471133 0.2496629 0.4691138 0.2837123 0.8142495 0.5064634 -0.1265417 0.839976 0.5276626 -0.5022585 0.6720972 0.544079 -0.7579534 0.347625 0.5519634 -0.8334612 -0.05877029 0.5494437 -0.7110981 -0.4537423 0.5370823 -0.4188943 -0.7459852 0.5177196 -0.02445781 -0.8680694 0.4958402 0.3810678 -0.7923075 0.4764831 0.7045682 -0.5368553 0.4640799 0.8724697 -0.1608757 0.4614281 0.8471287 0.2496348 0.4691008 0.08771479 -0.001213014 0.9961449 0.07985508 0.01173996 0.9967374 0.0798487 0.01173913 0.9967379 0.08772861 -0.001257538 0.9961437 0.0669232 0.01961129 0.9975655 0.06686848 0.019625 0.9975688 0.05178231 0.0206303 0.9984453 0.0517016 0.02061599 0.9984498 0.03781831 0.01449942 0.9991795 0.03774738 0.01443898 0.9991831 0.02824091 0.002521157 0.999598 0.02820533 0.00243473 0.9995992 0.02533078 -0.01261889 0.9995995 0.02533543 -0.01268714 0.9995986 0.02984797 -0.02741032 0.9991786 0.02986437 -0.02743232 0.9991775 0.04078209 -0.03835606 0.9984316 0.04076361 -0.03834468 0.9984329 0.05555158 -0.04287594 0.9975349 0.05547612 -0.0428729 0.9975392 0.07066708 -0.039954 0.9966995 0.07058119 -0.03999429 0.996704 0.08262139 -0.03035837 0.9961186 0.08256608 -0.03043699 0.9961207 0.08873689 -0.01637715 0.9959205 0.08872354 -0.0164572 0.9959204 -0.05668807 0.01150852 -0.9983257 -0.05649256 0.01130807 -0.9983391 -0.05716067 0.01179546 -0.9982953 -0.05771189 0.01183354 -0.9982632 -0.05822032 0.01160883 -0.9982363 -0.05857193 0.01117163 -0.9982208 -0.0586853 0.01061844 -0.9982201 -0.05851507 0.01007795 -0.9982357 -0.05811691 0.009676396 -0.998263 -0.05757582 0.009510934 -0.9982959 -0.05728554 0.009496152 -0.9983127 -0.05676108 0.0097391 -0.9983403 -0.05676048 0.009738683 -0.9983404 -0.05640971 0.01019686 -0.9983558 -0.05641049 0.01019906 -0.9983556 -0.05631345 0.01076102 -0.9983552 -0.05636948 0.01043015 -0.9983555 -0.05631202 0.01076024 -0.9983553 -0.05639457 0.010288 -0.9983556 0.5963418 -0.7731343 -0.215963 0.7655678 -0.6028861 -0.2245759 -0.9009321 -0.4193403 0.1116926 -0.9009386 -0.4193258 0.1116944 -0.5963395 0.7731362 0.215962 -0.7622343 0.6071141 0.2245247 -0.7655671 0.6028872 0.2245754 -0.5963401 0.7731358 0.2159622 0.9657897 -0.1621094 -0.2024128 -0.9599612 0.1907128 0.2051904 -0.9657744 0.1621902 0.2024212 0.9825816 0.06167131 -0.1753001 -0.9825816 -0.06167167 0.1752999 -0.9825814 -0.06167501 0.1753001 -0.2891542 0.9399946 0.1811081 -0.2891592 0.939993 0.1811083 -0.7786988 -0.5231788 0.3462833 -0.7786972 -0.5231766 0.3462905 0.1418944 0.01624166 0.9897485 0.1419034 0.01624351 0.9897473 0.8317626 0.5400797 -0.1283941 0.8317836 0.540018 -0.1285171 0.8320592 0.539564 -0.1286407 0.8320248 0.5396063 -0.1286852 -0.1700113 -0.03451704 -0.9848374 -0.170017 -0.03451782 -0.9848364 0.5335811 -0.8420449 -0.07906794 0.532337 -0.8421209 -0.08631372 0.5328918 -0.8419916 -0.08412271 0.538345 -0.8412516 -0.04980456 -0.5329648 0.8419468 0.08410918 -0.5323721 0.8420906 0.08639144 -0.5335755 0.8420453 0.07910102 -0.5383309 0.8412604 0.04980719 -0.5761497 -0.3103634 -0.7561257 -0.5761277 -0.31037 -0.7561398 -0.5761644 -0.3103584 -0.7561166 -0.5760309 -0.310403 -0.7562001 0.5293826 -0.843698 -0.08903771 0.5281009 -0.8443905 -0.09007847 0.515966 -0.8507817 -0.09974873 0.5159477 -0.8507914 -0.09975999 -0.5280538 0.8444144 0.09013098 -0.5294044 0.8436862 0.0890218 -0.5159668 0.8507776 0.0997793 -0.5159612 0.8507833 0.09975945 -0.1700135 -0.03451812 -0.984837 -0.1700143 -0.03451812 -0.9848369 0.5450043 -0.8384334 -1.88305e-6 0.5450034 -0.838434 -4.99154e-6 0.8315262 0.5405165 -0.1280868 0.8317703 0.5400736 -0.1283701 0.8315284 0.5405128 -0.1280878 -0.5449987 0.838437 3.44522e-6 -0.5450006 0.8384358 5.00267e-6 0.7786972 -0.5231766 0.3462905 0.7786988 -0.5231788 0.3462833 -0.1419034 0.01624351 0.9897473 -0.1418944 0.01624166 0.9897485 -0.832005 0.5396311 -0.1287096 -0.8320013 0.5396353 -0.1287154 -0.8320592 0.539564 -0.1286407 -0.8317843 0.5400099 -0.1285462 0.170017 -0.03451782 -0.9848364 0.1700113 -0.03451704 -0.9848374 -0.5335724 -0.8420458 -0.07911592 -0.5383451 -0.8412516 -0.04980462 -0.5328918 -0.8419916 -0.08412253 -0.5323548 -0.8421052 -0.08635532 0.5329648 0.8419467 0.08410936 0.5383313 0.8412602 0.04980731 0.5335756 0.8420453 0.07910102 0.5323535 0.8421066 0.08635026 0.5761497 -0.3103634 -0.7561257 0.5760309 -0.3104028 -0.7562001 0.5761644 -0.3103584 -0.7561166 0.5762059 -0.3103433 -0.7560913 -0.5293826 -0.8436981 -0.08903771 -0.5159858 -0.8507708 -0.09973937 -0.5159668 -0.8507809 -0.09975075 -0.5280603 -0.8444152 -0.09008544 0.5280538 0.8444144 0.09013086 0.5159612 0.8507832 0.09975945 0.5159667 0.8507776 0.0997793 0.5294042 0.8436862 0.08902245 0.1700143 -0.03451812 -0.9848369 0.1700135 -0.03451812 -0.984837 -0.5450034 -0.838434 -4.99154e-6 -0.5450043 -0.8384334 -1.88305e-6 -0.8316695 0.5402567 -0.1282527 -0.8315284 0.5405128 -0.1280878 -0.8317682 0.5400772 -0.1283686 -0.8315262 0.5405165 -0.1280868 -0.8318084 0.5400039 -0.1284155 0.5450006 0.8384358 5.00267e-6 0.5449987 0.838437 3.44522e-6 0 -1 6.4288e-7 0 -1 1.23087e-5 0 -1 -2.08458e-6</float_array>
          <technique_common>
            <accessor source="#Wing8_FinalDJI_0-mesh-normals-array" count="3581" stride="3">
              <param name="X" type="float"/>
              <param name="Y" type="float"/>
              <param name="Z" type="float"/>
            </accessor>
          </technique_common>
        </source>
        <source id="Wing8_FinalDJI_0-mesh-map-0">
          <float_array id="Wing8_FinalDJI_0-mesh-map-0-array" count="25728">0.6414023 0.6523563 0.6259867 0.6423267 0.6350221 0.6584483 0.6441889 0.6439624 0.6259867 0.6423267 0.6414023 0.6523563 0.642705 0.6351881 0.6259867 0.6423267 0.6441889 0.6439624 0.6372609 0.6280439 0.6259867 0.6423267 0.642705 0.6351881 0.6298312 0.6241685 0.6259867 0.6423267 0.6372609 0.6280439 0.6215354 0.6244521 0.6259867 0.6423267 0.6298312 0.6241685 0.6136114 0.6288298 0.6259867 0.6423267 0.6215354 0.6244521 0.6086626 0.6362969 0.6259867 0.6423267 0.6136114 0.6288298 0.6077933 0.6451402 0.6259867 0.6423267 0.6086626 0.6362969 0.611159 0.653333 0.6259867 0.6423267 0.6077933 0.6451402 0.6179269 0.6590002 0.6259867 0.6423267 0.611159 0.653333 0.6265484 0.6608458 0.6259867 0.6423267 0.6179269 0.6590002 0.6350221 0.6584483 0.6259867 0.6423267 0.6265484 0.6608458 0.2433814 0.05411887 0.2470034 0.0572623 0.2507691 0.04860305 0.2470034 0.0572623 0.2516751 0.05804961 0.2507691 0.04860305 0.2516751 0.05804961 0.2560547 0.0562635 0.2507691 0.04860305 0.2560547 0.0562635 0.2589808 0.0524469 0.2507691 0.04860305 0.2589808 0.0524469 0.2596935 0.04768884 0.2507691 0.04860305 0.2596935 0.04768884 0.2580183 0.04326808 0.2507691 0.04860305 0.2580183 0.04326808 0.254431 0.04030764 0.2507691 0.04860305 0.254431 0.04030764 0.2499219 0.03953635 0.2507691 0.04860305 0.2499219 0.03953635 0.2455971 0.04115533 0.2507691 0.04860305 0.2455971 0.04115533 0.2425923 0.04478913 0.2507691 0.04860305 0.2425923 0.04478913 0.2418009 0.04953074 0.2507691 0.04860305 0.2418009 0.04953074 0.2433814 0.05411887 0.2507691 0.04860305 0.901079 0.9904295 0.8934375 0.9854011 0.8976633 0.993802 0.8976633 0.993802 0.8934375 0.9854011 0.8930523 0.9948898 0.8930523 0.9948898 0.8934375 0.9854011 0.8885815 0.9933909 0.8885815 0.9933909 0.8934375 0.9854011 0.8854348 0.989768 0.8854348 0.989768 0.8934375 0.9854011 0.8844366 0.9850605 0.8844366 0.9850605 0.8934375 0.9854011 0.8858345 0.9805377 0.8858345 0.9805377 0.8934375 0.9854011 0.8892352 0.9773532 0.8892352 0.9773532 0.8934375 0.9854011 0.8936814 0.9762936 0.8936814 0.9762936 0.8934375 0.9854011 0.8981274 0.9776328 0.8981274 0.9776328 0.8934375 0.9854011 0.9012988 0.9810678 0.9012988 0.9810678 0.8934375 0.9854011 0.902422 0.985747 0.902422 0.985747 0.8934375 0.9854011 0.901079 0.9904295 0.1659908 0.3953422 0.1611241 0.390022 0.154109 0.402256 0.1611241 0.390022 0.1543605 0.3879813 0.154109 0.402256 0.1543605 0.3879813 0.1475136 0.3897725 0.154109 0.402256 0.1475136 0.3897725 0.1424376 0.3949104 0.154109 0.402256 0.1424376 0.3949104 0.1405085 0.4020074 0.154109 0.402256 0.1405085 0.4020074 0.1422411 0.4091559 0.154109 0.402256 0.1422411 0.4091559 0.147147 0.4144458 0.154109 0.402256 0.147147 0.4144458 0.1538972 0.4164706 0.154109 0.402256 0.1538972 0.4164706 0.1606896 0.4146935 0.154109 0.402256 0.1606896 0.4146935 0.1657252 0.4095857 0.154109 0.402256 0.1657252 0.4095857 0.1676697 0.4025047 0.154109 0.402256 0.1676697 0.4025047 0.1659908 0.3953422 0.154109 0.402256 0.399781 0.06427973 0.3932573 0.05794608 0.3847604 0.07334876 0.4022803 0.07304674 0.399781 0.06427973 0.3847604 0.07334876 0.4000846 0.08189427 0.4022803 0.07304674 0.3847604 0.07334876 0.3937823 0.08845031 0.4000846 0.08189427 0.3847604 0.07334876 0.3850632 0.09095501 0.3937823 0.08845031 0.3847604 0.07334876 0.3762643 0.08872866 0.3850632 0.09095501 0.3847604 0.07334876 0.3697429 0.08235645 0.3762643 0.08872866 0.3847604 0.07334876 0.3672456 0.07365119 0.3697429 0.08235645 0.3847604 0.07334876 0.3694407 0.06486374 0.3672456 0.07365119 0.3847604 0.07334876 0.3757406 0.05827051 0.3694407 0.06486374 0.3847604 0.07334876 0.3844577 0.05574142 0.3757406 0.05827051 0.3847604 0.07334876 0.3932573 0.05794608 0.3844577 0.05574142 0.3847604 0.07334876 0.9094718 0.06171578 0.8960526 0.05539518 0.9046474 0.06756848 0.9107971 0.05424088 0.8960526 0.05539518 0.9094718 0.06171578 0.8836497 0.06408244 0.8960526 0.05539518 0.880941 0.05659252 0.8897512 0.069103 0.8960526 0.05539518 0.8836497 0.06408244 0.8974638 0.07033807 0.8960526 0.05539518 0.8897512 0.069103 0.9046474 0.06756848 0.8960526 0.05539518 0.8974638 0.07033807 0.04545372 0.04005742 0.03668099 0.05200338 0.05014985 0.04602861 0.05014985 0.04602861 0.03668099 0.05200338 0.05135661 0.05332064 0.02152431 0.05068171 0.03668099 0.05200338 0.02431601 0.04302817 0.02431601 0.04302817 0.03668099 0.05200338 0.03053283 0.03790473 0.03053283 0.03790473 0.03668099 0.05200338 0.03832209 0.03697246 0.03832209 0.03697246 0.03668099 0.05200338 0.04545372 0.04005742 0.2053821 0.03655427 0.2156789 0.04719328 0.2120693 0.03278887 0.2120693 0.03278887 0.2156789 0.04719328 0.2197963 0.03278332 0.201451 0.04302042 0.2156789 0.04719328 0.2053821 0.03655427 0.2012212 0.0505625 0.2156789 0.04719328 0.201451 0.04302042 0.2197963 0.03278332 0.2156789 0.04719328 0.2265813 0.0367074 0.2048225 0.0573222 0.2156789 0.04719328 0.2012212 0.0505625 0.2265813 0.0367074 0.2156789 0.04719328 0.2304478 0.04362857 0.2111946 0.06155019 0.2156789 0.04719328 0.2048225 0.0573222 0.2304478 0.04362857 0.2156789 0.04719328 0.2302849 0.05163735 0.2302849 0.05163735 0.2156789 0.04719328 0.2259886 0.0584079 0.2189081 0.06201142 0.2156789 0.04719328 0.2111946 0.06155019 0.2259886 0.0584079 0.2156789 0.04719328 0.2189081 0.06201142 0.9083202 0.04704713 0.9026187 0.0419892 0.8960526 0.05539518 0.9107971 0.05424088 0.9083202 0.04704713 0.8960526 0.05539518 0.8824375 0.04877966 0.880941 0.05659252 0.8960526 0.05539518 0.8876699 0.04288142 0.8824375 0.04877966 0.8960526 0.05539518 0.8950829 0.04043984 0.8876699 0.04288142 0.8960526 0.05539518 0.9026187 0.0419892 0.8950829 0.04043984 0.8960526 0.05539518 0.04312729 0.06522232 0.04882878 0.06028246 0.03668099 0.05200338 0.04882878 0.06028246 0.05135661 0.05332064 0.03668099 0.05200338 0.02152431 0.05068171 0.02300202 0.0587235 0.03668099 0.05200338 0.02300202 0.0587235 0.0282365 0.06448066 0.03668099 0.05200338 0.0282365 0.06448066 0.035613 0.0668165 0.03668099 0.05200338 0.035613 0.0668165 0.04312729 0.06522232 0.03668099 0.05200338 0.6095521 0.06078916 0.6132964 0.05409055 0.5988822 0.05052715 0.6132964 0.05409055 0.6132773 0.04636514 0.5988822 0.05052715 0.6030986 0.06474041 0.6095521 0.06078916 0.5988822 0.05052715 0.5955576 0.06499344 0.6030986 0.06474041 0.5988822 0.05052715 0.6132773 0.04636514 0.6093324 0.0395928 0.5988822 0.05052715 0.5887876 0.06141477 0.5955576 0.06499344 0.5988822 0.05052715 0.6093324 0.0395928 0.6023991 0.03574836 0.5988822 0.05052715 0.5845394 0.05505782 0.5887876 0.06141477 0.5988822 0.05052715 0.6023991 0.03574836 0.5943917 0.03593409 0.5988822 0.05052715 0.5943917 0.03593409 0.587635 0.04025202 0.5988822 0.05052715 0.5840539 0.0473445 0.5845394 0.05505782 0.5988822 0.05052715 0.587635 0.04025202 0.5840539 0.0473445 0.5988822 0.05052715 0.0881139 0.08583986 0.07730507 0.08604985 0.08296823 0.1080117 0.09774529 0.09070336 0.0881139 0.08583986 0.08296823 0.1080117 0.1039925 0.0995261 0.09774529 0.09070336 0.08296823 0.1080117 0.1054249 0.1102868 0.1039925 0.0995261 0.08296823 0.1080117 0.101714 0.1205205 0.1054249 0.1102868 0.08296823 0.1080117 0.09371 0.1278825 0.101714 0.1205205 0.08296823 0.1080117 0.08324652 0.1306866 0.09371 0.1278825 0.08296823 0.1080117 0.07272052 0.1282902 0.08324652 0.1306866 0.08296823 0.1080117 0.06454366 0.1212423 0.07272052 0.1282902 0.08296823 0.1080117 0.06058883 0.1111574 0.06454366 0.1212423 0.08296823 0.1080117 0.08296823 0.1080117 0.07730507 0.08604985 0.06779503 0.09128504 0.08296823 0.1080117 0.06779503 0.09128504 0.06176221 0.1003462 0.08296823 0.1080117 0.06176221 0.1003462 0.06058883 0.1111574 0.4197146 0.07957327 0.4248602 0.101745 0.4305235 0.07978326 0.4100834 0.08443665 0.4248602 0.101745 0.4197146 0.07957327 0.4038361 0.09325951 0.4248602 0.101745 0.4100834 0.08443665 0.4024037 0.10402 0.4248602 0.101745 0.4038361 0.09325951 0.4061145 0.1142537 0.4248602 0.101745 0.4024037 0.10402 0.4141185 0.1216158 0.4248602 0.101745 0.4061145 0.1142537 0.424582 0.1244198 0.4248602 0.101745 0.4141185 0.1216158 0.4351078 0.1220235 0.4248602 0.101745 0.424582 0.1244198 0.4432847 0.1149755 0.4248602 0.101745 0.4351078 0.1220235 0.4472396 0.1048907 0.4248602 0.101745 0.4432847 0.1149755 0.4248602 0.101745 0.4400333 0.08501857 0.4305235 0.07978326 0.4248602 0.101745 0.4460662 0.09407937 0.4400333 0.08501857 0.4248602 0.101745 0.4472396 0.1048907 0.4460662 0.09407937 0.5029469 0.6800393 0.5093237 0.6861314 0.5183563 0.6700099 0.5001604 0.6716456 0.5029469 0.6800393 0.5183563 0.6700099 0.5016419 0.6628715 0.5001604 0.6716456 0.5183563 0.6700099 0.5070835 0.6557274 0.5016419 0.6628715 0.5183563 0.6700099 0.5145105 0.6518523 0.5070835 0.6557274 0.5183563 0.6700099 0.5228046 0.6521357 0.5145105 0.6518523 0.5183563 0.6700099 0.5307279 0.6565133 0.5228046 0.6521357 0.5183563 0.6700099 0.5356785 0.6639802 0.5307279 0.6565133 0.5183563 0.6700099 0.5365473 0.6728233 0.5356785 0.6639802 0.5183563 0.6700099 0.533177 0.6810161 0.5365473 0.6728233 0.5183563 0.6700099 0.5264117 0.6866831 0.533177 0.6810161 0.5183563 0.6700099 0.5177934 0.6885287 0.5264117 0.6866831 0.5183563 0.6700099 0.5093237 0.6861314 0.5177934 0.6885287 0.5183563 0.6700099 0.7728092 0.2824223 0.7741222 0.2320544 0.7636651 0.2319188 0.7728092 0.2824223 0.7636651 0.2319188 0.7623413 0.2820308 0.7623413 0.2820308 0.7636651 0.2319188 0.7533522 0.2315973 0.7623413 0.2820308 0.7533522 0.2315973 0.7519039 0.2815932 0.7519039 0.2815932 0.7533522 0.2315973 0.7430221 0.2310993 0.7519039 0.2815932 0.7430221 0.2310993 0.741488 0.2811478 0.741488 0.2811478 0.7430221 0.2310993 0.7325799 0.230505 0.741488 0.2811478 0.7325799 0.230505 0.7310848 0.28073 0.7108509 0.2821637 0.7106906 0.2292199 0.699465 0.2291598 0.7108509 0.2821637 0.699465 0.2291598 0.6998479 0.2825368 0.6998479 0.2825368 0.699465 0.2291598 0.6881312 0.229306 0.6998479 0.2825368 0.6881312 0.229306 0.688785 0.2828845 0.688785 0.2828845 0.6881312 0.229306 0.6768037 0.2296761 0.688785 0.2828845 0.6768037 0.2296761 0.6776856 0.283117 0.6776856 0.283117 0.6768037 0.2296761 0.6655854 0.2302222 0.6776856 0.283117 0.6655854 0.2302222 0.6666366 0.2831396 0.6666366 0.2831396 0.6655854 0.2302222 0.6545513 0.2308473 0.6666366 0.2831396 0.6545513 0.2308473 0.6559418 0.2828576 0.6559418 0.2828576 0.6545513 0.2308473 0.6436913 0.2314482 0.6559418 0.2828576 0.6436913 0.2314482 0.6452884 0.2831477 0.6452884 0.2831477 0.6436913 0.2314482 0.6328846 0.2318983 0.6452884 0.2831477 0.6328846 0.2318983 0.6345931 0.2839083 0.6395738 0.6247629 0.6392584 0.6241854 0.6310734 0.619933 0.6395738 0.6247629 0.6310734 0.619933 0.630747 0.6199895 0.721809 0.2298008 0.721229 0.2583037 0.7303975 0.2584229 0.721809 0.2298008 0.7303975 0.2584229 0.7325799 0.230505 0.7325799 0.230505 0.7303975 0.2584229 0.7297728 0.2785071 0.7325799 0.230505 0.7297728 0.2785071 0.7310848 0.28073 0.630747 0.6199895 0.6310734 0.619933 0.621971 0.6202443 0.630747 0.6199895 0.621971 0.6202443 0.6209023 0.6203386 0.7108509 0.2821637 0.7119827 0.279819 0.7118714 0.2586092 0.7108509 0.2821637 0.7118714 0.2586092 0.7106906 0.2292199 0.7106906 0.2292199 0.7118714 0.2586092 0.721229 0.2583037 0.7106906 0.2292199 0.721229 0.2583037 0.721809 0.2298008 0.04198879 0.4139514 0.001992046 0.4156081 0.01962071 0.5749812 0.04198879 0.4139514 0.01962071 0.5749812 0.04615694 0.5738937 0.498336 0.3907031 0.4899629 0.3873506 0.5189967 0.5614091 0.498336 0.3907031 0.5189967 0.5614091 0.5265481 0.5598305 0.6934347 0.9102495 0.7335981 0.911903 0.7383017 0.741117 0.6934347 0.9102495 0.7383017 0.741117 0.7115743 0.7400421 0.6741131 0.4305132 0.665604 0.4337541 0.6361573 0.5982352 0.6741131 0.4305132 0.6361573 0.5982352 0.6435952 0.5998159 0.04198879 0.4139514 0.03235661 0.405327 0.01007229 0.4061084 0.04198879 0.4139514 0.01007229 0.4061084 0.001992046 0.4156081 0.4987748 0.3836081 0.4887862 0.3795555 0.4899629 0.3873506 0.4987748 0.3836081 0.4899629 0.3873506 0.498336 0.3907031 0.6934347 0.9102495 0.7011445 0.9217146 0.7254619 0.9226942 0.6934347 0.9102495 0.7254619 0.9226942 0.7335981 0.911903 0.6741131 0.4305132 0.6773042 0.4172185 0.6660779 0.4208129 0.6741131 0.4305132 0.6660779 0.4208129 0.665604 0.4337541 0.03235661 0.405327 0.03354483 0.3930168 0.006657958 0.3939307 0.03235661 0.405327 0.006657958 0.3939307 0.01007229 0.4061084 0.4900413 0.3596063 0.4649071 0.3450917 0.4887862 0.3795555 0.4900413 0.3596063 0.4887862 0.3795555 0.4987748 0.3836081 0.7011445 0.9217146 0.7000933 0.9594883 0.7258614 0.959133 0.7011445 0.9217146 0.7258614 0.959133 0.7254619 0.9226942 0.6773042 0.4172185 0.6969745 0.3840577 0.674423 0.3983521 0.6773042 0.4172185 0.674423 0.3983521 0.6660779 0.4208129 0.01962071 0.5749812 0.02768856 0.5998942 0.04912692 0.5993843 0.01962071 0.5749812 0.04912692 0.5993843 0.04615694 0.5738937 0.5189967 0.5614091 0.5223931 0.5858682 0.5304591 0.5816745 0.5189967 0.5614091 0.5304591 0.5816745 0.5265481 0.5598305 0.7383017 0.741117 0.7426862 0.7157323 0.7210951 0.7147819 0.7383017 0.741117 0.7210951 0.7147819 0.7115743 0.7400421 0.6287246 0.5966574 0.621971 0.6202443 0.6310734 0.619933 0.6287246 0.5966574 0.6310734 0.619933 0.6361573 0.5982352 0.6310734 0.619933 0.6392584 0.6241854 0.6435952 0.5998159 0.6310734 0.619933 0.6435952 0.5998159 0.6361573 0.5982352 0.5304591 0.5816745 0.5395832 0.5819815 0.5340992 0.5582551 0.5304591 0.5816745 0.5340992 0.5582551 0.5265481 0.5598305 0.665604 0.4337541 0.6571056 0.4369875 0.6287246 0.5966574 0.665604 0.4337541 0.6287246 0.5966574 0.6361573 0.5982352 0.6660779 0.4208129 0.6549416 0.4244115 0.6571056 0.4369875 0.6660779 0.4208129 0.6571056 0.4369875 0.665604 0.4337541 0.674423 0.3983521 0.6520135 0.4126517 0.6549416 0.4244115 0.674423 0.3983521 0.6549416 0.4244115 0.6660779 0.4208129 0.5085281 0.387644 0.5132458 0.374127 0.4900413 0.3596063 0.5085281 0.387644 0.4900413 0.3596063 0.4987748 0.3836081 0.5067079 0.3940476 0.5085281 0.387644 0.4987748 0.3836081 0.5067079 0.3940476 0.4987748 0.3836081 0.498336 0.3907031 0.5067079 0.3940476 0.498336 0.3907031 0.5265481 0.5598305 0.5067079 0.3940476 0.5265481 0.5598305 0.5340992 0.5582551 0.7741222 0.2320544 0.7738624 0.2258819 0.7636343 0.2262868 0.7741222 0.2320544 0.7636343 0.2262868 0.7636651 0.2319188 0.7636651 0.2319188 0.7636343 0.2262868 0.7535887 0.2259841 0.7636651 0.2319188 0.7535887 0.2259841 0.7533522 0.2315973 0.7533522 0.2315973 0.7535887 0.2259841 0.7434098 0.2253825 0.7533522 0.2315973 0.7434098 0.2253825 0.7430221 0.2310993 0.7430221 0.2310993 0.7434098 0.2253825 0.7330119 0.2245843 0.7430221 0.2310993 0.7330119 0.2245843 0.7325799 0.230505 0.7325799 0.230505 0.7330119 0.2245843 0.7222227 0.2236728 0.7325799 0.230505 0.7222227 0.2236728 0.721809 0.2298008 0.721809 0.2298008 0.7222227 0.2236728 0.7110068 0.2229087 0.721809 0.2298008 0.7110068 0.2229087 0.7106906 0.2292199 0.7106906 0.2292199 0.7110068 0.2229087 0.699564 0.2226106 0.7106906 0.2292199 0.699564 0.2226106 0.699465 0.2291598 0.699465 0.2291598 0.699564 0.2226106 0.6880109 0.2226797 0.699465 0.2291598 0.6880109 0.2226797 0.6881312 0.229306 0.6881312 0.229306 0.6880109 0.2226797 0.6764886 0.2231117 0.6881312 0.229306 0.6764886 0.2231117 0.6768037 0.2296761 0.6768037 0.2296761 0.6764886 0.2231117 0.6651453 0.223848 0.6768037 0.2296761 0.6651453 0.223848 0.6655854 0.2302222 0.6655854 0.2302222 0.6651453 0.223848 0.6541008 0.224731 0.6655854 0.2302222 0.6541008 0.224731 0.6545513 0.2308473 0.6545513 0.2308473 0.6541008 0.224731 0.6434172 0.2255553 0.6545513 0.2308473 0.6434172 0.2255553 0.6436913 0.2314482 0.6436913 0.2314482 0.6434172 0.2255553 0.6328867 0.2258825 0.6436913 0.2314482 0.6328867 0.2258825 0.6328846 0.2318983 0.7738624 0.2258819 0.7730278 0.2213104 0.7635608 0.2217914 0.7738624 0.2258819 0.7635608 0.2217914 0.7636343 0.2262868 0.7636343 0.2262868 0.7635608 0.2217914 0.7537779 0.2214272 0.7636343 0.2262868 0.7537779 0.2214272 0.7535887 0.2259841 0.7535887 0.2259841 0.7537779 0.2214272 0.743724 0.220723 0.7535887 0.2259841 0.743724 0.220723 0.7434098 0.2253825 0.7434098 0.2253825 0.743724 0.220723 0.733392 0.2197542 0.7434098 0.2253825 0.733392 0.2197542 0.7330119 0.2245843 0.7330119 0.2245843 0.733392 0.2197542 0.7225949 0.218629 0.7330119 0.2245843 0.7225949 0.218629 0.7222227 0.2236728 0.7222227 0.2236728 0.7225949 0.218629 0.7112712 0.2176621 0.7222227 0.2236728 0.7112712 0.2176621 0.7110068 0.2229087 0.7110068 0.2229087 0.7112712 0.2176621 0.699654 0.2171961 0.7110068 0.2229087 0.699654 0.2171961 0.699564 0.2226106 0.699564 0.2226106 0.699654 0.2171961 0.6879289 0.2171985 0.699564 0.2226106 0.6879289 0.2171985 0.6880109 0.2226797 0.6880109 0.2226797 0.6879289 0.2171985 0.6762416 0.2176853 0.6880109 0.2226797 0.6762416 0.2176853 0.6764886 0.2231117 0.6764886 0.2231117 0.6762416 0.2176853 0.66478 0.2185928 0.6764886 0.2231117 0.66478 0.2185928 0.6651453 0.223848 0.6651453 0.223848 0.66478 0.2185928 0.6537092 0.2197107 0.6651453 0.223848 0.6537092 0.2197107 0.6541008 0.224731 0.6541008 0.224731 0.6537092 0.2197107 0.6432011 0.2208028 0.6541008 0.224731 0.6432011 0.2208028 0.6434172 0.2255553 0.6434172 0.2255553 0.6432011 0.2208028 0.6333912 0.2211936 0.6434172 0.2255553 0.6333912 0.2211936 0.6328867 0.2258825 0.1594288 0.08622264 0.1476587 0.07951301 0.1456136 0.08168792 0.1594288 0.08622264 0.1456136 0.08168792 0.1529673 0.09306263 0.1529673 0.09306263 0.1456136 0.08168792 0.1427999 0.08265995 0.1529673 0.09306263 0.1427999 0.08265995 0.1440562 0.09612184 0.1440562 0.09612184 0.1427999 0.08265995 0.1398544 0.08220571 0.1440562 0.09612184 0.1398544 0.08220571 0.1347538 0.09469681 0.1347538 0.09469681 0.1398544 0.08220571 0.1374619 0.08042907 0.1347538 0.09469681 0.1374619 0.08042907 0.1271864 0.08911103 0.1271864 0.08911103 0.1374619 0.08042907 0.1361509 0.07773739 0.1271864 0.08911103 0.1361509 0.07773739 0.1230921 0.08064281 0.1230921 0.08064281 0.1361509 0.07773739 0.1362324 0.0747469 0.1230921 0.08064281 0.1362324 0.0747469 0.1234023 0.07123333 0.1234023 0.07123333 0.1362324 0.0747469 0.1376968 0.07214277 0.1234023 0.07123333 0.1376968 0.07214277 0.1280356 0.06304228 0.1280356 0.06304228 0.1376968 0.07214277 0.1402152 0.07052296 0.1280356 0.06304228 0.1402152 0.07052296 0.1359494 0.05794763 0.1359494 0.05794763 0.1402152 0.07052296 0.1431968 0.07025754 0.1359494 0.05794763 0.1431968 0.07025754 0.1453046 0.05711525 0.1453046 0.05711525 0.1431968 0.07025754 0.1459547 0.07140678 0.1453046 0.05711525 0.1459547 0.07140678 0.1539801 0.06073349 0.1539801 0.06073349 0.1459547 0.07140678 0.1478539 0.07370799 0.1539801 0.06073349 0.1478539 0.07370799 0.1599913 0.06797051 0.1599913 0.06797051 0.1478539 0.07370799 0.1484736 0.07663351 0.1599913 0.06797051 0.1484736 0.07663351 0.1619582 0.07716846 0.1619582 0.07716846 0.1484736 0.07663351 0.1476587 0.07951301 0.1619582 0.07716846 0.1476587 0.07951301 0.1594288 0.08622264 0.6450455 0.6547036 0.6414023 0.6523563 0.6350221 0.6584483 0.6450455 0.6547036 0.6350221 0.6584483 0.6371796 0.6622048 0.6484988 0.6443675 0.6441889 0.6439624 0.6414023 0.6523563 0.6484988 0.6443675 0.6414023 0.6523563 0.6450455 0.6547036 0.6466898 0.633562 0.642705 0.6351881 0.6441889 0.6439624 0.6466898 0.633562 0.6441889 0.6439624 0.6484988 0.6443675 0.6395738 0.6247629 0.6372609 0.6280439 0.642705 0.6351881 0.6395738 0.6247629 0.642705 0.6351881 0.6466898 0.633562 0.630747 0.6199895 0.6298312 0.6241685 0.6372609 0.6280439 0.630747 0.6199895 0.6372609 0.6280439 0.6395738 0.6247629 0.6209023 0.6203386 0.6215354 0.6244521 0.6298312 0.6241685 0.6209023 0.6203386 0.6298312 0.6241685 0.630747 0.6199895 0.6107109 0.6257306 0.6136114 0.6288298 0.6215354 0.6244521 0.6107109 0.6257306 0.6215354 0.6244521 0.6209023 0.6203386 0.6046344 0.6349272 0.6086626 0.6362969 0.6136114 0.6288298 0.6046344 0.6349272 0.6136114 0.6288298 0.6107109 0.6257306 0.6035862 0.645818 0.6077933 0.6451402 0.6086626 0.6362969 0.6035862 0.645818 0.6086626 0.6362969 0.6046344 0.6349272 0.6077607 0.6559067 0.611159 0.653333 0.6077933 0.6451402 0.6077607 0.6559067 0.6077933 0.6451402 0.6035862 0.645818 0.4544492 0.07309234 0.4506436 0.07127237 0.4453747 0.07804715 0.4544492 0.07309234 0.4453747 0.07804715 0.4479115 0.08143579 0.4571414 0.06248712 0.4528063 0.06266027 0.4506436 0.07127237 0.4571414 0.06248712 0.4506436 0.07127237 0.4544492 0.07309234 0.4536898 0.05204784 0.4499737 0.05418306 0.4528063 0.06266027 0.4536898 0.05204784 0.4528063 0.06266027 0.4571414 0.06248712 0.6559418 0.2828576 0.6552668 0.3764653 0.6662362 0.3768457 0.6559418 0.2828576 0.6662362 0.3768457 0.6666366 0.2831396 0.6666366 0.2831396 0.6662362 0.3768457 0.6704709 0.3774897 0.6666366 0.2831396 0.6704709 0.3774897 0.6707215 0.283864 0.6707215 0.283864 0.6704709 0.3774897 0.6793526 0.377035 0.6707215 0.283864 0.6793526 0.377035 0.67932 0.283614 0.6452884 0.2831477 0.644353 0.3767098 0.6552668 0.3764653 0.6452884 0.2831477 0.6552668 0.3764653 0.6559418 0.2828576 0.67932 0.283614 0.6793526 0.377035 0.6881701 0.3771757 0.67932 0.283614 0.6881701 0.3771757 0.6879141 0.2839587 0.6345931 0.2839083 0.6335695 0.377633 0.644353 0.3767098 0.6345931 0.2839083 0.644353 0.3767098 0.6452884 0.2831477 0.6879141 0.2839587 0.6881701 0.3771757 0.6968671 0.3778895 0.6879141 0.2839587 0.6968671 0.3778895 0.6964728 0.2848055 0.6964728 0.2848055 0.6968671 0.3778895 0.7011069 0.3773462 0.6964728 0.2848055 0.7011069 0.3773462 0.7006886 0.284281 0.0322327 0.7227898 0.02820247 0.7618944 0.04367786 0.7628689 0.0322327 0.7227898 0.04367786 0.7628689 0.04779613 0.7246173 0.08659434 0.7304888 0.1160685 0.736598 0.1222707 0.7112517 0.08659434 0.7304888 0.1222707 0.7112517 0.09478032 0.704257 0.03636151 0.937247 0.04173064 0.9547989 0.05082261 0.9506835 0.03636151 0.937247 0.05082261 0.9506835 0.04618513 0.9344165 0.425902 0.1408185 0.4245223 0.1473466 0.4461361 0.1435961 0.425902 0.1408185 0.4461361 0.1435961 0.4464031 0.1371277 0.3375563 0.4959639 0.3291866 0.4964443 0.3295069 0.524027 0.3375563 0.4959639 0.3295069 0.524027 0.3385823 0.5240232 0.8594291 0.1944602 0.8566005 0.2308803 0.8637192 0.2297784 0.8594291 0.1944602 0.8637192 0.2297784 0.8663252 0.1924028 0.874273 0.1359617 0.8659914 0.1398494 0.8658223 0.1592999 0.874273 0.1359617 0.8658223 0.1592999 0.8746936 0.158467 0.209197 0.5621274 0.2000267 0.5629244 0.198927 0.5804533 0.209197 0.5621274 0.198927 0.5804533 0.2078585 0.5794982 0.196334 0.3805688 0.2051737 0.3809998 0.2045327 0.3443605 0.196334 0.3805688 0.2045327 0.3443605 0.1960635 0.3436299 0.4942972 0.13777 0.4942997 0.1435464 0.5036106 0.1436709 0.4942972 0.13777 0.5036106 0.1436709 0.5024545 0.1378709 0.4259543 0.1341751 0.4264168 0.1370162 0.4459306 0.1335763 0.4259543 0.1341751 0.4459306 0.1335763 0.4449407 0.1303177 0.3411638 0.4954602 0.3375563 0.4959639 0.3385823 0.5240232 0.3411638 0.4954602 0.3385823 0.5240232 0.3426745 0.5232923 0.1197121 0.8914547 0.1181817 0.8896998 0.08621591 0.901794 0.1197121 0.8914547 0.08621591 0.901794 0.08655154 0.904162 0.06753826 0.9264654 0.07066309 0.9496806 0.07968419 0.9502293 0.06753826 0.9264654 0.07968419 0.9502293 0.07582843 0.9279316 0.2154875 0.5608941 0.209197 0.5621274 0.2078585 0.5794982 0.2154875 0.5608941 0.2078585 0.5794982 0.2141609 0.5781593 0.2045327 0.3443605 0.2051737 0.3809998 0.2079026 0.3812248 0.2045327 0.3443605 0.2079026 0.3812248 0.2071183 0.3447868 0.4933564 0.1340772 0.4942972 0.13777 0.5024545 0.1378709 0.4933564 0.1340772 0.5024545 0.1378709 0.5021094 0.134267 0.3325104 0.5717577 0.3336625 0.5561328 0.3300162 0.5560845 0.3325104 0.5717577 0.3300162 0.5560845 0.3297693 0.5726395 0.3395144 0.5730733 0.3427826 0.5516228 0.3413525 0.5527594 0.3395144 0.5730733 0.3413525 0.5527594 0.3370205 0.5736349 0.09911537 0.6922037 0.1247302 0.6987749 0.1339447 0.66501 0.09911537 0.6922037 0.1339447 0.66501 0.1122572 0.6590778 0.04470747 0.6511465 0.03799164 0.6807976 0.0530951 0.6826048 0.04470747 0.6511465 0.0530951 0.6826048 0.06021004 0.6499238 0.2025105 0.281388 0.2041977 0.3062632 0.2068706 0.3068509 0.2025105 0.281388 0.2068706 0.3068509 0.2050836 0.2820123 0.1953192 0.2805956 0.1961199 0.3053292 0.2041977 0.3062632 0.1953192 0.2805956 0.2041977 0.3062632 0.2025105 0.281388 0.3291882 0.5850617 0.3350591 0.5831895 0.3370205 0.5736349 0.3291882 0.5850617 0.3370205 0.5736349 0.3293904 0.5759304 0.3370205 0.5736349 0.3350591 0.5831895 0.3380646 0.5817252 0.3370205 0.5736349 0.3380646 0.5817252 0.3395144 0.5730733 0.1339447 0.66501 0.1338279 0.6523421 0.1143539 0.6439324 0.1339447 0.66501 0.1143539 0.6439324 0.1122572 0.6590778 0.06096905 0.6440774 0.06710046 0.6222475 0.05489581 0.6209154 0.06096905 0.6440774 0.05489581 0.6209154 0.04592406 0.6438906 0.2031118 0.276134 0.202113 0.2551045 0.1995556 0.2538533 0.2031118 0.276134 0.1995556 0.2538533 0.2007226 0.275352 0.1995556 0.2538533 0.1927032 0.2527289 0.1929225 0.2753167 0.1995556 0.2538533 0.1929225 0.2753167 0.2007226 0.275352 0.3385823 0.5240232 0.3295069 0.524027 0.3305042 0.5378825 0.3385823 0.5240232 0.3305042 0.5378825 0.3339636 0.5375354 0.3287936 0.5723331 0.32855 0.5558957 0.3206338 0.554483 0.3287936 0.5723331 0.3206338 0.554483 0.323286 0.5745031 0.3325104 0.5717577 0.3297693 0.5726395 0.3293904 0.5759304 0.3325104 0.5717577 0.3293904 0.5759304 0.3370205 0.5736349 0.3413525 0.5527594 0.3336625 0.5561328 0.3325104 0.5717577 0.3413525 0.5527594 0.3325104 0.5717577 0.3370205 0.5736349 0.05742239 0.763818 0.07148391 0.7649394 0.07665336 0.7283552 0.05742239 0.763818 0.07665336 0.7283552 0.06231337 0.7263748 0.0838651 0.9075289 0.08121454 0.9054703 0.06908917 0.9140991 0.0838651 0.9075289 0.06908917 0.9140991 0.07765233 0.9157003 0.8641465 0.1729433 0.860641 0.1832897 0.8676148 0.182829 0.8641465 0.1729433 0.8676148 0.182829 0.8718622 0.1721884 0.4561954 0.1412045 0.4675697 0.1407418 0.4670665 0.134127 0.4561954 0.1412045 0.4670665 0.134127 0.456271 0.1349235 0.4648442 0.1270332 0.4556298 0.1275355 0.4555873 0.1313135 0.4648442 0.1270332 0.4555873 0.1313135 0.4641025 0.130142 0.05517858 0.7255039 0.05061298 0.7633388 0.05742239 0.763818 0.05517858 0.7255039 0.05742239 0.763818 0.06231337 0.7263748 0.07765233 0.9157003 0.06908917 0.9140991 0.06753826 0.9264654 0.07765233 0.9157003 0.06753826 0.9264654 0.07582843 0.9279316 0.8658223 0.1592999 0.8641465 0.1729433 0.8718622 0.1721884 0.8658223 0.1592999 0.8718622 0.1721884 0.8746936 0.158467 0.4670665 0.134127 0.4675697 0.1407418 0.4751804 0.1422362 0.4670665 0.134127 0.4751804 0.1422362 0.4752281 0.1359024 0.4763918 0.1320739 0.4702959 0.1299636 0.4670665 0.134127 0.4763918 0.1320739 0.4670665 0.134127 0.4752281 0.1359024 0.4556298 0.1275355 0.4449407 0.1303177 0.4459306 0.1335763 0.4556298 0.1275355 0.4459306 0.1335763 0.4555873 0.1313135 0.4464031 0.1371277 0.4461361 0.1435961 0.4561954 0.1412045 0.4464031 0.1371277 0.4561954 0.1412045 0.456271 0.1349235 0.8676148 0.182829 0.860641 0.1832897 0.8594291 0.1944602 0.8676148 0.182829 0.8594291 0.1944602 0.8663252 0.1924028 0.08655154 0.904162 0.08621591 0.901794 0.08121454 0.9054703 0.08655154 0.904162 0.08121454 0.9054703 0.0838651 0.9075289 0.07665336 0.7283552 0.07148391 0.7649394 0.08055704 0.765785 0.07665336 0.7283552 0.08055704 0.765785 0.08659434 0.7304888 0.3349459 0.5879199 0.3291953 0.5890977 0.3320252 0.5999304 0.3349459 0.5879199 0.3320252 0.5999304 0.3390748 0.598114 0.3408738 0.5857008 0.3382048 0.5867382 0.3427708 0.5971715 0.3408738 0.5857008 0.3427708 0.5971715 0.3454737 0.595524 0.1149606 0.6334444 0.1364601 0.6443483 0.1392963 0.6331661 0.1149606 0.6334444 0.1392963 0.6331661 0.1217318 0.6202327 0.05990976 0.6056985 0.05489581 0.6209154 0.06710046 0.6222475 0.05990976 0.6056985 0.06710046 0.6222475 0.07011109 0.6065192 0.1995556 0.2538533 0.202113 0.2551045 0.2041012 0.2406005 0.1995556 0.2538533 0.2041012 0.2406005 0.2015219 0.2387931 0.1927032 0.2527289 0.1995556 0.2538533 0.2015219 0.2387931 0.1927032 0.2527289 0.2015219 0.2387931 0.1947174 0.2378792 0.2141329 0.4931696 0.2022892 0.4931358 0.2011198 0.5485233 0.2141329 0.4931696 0.2011198 0.5485233 0.210574 0.5478619 0.2183738 0.4930398 0.2141329 0.4931696 0.210574 0.5478619 0.2183738 0.4930398 0.210574 0.5478619 0.2169314 0.5467206 0.04618513 0.9344165 0.03570365 0.8870119 0.02586138 0.8901943 0.04618513 0.9344165 0.02586138 0.8901943 0.03636151 0.937247 0.05828928 0.9172595 0.04908525 0.8724567 0.04165738 0.885186 0.05828928 0.9172595 0.04165738 0.885186 0.05220067 0.9316099 0.07316529 0.8611902 0.05531889 0.8628068 0.06458222 0.9084205 0.07316529 0.8611902 0.06458222 0.9084205 0.0789206 0.8998648 0.08702749 0.895076 0.08225989 0.8590021 0.07316529 0.8611902 0.08702749 0.895076 0.07316529 0.8611902 0.0789206 0.8998648 0.1107347 0.8534012 0.08225989 0.8590021 0.08702749 0.895076 0.1107347 0.8534012 0.08702749 0.895076 0.1154872 0.8848565 0.3341372 0.3218155 0.3350577 0.3592373 0.3380484 0.3595321 0.3341372 0.3218155 0.3380484 0.3595321 0.3372377 0.3233999 0.3263082 0.3591836 0.3350577 0.3592373 0.3341372 0.3218155 0.3263082 0.3591836 0.3341372 0.3218155 0.3259508 0.320387 0.4752281 0.1359024 0.4751804 0.1422362 0.4825629 0.1430534 0.4752281 0.1359024 0.4825629 0.1430534 0.4831249 0.137219 0.4831824 0.1331867 0.4763918 0.1320739 0.4752281 0.1359024 0.4831824 0.1331867 0.4752281 0.1359024 0.4831249 0.137219 0.04592406 0.6438906 0.04470747 0.6511465 0.06021004 0.6499238 0.04592406 0.6438906 0.06021004 0.6499238 0.06096905 0.6440774 0.07890462 0.6241645 0.07386761 0.6229301 0.06532573 0.6437896 0.07890462 0.6241645 0.06532573 0.6437896 0.06974583 0.6476662 0.2025105 0.281388 0.2050836 0.2820123 0.2031118 0.276134 0.2025105 0.281388 0.2031118 0.276134 0.2007226 0.275352 0.1929225 0.2753167 0.1953192 0.2805956 0.2025105 0.281388 0.1929225 0.2753167 0.2025105 0.281388 0.2007226 0.275352 0.07386761 0.6229301 0.07890462 0.6241645 0.08664572 0.607118 0.07386761 0.6229301 0.08664572 0.607118 0.08078032 0.6067824 0.2044582 0.3169289 0.1962004 0.3160212 0.1960635 0.3436299 0.2044582 0.3169289 0.1960635 0.3436299 0.2045327 0.3443605 0.2071183 0.3447868 0.2071036 0.3174862 0.2044582 0.3169289 0.2071183 0.3447868 0.2044582 0.3169289 0.2045327 0.3443605 0.04779613 0.7246173 0.0512045 0.6950661 0.03598237 0.6929859 0.04779613 0.7246173 0.03598237 0.6929859 0.0322327 0.7227898 0.3385823 0.5240232 0.3425635 0.5368502 0.3464762 0.5363305 0.3385823 0.5240232 0.3464762 0.5363305 0.3426745 0.5232923 0.3339636 0.5375354 0.3340311 0.5437781 0.3425635 0.5368502 0.3339636 0.5375354 0.3425635 0.5368502 0.3385823 0.5240232 0.3339636 0.5375354 0.3305042 0.5378825 0.3304129 0.5447811 0.3339636 0.5375354 0.3304129 0.5447811 0.3340311 0.5437781 0.3216577 0.5375054 0.329034 0.5443692 0.3293018 0.538109 0.3216577 0.5375054 0.3293018 0.538109 0.3248119 0.5263547 0.4245223 0.1473466 0.4232002 0.1557365 0.4462614 0.1522248 0.4245223 0.1473466 0.4462614 0.1522248 0.4461361 0.1435961 0.4561954 0.1412045 0.4461361 0.1435961 0.4462614 0.1522248 0.4561954 0.1412045 0.4462614 0.1522248 0.4564074 0.1509126 0.4675697 0.1407418 0.4561954 0.1412045 0.4564074 0.1509126 0.4675697 0.1407418 0.4564074 0.1509126 0.4676516 0.1503771 0.4751804 0.1422362 0.4675697 0.1407418 0.4676516 0.1503771 0.4751804 0.1422362 0.4676516 0.1503771 0.4755133 0.1514426 0.4825629 0.1430534 0.4751804 0.1422362 0.4755133 0.1514426 0.4825629 0.1430534 0.4755133 0.1514426 0.4828146 0.1526514 0.4942997 0.1435464 0.4935918 0.1529076 0.5039486 0.1526235 0.4942997 0.1435464 0.5039486 0.1526235 0.5036106 0.1436709 0.1867355 0.2520868 0.1927032 0.2527289 0.1947174 0.2378792 0.1867355 0.2520868 0.1947174 0.2378792 0.1852208 0.2373282 0.1927032 0.2527289 0.1867355 0.2520868 0.1879673 0.2752962 0.1927032 0.2527289 0.1879673 0.2752962 0.1929225 0.2753167 0.1902843 0.2804315 0.1953192 0.2805956 0.1929225 0.2753167 0.1902843 0.2804315 0.1929225 0.2753167 0.1879673 0.2752962 0.1902843 0.2804315 0.1907156 0.3050838 0.1961199 0.3053292 0.1902843 0.2804315 0.1961199 0.3053292 0.1953192 0.2805956 0.1960635 0.3436299 0.1962004 0.3160212 0.1907141 0.3157842 0.1960635 0.3436299 0.1907141 0.3157842 0.1904783 0.3434245 0.1905609 0.3804309 0.196334 0.3805688 0.1960635 0.3436299 0.1905609 0.3804309 0.1960635 0.3436299 0.1904783 0.3434245 0.2011198 0.5485233 0.2022892 0.4931358 0.1953895 0.4930831 0.2011198 0.5485233 0.1953895 0.4930831 0.1942713 0.5485781 0.2000267 0.5629244 0.1930523 0.5627074 0.191716 0.5799071 0.2000267 0.5629244 0.191716 0.5799071 0.198927 0.5804533 0.3000985 0.272463 0.3001466 0.2616332 0.294759 0.2622612 0.3000985 0.272463 0.294759 0.2622612 0.2947972 0.27289 0.8658223 0.1592999 0.8659914 0.1398494 0.8583378 0.1440984 0.8658223 0.1592999 0.8583378 0.1440984 0.8594092 0.160254 0.8545358 0.1736924 0.8641465 0.1729433 0.8658223 0.1592999 0.8545358 0.1736924 0.8658223 0.1592999 0.8594092 0.160254 0.8510142 0.1838072 0.860641 0.1832897 0.8641465 0.1729433 0.8510142 0.1838072 0.8641465 0.1729433 0.8545358 0.1736924 0.850106 0.1944659 0.8594291 0.1944602 0.860641 0.1832897 0.850106 0.1944659 0.860641 0.1832897 0.8510142 0.1838072 0.8518926 0.2312202 0.8566005 0.2308803 0.8594291 0.1944602 0.8518926 0.2312202 0.8594291 0.1944602 0.850106 0.1944659 0.3215817 0.3592566 0.3263082 0.3591836 0.3259508 0.320387 0.3215817 0.3592566 0.3259508 0.320387 0.3212651 0.3200279 0.3295069 0.524027 0.3291866 0.4964443 0.3248277 0.4965377 0.3295069 0.524027 0.3248277 0.4965377 0.3248119 0.5263547 0.3305042 0.5378825 0.3295069 0.524027 0.3248119 0.5263547 0.3305042 0.5378825 0.3248119 0.5263547 0.3293018 0.538109 0.329034 0.5443692 0.3304129 0.5447811 0.3305042 0.5378825 0.329034 0.5443692 0.3305042 0.5378825 0.3293018 0.538109 0.3297693 0.5726395 0.3300162 0.5560845 0.32855 0.5558957 0.3297693 0.5726395 0.32855 0.5558957 0.3287936 0.5723331 0.323286 0.5745031 0.3293904 0.5759304 0.3297693 0.5726395 0.323286 0.5745031 0.3297693 0.5726395 0.3287936 0.5723331 0.3224459 0.5860009 0.3291882 0.5850617 0.3293904 0.5759304 0.3224459 0.5860009 0.3293904 0.5759304 0.323286 0.5745031 0.3320252 0.5999304 0.3291953 0.5890977 0.3221443 0.5897606 0.3320252 0.5999304 0.3221443 0.5897606 0.3242384 0.6003106 0.2990441 0.5748688 0.2993528 0.5872574 0.3224459 0.5860009 0.2990441 0.5748688 0.3224459 0.5860009 0.323286 0.5745031 0.323286 0.5745031 0.3206338 0.554483 0.2986276 0.5534729 0.323286 0.5745031 0.2986276 0.5534729 0.2990441 0.5748688 0.2980819 0.5253801 0.2983201 0.5372684 0.3216577 0.5375054 0.2980819 0.5253801 0.3216577 0.5375054 0.3248119 0.5263547 0.3248119 0.5263547 0.3248277 0.4965377 0.2975162 0.4998617 0.3248119 0.5263547 0.2975162 0.4998617 0.2980819 0.5253801 0.2933863 0.3218068 0.2942466 0.3596981 0.3215817 0.3592566 0.2933863 0.3218068 0.3215817 0.3592566 0.3212651 0.3200279 0.8245119 0.2324124 0.8518926 0.2312202 0.850106 0.1944659 0.8245119 0.2324124 0.850106 0.1944659 0.8231436 0.1948851 0.8223121 0.1850799 0.8231436 0.1948851 0.850106 0.1944659 0.8223121 0.1850799 0.850106 0.1944659 0.8510142 0.1838072 0.8213651 0.1771953 0.8223121 0.1850799 0.8510142 0.1838072 0.8213651 0.1771953 0.8510142 0.1838072 0.8545358 0.1736924 0.3001466 0.2616332 0.2999842 0.2274752 0.2947153 0.2274711 0.3001466 0.2616332 0.2947153 0.2274711 0.294759 0.2622612 0.1930523 0.5627074 0.1514999 0.5623248 0.1511953 0.5799153 0.1930523 0.5627074 0.1511953 0.5799153 0.191716 0.5799071 0.1942713 0.5485781 0.1953895 0.4930831 0.1526988 0.4923371 0.1942713 0.5485781 0.1526988 0.4923371 0.151749 0.5478722 0.1552194 0.3427705 0.1545997 0.3798008 0.1905609 0.3804309 0.1552194 0.3427705 0.1905609 0.3804309 0.1904783 0.3434245 0.1904783 0.3434245 0.1907141 0.3157842 0.1556797 0.3151205 0.1904783 0.3434245 0.1556797 0.3151205 0.1552194 0.3427705 0.1558575 0.3044186 0.1907156 0.3050838 0.1902843 0.2804315 0.1558575 0.3044186 0.1902843 0.2804315 0.1562666 0.2797962 0.1563525 0.2747244 0.1562666 0.2797962 0.1902843 0.2804315 0.1563525 0.2747244 0.1902843 0.2804315 0.1879673 0.2752962 0.1879673 0.2752962 0.1867355 0.2520868 0.1567664 0.2516527 0.1879673 0.2752962 0.1567664 0.2516527 0.1563525 0.2747244 0.1567664 0.2516527 0.1867355 0.2520868 0.1852208 0.2373282 0.1567664 0.2516527 0.1852208 0.2373282 0.1570827 0.2363904 0.4935918 0.1529076 0.4920954 0.1814118 0.5041899 0.1814227 0.4935918 0.1529076 0.5041899 0.1814227 0.5039486 0.1526235 0.4755133 0.1514426 0.4758432 0.1814232 0.4829605 0.1814142 0.4755133 0.1514426 0.4829605 0.1814142 0.4828146 0.1526514 0.4676516 0.1503771 0.4684526 0.1814382 0.4758432 0.1814232 0.4676516 0.1503771 0.4758432 0.1814232 0.4755133 0.1514426 0.4564074 0.1509126 0.4561305 0.1814771 0.4684526 0.1814382 0.4564074 0.1509126 0.4684526 0.1814382 0.4676516 0.1503771 0.4462614 0.1522248 0.4453471 0.1815249 0.4561305 0.1814771 0.4462614 0.1522248 0.4561305 0.1814771 0.4564074 0.1509126 0.4232002 0.1557365 0.4237589 0.1816584 0.4453471 0.1815249 0.4232002 0.1557365 0.4453471 0.1815249 0.4462614 0.1522248 0.4724754 0.1255704 0.4702959 0.1299636 0.4763918 0.1320739 0.4724754 0.1255704 0.4763918 0.1320739 0.4782316 0.1275323 0.4434204 0.1255894 0.4449407 0.1303177 0.4556298 0.1275355 0.4434204 0.1255894 0.4556298 0.1275355 0.4555303 0.1217854 0.4235275 0.1307554 0.4259543 0.1341751 0.4449407 0.1303177 0.4235275 0.1307554 0.4449407 0.1303177 0.4434204 0.1255894 0.3444808 0.585027 0.3408738 0.5857008 0.3454737 0.595524 0.3444808 0.585027 0.3454737 0.595524 0.3471882 0.5939247 0.3406555 0.5806481 0.3446817 0.5802598 0.3480148 0.5704642 0.3406555 0.5806481 0.3480148 0.5704642 0.3419303 0.5724142 0.3480148 0.5704642 0.3521174 0.5350235 0.3464762 0.5363305 0.3480148 0.5704642 0.3464762 0.5363305 0.3419303 0.5724142 0.3426745 0.5232923 0.3464762 0.5363305 0.3521174 0.5350235 0.3426745 0.5232923 0.3521174 0.5350235 0.3485872 0.5221428 0.3469174 0.4946494 0.3411638 0.4954602 0.3426745 0.5232923 0.3469174 0.4946494 0.3426745 0.5232923 0.3485872 0.5221428 0.3372377 0.3233999 0.3380484 0.3595321 0.3438146 0.3601925 0.3372377 0.3233999 0.3438146 0.3601925 0.3424682 0.3229831 0.1181817 0.8896998 0.1154872 0.8848565 0.08702749 0.895076 0.1181817 0.8896998 0.08702749 0.895076 0.08621591 0.901794 0.08121454 0.9054703 0.08621591 0.901794 0.08702749 0.895076 0.08121454 0.9054703 0.08702749 0.895076 0.0789206 0.8998648 0.06908917 0.9140991 0.08121454 0.9054703 0.0789206 0.8998648 0.06908917 0.9140991 0.0789206 0.8998648 0.06458222 0.9084205 0.06278246 0.9271393 0.06458222 0.9084205 0.05828928 0.9172595 0.06278246 0.9271393 0.05828928 0.9172595 0.05220067 0.9316099 0.05220067 0.9316099 0.05624443 0.9493731 0.06576192 0.9490361 0.05220067 0.9316099 0.06576192 0.9490361 0.06278246 0.9271393 0.2946325 0.3019579 0.2948063 0.2924699 0.2869945 0.2927373 0.2946325 0.3019579 0.2869945 0.2927373 0.2847402 0.3013613 0.2195622 0.5717779 0.2154875 0.5608941 0.2141609 0.5781593 0.2195622 0.5717779 0.2141609 0.5781593 0.2187024 0.5820562 0.2366997 0.5001021 0.2183738 0.4930398 0.2169314 0.5467206 0.2366997 0.5001021 0.2169314 0.5467206 0.2329345 0.5469537 0.2071183 0.3447868 0.2079026 0.3812248 0.2137197 0.3812404 0.2071183 0.3447868 0.2137197 0.3812404 0.212502 0.3448092 0.2125875 0.3174818 0.2071036 0.3174862 0.2071183 0.3447868 0.2125875 0.3174818 0.2071183 0.3447868 0.212502 0.3448092 0.2068706 0.3068509 0.2124401 0.3065695 0.2106306 0.2815671 0.2068706 0.3068509 0.2106306 0.2815671 0.2050836 0.2820123 0.2031118 0.276134 0.2050836 0.2820123 0.2106306 0.2815671 0.2031118 0.276134 0.2106306 0.2815671 0.2079872 0.2749654 0.2079872 0.2749654 0.2062433 0.2540729 0.202113 0.2551045 0.2079872 0.2749654 0.202113 0.2551045 0.2031118 0.276134 0.202113 0.2551045 0.2062433 0.2540729 0.2067595 0.2421109 0.202113 0.2551045 0.2067595 0.2421109 0.2041012 0.2406005 0.4934883 0.1287144 0.4933564 0.1340772 0.5021094 0.134267 0.4934883 0.1287144 0.5021094 0.134267 0.5028432 0.1296431 0.4782316 0.1275323 0.4763918 0.1320739 0.4831824 0.1331867 0.4782316 0.1275323 0.4831824 0.1331867 0.4836062 0.1283049 0.8249939 0.2472248 0.8513278 0.2463628 0.8518926 0.2312202 0.8249939 0.2472248 0.8518926 0.2312202 0.8245119 0.2324124 0.8513278 0.2463628 0.8563533 0.2456818 0.8566005 0.2308803 0.8513278 0.2463628 0.8566005 0.2308803 0.8518926 0.2312202 0.8637192 0.2297784 0.8566005 0.2308803 0.8563533 0.2456818 0.8637192 0.2297784 0.8563533 0.2456818 0.8639218 0.2448076 0.1281852 0.8876181 0.1271041 0.8860126 0.1181817 0.8896998 0.1281852 0.8876181 0.1181817 0.8896998 0.1197121 0.8914547 0.1263091 0.8813131 0.1154872 0.8848565 0.1181817 0.8896998 0.1263091 0.8813131 0.1181817 0.8896998 0.1271041 0.8860126 0.1263091 0.8813131 0.1221693 0.8521041 0.1107347 0.8534012 0.1263091 0.8813131 0.1107347 0.8534012 0.1154872 0.8848565 0.1222707 0.7112517 0.1160685 0.736598 0.1284722 0.7391656 0.1222707 0.7112517 0.1284722 0.7391656 0.1344355 0.7144631 0.1344355 0.7144631 0.1373401 0.7027832 0.1247302 0.6987749 0.1344355 0.7144631 0.1247302 0.6987749 0.1222707 0.7112517 0.1247302 0.6987749 0.1373401 0.7027832 0.1456142 0.6687408 0.1247302 0.6987749 0.1456142 0.6687408 0.1339447 0.66501 0.1456142 0.6687408 0.1477385 0.6587978 0.1338279 0.6523421 0.1456142 0.6687408 0.1338279 0.6523421 0.1339447 0.66501 0.1364601 0.6443483 0.1478306 0.6528509 0.1463191 0.6398056 0.1364601 0.6443483 0.1463191 0.6398056 0.1392963 0.6331661 0.4139612 0.1343646 0.4259543 0.1341751 0.4235275 0.1307554 0.4139612 0.1343646 0.4235275 0.1307554 0.4146381 0.1321232 0.4128133 0.1374809 0.4264168 0.1370162 0.4259543 0.1341751 0.4128133 0.1374809 0.4259543 0.1341751 0.4139612 0.1343646 0.4117273 0.1417645 0.4092032 0.1490216 0.4245223 0.1473466 0.4117273 0.1417645 0.4245223 0.1473466 0.425902 0.1408185 0.4085401 0.156934 0.4232002 0.1557365 0.4245223 0.1473466 0.4085401 0.156934 0.4245223 0.1473466 0.4092032 0.1490216 0.4082634 0.1817882 0.4237589 0.1816584 0.4232002 0.1557365 0.4082634 0.1817882 0.4232002 0.1557365 0.4085401 0.156934 0.3242384 0.6003106 0.3221443 0.5897606 0.299435 0.5903068 0.3242384 0.6003106 0.299435 0.5903068 0.2998095 0.60127 0.5147002 0.1523693 0.5167397 0.1814535 0.5260399 0.1814891 0.5147002 0.1523693 0.5260399 0.1814891 0.5255863 0.1531377 0.5132356 0.1438013 0.5147002 0.1523693 0.5255863 0.1531377 0.5132356 0.1438013 0.5255863 0.1531377 0.5246121 0.1433911 0.5132356 0.1438013 0.5246121 0.1433911 0.5225405 0.1359292 0.5132356 0.1438013 0.5225405 0.1359292 0.5108084 0.1379796 0.5109685 0.1345177 0.5108084 0.1379796 0.5225405 0.1359292 0.5109685 0.1345177 0.5225405 0.1359292 0.5212 0.1328476 0.5122829 0.1305488 0.5109685 0.1345177 0.5212 0.1328476 0.5122829 0.1305488 0.5212 0.1328476 0.5194191 0.1298416 0.03357893 0.6197761 0.04203546 0.6198046 0.0492143 0.604923 0.03357893 0.6197761 0.0492143 0.604923 0.04150551 0.6059553 0.04203546 0.6198046 0.03357893 0.6197761 0.02364194 0.6428963 0.04203546 0.6198046 0.02364194 0.6428963 0.02976548 0.6435616 0.02174228 0.6511435 0.02813315 0.6509946 0.02976548 0.6435616 0.02174228 0.6511435 0.02976548 0.6435616 0.02364194 0.6428963 0.02174228 0.6511435 0.0158118 0.6777989 0.02205485 0.6787396 0.02174228 0.6511435 0.02205485 0.6787396 0.02813315 0.6509946 0.01606976 0.7209667 0.0199691 0.6908118 0.013668 0.6899896 0.01606976 0.7209667 0.013668 0.6899896 0.009793043 0.7202633 0.009793043 0.7202633 0.005756318 0.7603539 0.01206272 0.7608665 0.009793043 0.7202633 0.01206272 0.7608665 0.01606976 0.7209667 0.02112632 0.9420799 0.01057541 0.8943017 0.004934787 0.8961353 0.02112632 0.9420799 0.004934787 0.8961353 0.01578676 0.9452055 0.02145236 0.9648688 0.02713739 0.9624549 0.02112632 0.9420799 0.02145236 0.9648688 0.02112632 0.9420799 0.01578676 0.9452055 0.3192766 0.2919009 0.3134961 0.2921203 0.3106054 0.3023753 0.3192766 0.2919009 0.3106054 0.3023753 0.3151394 0.3023762 0.3227754 0.2815415 0.3182929 0.2805867 0.3171681 0.2863821 0.3227754 0.2815415 0.3171681 0.2863821 0.320855 0.2878825 0.3227754 0.2815415 0.3249975 0.2739179 0.3179738 0.2735683 0.3227754 0.2815415 0.3179738 0.2735683 0.3182929 0.2805867 0.3254123 0.2639189 0.3179874 0.2627853 0.3179738 0.2735683 0.3254123 0.2639189 0.3179738 0.2735683 0.3249975 0.2739179 0.3253584 0.2274398 0.3177204 0.2274612 0.3179874 0.2627853 0.3253584 0.2274398 0.3179874 0.2627853 0.3254123 0.2639189 0.2857433 0.2640962 0.2843586 0.2274423 0.2773972 0.2274143 0.2857433 0.2640962 0.2773972 0.2274143 0.2776352 0.2647296 0.2859071 0.2731656 0.2857433 0.2640962 0.2776352 0.2647296 0.2859071 0.2731656 0.2776352 0.2647296 0.2781698 0.2737648 0.2859879 0.2801659 0.2859071 0.2731656 0.2781698 0.2737648 0.2859879 0.2801659 0.2781698 0.2737648 0.2789 0.2813517 0.2864282 0.2861356 0.2859879 0.2801659 0.2789 0.2813517 0.2864282 0.2861356 0.2789 0.2813517 0.2796797 0.2869614 0.2847402 0.3013613 0.2869945 0.2927373 0.2804401 0.2928118 0.2847402 0.3013613 0.2804401 0.2928118 0.2806351 0.3001405 0.05082261 0.9506835 0.05624443 0.9493731 0.05220067 0.9316099 0.05082261 0.9506835 0.05220067 0.9316099 0.04618513 0.9344165 0.05220067 0.9316099 0.04165738 0.885186 0.03570365 0.8870119 0.05220067 0.9316099 0.03570365 0.8870119 0.04618513 0.9344165 0.04779613 0.7246173 0.04367786 0.7628689 0.05061298 0.7633388 0.04779613 0.7246173 0.05061298 0.7633388 0.05517858 0.7255039 0.05857878 0.6958925 0.0512045 0.6950661 0.04779613 0.7246173 0.05857878 0.6958925 0.04779613 0.7246173 0.05517858 0.7255039 0.0530951 0.6826048 0.06072497 0.6830409 0.06974583 0.6476662 0.0530951 0.6826048 0.06974583 0.6476662 0.06021004 0.6499238 0.06096905 0.6440774 0.06021004 0.6499238 0.06974583 0.6476662 0.06096905 0.6440774 0.06974583 0.6476662 0.06532573 0.6437896 0.06532573 0.6437896 0.07386761 0.6229301 0.06710046 0.6222475 0.06532573 0.6437896 0.06710046 0.6222475 0.06096905 0.6440774 0.06710046 0.6222475 0.07386761 0.6229301 0.08078032 0.6067824 0.06710046 0.6222475 0.08078032 0.6067824 0.07011109 0.6065192 0.4831824 0.1331867 0.4933564 0.1340772 0.4934883 0.1287144 0.4831824 0.1331867 0.4934883 0.1287144 0.4836062 0.1283049 0.4831249 0.137219 0.4942972 0.13777 0.4933564 0.1340772 0.4831249 0.137219 0.4933564 0.1340772 0.4831824 0.1331867 0.4831249 0.137219 0.4825629 0.1430534 0.4942997 0.1435464 0.4831249 0.137219 0.4942997 0.1435464 0.4942972 0.13777 0.4828146 0.1526514 0.4935918 0.1529076 0.4942997 0.1435464 0.4828146 0.1526514 0.4942997 0.1435464 0.4825629 0.1430534 0.4829605 0.1814142 0.4920954 0.1814118 0.4935918 0.1529076 0.4829605 0.1814142 0.4935918 0.1529076 0.4828146 0.1526514 0.3215817 0.3592566 0.2942466 0.3596981 0.2945304 0.3720525 0.3215817 0.3592566 0.2945304 0.3720525 0.3218465 0.3714274 0.3263082 0.3591836 0.3215817 0.3592566 0.3218465 0.3714274 0.3263082 0.3591836 0.3218465 0.3714274 0.326586 0.3713451 0.3263082 0.3591836 0.326586 0.3713451 0.3353367 0.3713541 0.3263082 0.3591836 0.3353367 0.3713541 0.3350577 0.3592373 0.3380484 0.3595321 0.3350577 0.3592373 0.3353367 0.3713541 0.3380484 0.3595321 0.3353367 0.3713541 0.3383185 0.3715939 0.3438146 0.3601925 0.3380484 0.3595321 0.3383185 0.3715939 0.3438146 0.3601925 0.3383185 0.3715939 0.3440206 0.3721592 0.1211613 0.8427726 0.109715 0.8435028 0.1107347 0.8534012 0.1211613 0.8427726 0.1107347 0.8534012 0.1221693 0.8521041 0.08225989 0.8590021 0.1107347 0.8534012 0.109715 0.8435028 0.08225989 0.8590021 0.109715 0.8435028 0.08069044 0.8473564 0.08069044 0.8473564 0.07198035 0.8488752 0.07316529 0.8611902 0.08069044 0.8473564 0.07316529 0.8611902 0.08225989 0.8590021 0.07198035 0.8488752 0.0540688 0.8510143 0.05531889 0.8628068 0.07198035 0.8488752 0.05531889 0.8628068 0.07316529 0.8611902 0.04165738 0.885186 0.04908525 0.8724567 0.04833483 0.8651197 0.04165738 0.885186 0.04833483 0.8651197 0.0409643 0.8746508 0.0409643 0.8746508 0.03520089 0.8768832 0.03570365 0.8870119 0.0409643 0.8746508 0.03570365 0.8870119 0.04165738 0.885186 0.03213983 0.8772857 0.02413398 0.8767166 0.02423858 0.8834013 0.03213983 0.8772857 0.02423858 0.8834013 0.03142851 0.8835326 0.004934787 0.8961353 0.01057541 0.8943017 0.009435236 0.8700979 0.004934787 0.8961353 0.009435236 0.8700979 0.003847241 0.8695486 0.2358525 0.4750626 0.217345 0.4675496 0.2183738 0.4930398 0.2358525 0.4750626 0.2183738 0.4930398 0.2366997 0.5001021 0.2141329 0.4931696 0.2183738 0.4930398 0.217345 0.4675496 0.2141329 0.4931696 0.217345 0.4675496 0.2137708 0.4675024 0.2137708 0.4675024 0.2022296 0.4672455 0.2022892 0.4931358 0.2137708 0.4675024 0.2022892 0.4931358 0.2141329 0.4931696 0.1953895 0.4930831 0.2022892 0.4931358 0.2022296 0.4672455 0.1953895 0.4930831 0.2022296 0.4672455 0.1954783 0.4671567 0.1954783 0.4671567 0.1531213 0.4674913 0.1526988 0.4923371 0.1954783 0.4671567 0.1526988 0.4923371 0.1953895 0.4930831 0.1899975 0.4382299 0.1536363 0.4371488 0.1534593 0.447604 0.1899975 0.4382299 0.1534593 0.447604 0.1911472 0.4501693 0.1911472 0.4501693 0.1973547 0.4502598 0.1959403 0.438325 0.1911472 0.4501693 0.1959403 0.438325 0.1899975 0.4382299 0.1959403 0.438325 0.1973547 0.4502598 0.2071622 0.4503753 0.1959403 0.438325 0.2071622 0.4503753 0.2051794 0.4384509 0.2071622 0.4503753 0.2108694 0.450806 0.2080688 0.438456 0.2071622 0.4503753 0.2080688 0.438456 0.2051794 0.4384509 0.2143666 0.4386729 0.2080688 0.438456 0.2108694 0.450806 0.2143666 0.4386729 0.2108694 0.450806 0.2181079 0.4503951 0.002220213 0.8383716 0.007848441 0.8396775 0.008015632 0.8254085 0.002220213 0.8383716 0.008015632 0.8254085 0.001991987 0.8251344 0.04324972 0.8338825 0.0255137 0.8326908 0.02461898 0.8439705 0.04324972 0.8338825 0.02461898 0.8439705 0.03798431 0.8449273 0.049537 0.8223347 0.04371458 0.8227761 0.04297846 0.8355779 0.049537 0.8223347 0.04297846 0.8355779 0.04852509 0.8362316 0.04852509 0.8362316 0.05494278 0.8346938 0.0560373 0.821446 0.04852509 0.8362316 0.0560373 0.821446 0.049537 0.8223347 0.06985509 0.8219218 0.0560373 0.821446 0.05494278 0.8346938 0.06985509 0.8219218 0.05494278 0.8346938 0.07030332 0.832929 0.07794153 0.8201601 0.06985509 0.8219218 0.07030332 0.832929 0.07794153 0.8201601 0.07030332 0.832929 0.07889568 0.8318538 0.07889568 0.8318538 0.1085484 0.8292922 0.1081371 0.8181765 0.07889568 0.8318538 0.1081371 0.8181765 0.07794153 0.8201601 0.1197139 0.8179022 0.1081371 0.8181765 0.1085484 0.8292922 0.1197139 0.8179022 0.1085484 0.8292922 0.120059 0.8288789 0.3449806 0.3894302 0.3393129 0.3891115 0.3395215 0.4030981 0.3449806 0.3894302 0.3395215 0.4030981 0.3451466 0.4029473 0.3365476 0.4031451 0.3395215 0.4030981 0.3393129 0.3891115 0.3365476 0.4031451 0.3393129 0.3891115 0.3363602 0.388993 0.3363602 0.388993 0.3274968 0.389077 0.3277994 0.4033251 0.3363602 0.388993 0.3277994 0.4033251 0.3365476 0.4031451 0.3230139 0.4034538 0.3277994 0.4033251 0.3274968 0.389077 0.3230139 0.4034538 0.3274968 0.389077 0.3227133 0.3891781 0.3227133 0.3891781 0.2949424 0.3898651 0.295275 0.4041435 0.3227133 0.3891781 0.295275 0.4041435 0.3230139 0.4034538 0.1911472 0.4501693 0.1534593 0.447604 0.1531213 0.4674913 0.1911472 0.4501693 0.1531213 0.4674913 0.1954783 0.4671567 0.2022296 0.4672455 0.1973547 0.4502598 0.1911472 0.4501693 0.2022296 0.4672455 0.1911472 0.4501693 0.1954783 0.4671567 0.1973547 0.4502598 0.2022296 0.4672455 0.2137708 0.4675024 0.1973547 0.4502598 0.2137708 0.4675024 0.2071622 0.4503753 0.217345 0.4675496 0.2108694 0.450806 0.2071622 0.4503753 0.217345 0.4675496 0.2071622 0.4503753 0.2137708 0.4675024 0.2181079 0.4503951 0.2108694 0.450806 0.217345 0.4675496 0.2181079 0.4503951 0.217345 0.4675496 0.2358525 0.4750626 0.003847241 0.8695486 0.009435236 0.8700979 0.007848441 0.8396775 0.003847241 0.8695486 0.007848441 0.8396775 0.002220213 0.8383716 0.03798431 0.8449273 0.02461898 0.8439705 0.02330398 0.8644452 0.03798431 0.8449273 0.02330398 0.8644452 0.0341261 0.8650577 0.04852509 0.8362316 0.04297846 0.8355779 0.03469288 0.861873 0.04852509 0.8362316 0.03469288 0.861873 0.04007005 0.8619744 0.04007005 0.8619744 0.0540688 0.8510143 0.05494278 0.8346938 0.04007005 0.8619744 0.05494278 0.8346938 0.04852509 0.8362316 0.07030332 0.832929 0.05494278 0.8346938 0.0540688 0.8510143 0.07030332 0.832929 0.0540688 0.8510143 0.07198035 0.8488752 0.07889568 0.8318538 0.07030332 0.832929 0.07198035 0.8488752 0.07889568 0.8318538 0.07198035 0.8488752 0.08069044 0.8473564 0.109715 0.8435028 0.1085484 0.8292922 0.07889568 0.8318538 0.109715 0.8435028 0.07889568 0.8318538 0.08069044 0.8473564 0.120059 0.8288789 0.1085484 0.8292922 0.109715 0.8435028 0.120059 0.8288789 0.109715 0.8435028 0.1211613 0.8427726 0.3440206 0.3721592 0.3383185 0.3715939 0.3393129 0.3891115 0.3440206 0.3721592 0.3393129 0.3891115 0.3449806 0.3894302 0.3363602 0.388993 0.3393129 0.3891115 0.3383185 0.3715939 0.3363602 0.388993 0.3383185 0.3715939 0.3353367 0.3713541 0.3353367 0.3713541 0.326586 0.3713451 0.3274968 0.389077 0.3353367 0.3713541 0.3274968 0.389077 0.3363602 0.388993 0.3227133 0.3891781 0.3274968 0.389077 0.326586 0.3713451 0.3227133 0.3891781 0.326586 0.3713451 0.3218465 0.3714274 0.3218465 0.3714274 0.2945304 0.3720525 0.2949424 0.3898651 0.3218465 0.3714274 0.2949424 0.3898651 0.3227133 0.3891781 0.1906235 0.5948774 0.1509275 0.595223 0.1507793 0.6040551 0.1906235 0.5948774 0.1507793 0.6040551 0.1875712 0.6043553 0.1982315 0.595709 0.1906235 0.5948774 0.1875712 0.6043553 0.1982315 0.595709 0.1875712 0.6043553 0.1985684 0.6045458 0.1982315 0.595709 0.1985684 0.6045458 0.2073153 0.6036456 0.1982315 0.595709 0.2073153 0.6036456 0.2071524 0.5946225 0.2136045 0.5931974 0.2071524 0.5946225 0.2073153 0.6036456 0.2136045 0.5931974 0.2073153 0.6036456 0.2144167 0.6012129 0.218488 0.5988839 0.2181916 0.5910366 0.2136045 0.5931974 0.218488 0.5988839 0.2136045 0.5931974 0.2144167 0.6012129 0.04841095 0.9936102 0.0420053 0.9880453 0.03789651 0.9927687 0.04841095 0.9936102 0.03789651 0.9927687 0.04487919 0.9979331 0.06157338 0.9766263 0.05892491 0.9722398 0.05263239 0.9769415 0.06157338 0.9766263 0.05263239 0.9769415 0.05665552 0.9818956 0.06288272 0.9746514 0.06183093 0.9707593 0.05892491 0.9722398 0.06288272 0.9746514 0.05892491 0.9722398 0.06157338 0.9766263 0.06782507 0.9758547 0.06803852 0.9694659 0.06183093 0.9707593 0.06782507 0.9758547 0.06183093 0.9707593 0.06288272 0.9746514 0.07921683 0.9716557 0.07203775 0.969599 0.07209622 0.9770343 0.07921683 0.9716557 0.07209622 0.9770343 0.07597082 0.9780809 0.07597082 0.9780809 0.08088231 0.9790954 0.08300769 0.9733611 0.07597082 0.9780809 0.08300769 0.9733611 0.07921683 0.9716557 0.08803451 0.9749675 0.08300769 0.9733611 0.08088231 0.9790954 0.08803451 0.9749675 0.08088231 0.9790954 0.08635449 0.9799849 0.1084403 0.9761479 0.08803451 0.9749675 0.08635449 0.9799849 0.1084403 0.9761479 0.08635449 0.9799849 0.1082612 0.9808897 0.320855 0.2878825 0.3171681 0.2863821 0.3134961 0.2921203 0.320855 0.2878825 0.3134961 0.2921203 0.3192766 0.2919009 0.2804401 0.2928118 0.2869945 0.2927373 0.2864282 0.2861356 0.2804401 0.2928118 0.2864282 0.2861356 0.2796797 0.2869614 0.07203775 0.969599 0.06803852 0.9694659 0.06782507 0.9758547 0.07203775 0.969599 0.06782507 0.9758547 0.07209622 0.9770343 0.06278246 0.9271393 0.06576192 0.9490361 0.07066309 0.9496806 0.06278246 0.9271393 0.07066309 0.9496806 0.06753826 0.9264654 0.06753826 0.9264654 0.06908917 0.9140991 0.06458222 0.9084205 0.06753826 0.9264654 0.06458222 0.9084205 0.06278246 0.9271393 0.06458222 0.9084205 0.05531889 0.8628068 0.04908525 0.8724567 0.06458222 0.9084205 0.04908525 0.8724567 0.05828928 0.9172595 0.0409643 0.8746508 0.04833483 0.8651197 0.0540688 0.8510143 0.0409643 0.8746508 0.0540688 0.8510143 0.04007005 0.8619744 0.0540688 0.8510143 0.04833483 0.8651197 0.04908525 0.8724567 0.0540688 0.8510143 0.04908525 0.8724567 0.05531889 0.8628068 0.03469288 0.861873 0.03520089 0.8768832 0.0409643 0.8746508 0.03469288 0.861873 0.0409643 0.8746508 0.04007005 0.8619744 0.0118969 0.8646068 0.01267278 0.8859456 0.01640164 0.8847881 0.0118969 0.8646068 0.01640164 0.8847881 0.01558685 0.8770341 0.02330398 0.8644452 0.02413398 0.8767166 0.03213983 0.8772857 0.02330398 0.8644452 0.03213983 0.8772857 0.0341261 0.8650577 0.01572072 0.893482 0.01057541 0.8943017 0.02112632 0.9420799 0.01572072 0.893482 0.02112632 0.9420799 0.02605062 0.9402262 0.02713739 0.9624549 0.03217357 0.9601755 0.02605062 0.9402262 0.02713739 0.9624549 0.02605062 0.9402262 0.02112632 0.9420799 0.0512675 0.9890399 0.0454778 0.9836325 0.0420053 0.9880453 0.0512675 0.9890399 0.0420053 0.9880453 0.04841095 0.9936102 0.3106054 0.3023753 0.3134961 0.2921203 0.3065472 0.2934885 0.3106054 0.3023753 0.3065472 0.2934885 0.3051846 0.3023827 0.3179738 0.2735683 0.3179874 0.2627853 0.3062953 0.2613481 0.3179738 0.2735683 0.3062953 0.2613481 0.3063247 0.2725454 0.3179874 0.2627853 0.3177204 0.2274612 0.3068938 0.227475 0.3179874 0.2627853 0.3068938 0.227475 0.3062953 0.2613481 0.07890462 0.6241645 0.08575683 0.6266307 0.09285205 0.6085087 0.07890462 0.6241645 0.09285205 0.6085087 0.08664572 0.607118 0.1024303 0.6313346 0.1149606 0.6334444 0.1217318 0.6202327 0.1024303 0.6313346 0.1217318 0.6202327 0.1093474 0.6161206 0.08575683 0.6266307 0.07890462 0.6241645 0.06974583 0.6476662 0.08575683 0.6266307 0.06974583 0.6476662 0.07709318 0.647699 0.1024303 0.6313346 0.09336757 0.6301386 0.08573871 0.6483606 0.1024303 0.6313346 0.08573871 0.6483606 0.09136718 0.6526557 0.1122572 0.6590778 0.1143539 0.6439324 0.1068257 0.6408093 0.1122572 0.6590778 0.1068257 0.6408093 0.09962707 0.6557816 0.07709318 0.647699 0.06974583 0.6476662 0.06072497 0.6830409 0.07709318 0.647699 0.06072497 0.6830409 0.06867778 0.6840482 0.09136718 0.6526557 0.08573871 0.6483606 0.07503974 0.6849032 0.09136718 0.6526557 0.07503974 0.6849032 0.08212751 0.687119 0.09911537 0.6922037 0.1122572 0.6590778 0.09962707 0.6557816 0.09911537 0.6922037 0.09962707 0.6557816 0.08809399 0.6893277 0.06658571 0.6968582 0.05857878 0.6958925 0.05517858 0.7255039 0.06658571 0.6968582 0.05517858 0.7255039 0.06231337 0.7263748 0.07965189 0.699051 0.07315897 0.6974223 0.07248377 0.7162041 0.07965189 0.699051 0.07248377 0.7162041 0.07658195 0.7193341 0.09478032 0.704257 0.08437502 0.7007872 0.07665336 0.7283552 0.09478032 0.704257 0.07665336 0.7283552 0.08659434 0.7304888 0.09336757 0.6301386 0.08575683 0.6266307 0.07709318 0.647699 0.09336757 0.6301386 0.07709318 0.647699 0.08573871 0.6483606 0.1024303 0.6313346 0.09136718 0.6526557 0.09962707 0.6557816 0.1024303 0.6313346 0.09962707 0.6557816 0.1068257 0.6408093 0.08573871 0.6483606 0.07709318 0.647699 0.06867778 0.6840482 0.08573871 0.6483606 0.06867778 0.6840482 0.07503974 0.6849032 0.09136718 0.6526557 0.08212751 0.687119 0.08809399 0.6893277 0.09136718 0.6526557 0.08809399 0.6893277 0.09962707 0.6557816 0.07315897 0.6974223 0.06658571 0.6968582 0.06231337 0.7263748 0.07315897 0.6974223 0.06231337 0.7263748 0.07248377 0.7162041 0.06231337 0.7263748 0.07665336 0.7283552 0.07658195 0.7193341 0.06231337 0.7263748 0.07658195 0.7193341 0.07248377 0.7162041 0.07665336 0.7283552 0.08437502 0.7007872 0.07965189 0.699051 0.07665336 0.7283552 0.07965189 0.699051 0.07658195 0.7193341 0.2282974 0.5874158 0.2181916 0.5910366 0.218488 0.5988839 0.2282974 0.5874158 0.218488 0.5988839 0.2280029 0.5939785 0.2295728 0.5707347 0.2195622 0.5717779 0.2187024 0.5820562 0.2295728 0.5707347 0.2187024 0.5820562 0.2287617 0.5796536 0.03106033 0.9842728 0.03601908 0.9804586 0.03062385 0.9707904 0.03106033 0.9842728 0.03062385 0.9707904 0.02514272 0.9738796 0.03601908 0.9804586 0.04029393 0.9767446 0.03543865 0.9678655 0.03601908 0.9804586 0.03543865 0.9678655 0.03062385 0.9707904 0.05307626 0.9576726 0.04483437 0.9627998 0.04871189 0.9708502 0.05307626 0.9576726 0.04871189 0.9708502 0.05630034 0.966522 0.05630034 0.966522 0.06006181 0.9643033 0.05794924 0.9562621 0.05630034 0.966522 0.05794924 0.9562621 0.05307626 0.9576726 0.06664699 0.9553566 0.05794924 0.9562621 0.06006181 0.9643033 0.06664699 0.9553566 0.06006181 0.9643033 0.06753456 0.9626647 0.07137727 0.9557691 0.06664699 0.9553566 0.06753456 0.9626647 0.07137727 0.9557691 0.06753456 0.9626647 0.07192307 0.9628815 0.08018463 0.9569685 0.07137727 0.9557691 0.07192307 0.9628815 0.08018463 0.9569685 0.07192307 0.9628815 0.08003765 0.9649521 0.8750962 0.1155046 0.8661939 0.1153482 0.8662365 0.1286187 0.8750962 0.1155046 0.8662365 0.1286187 0.8749396 0.1272523 0.8568889 0.1297636 0.8662365 0.1286187 0.8661939 0.1153482 0.8568889 0.1297636 0.8661939 0.1153482 0.8541375 0.1104756 0.2169314 0.5467206 0.2204424 0.5633656 0.2304015 0.5634585 0.2169314 0.5467206 0.2304015 0.5634585 0.2329345 0.5469537 0.4216178 0.04348981 0.42211 0.07287532 0.4324155 0.07307261 0.4216178 0.04348981 0.4324155 0.07307261 0.4321238 0.04248672 0.8859863 0.9679629 0.8844297 0.9582282 0.8555598 0.9617938 0.8859863 0.9679629 0.8555598 0.9617938 0.8555496 0.9715285 0.04371458 0.8227761 0.02567571 0.8240742 0.0255137 0.8326908 0.04371458 0.8227761 0.0255137 0.8326908 0.04324972 0.8338825 0.9652244 0.8308176 0.9601973 0.8432335 0.9654711 0.8455093 0.9652244 0.8308176 0.9654711 0.8455093 0.9654018 0.8330935 0.8637298 0.9194642 0.8557123 0.9080203 0.8555868 0.9102944 0.8637298 0.9194642 0.8555868 0.9102944 0.8555727 0.9227225 0.9601973 0.8432335 0.9398768 0.8665968 0.965642 0.8688727 0.9601973 0.8432335 0.965642 0.8688727 0.9654711 0.8455093 0.8836598 0.9423654 0.8637298 0.9194642 0.8555727 0.9227225 0.8836598 0.9423654 0.8555727 0.9227225 0.8555648 0.9459309 0.9398768 0.8665968 0.9375834 0.8913254 0.9656599 0.8945861 0.9398768 0.8665968 0.9656599 0.8945861 0.965642 0.8688727 0.4064338 0.07313507 0.4115374 0.07265269 0.4108429 0.044528 0.4064338 0.07313507 0.4108429 0.044528 0.4063102 0.04491502 0.8844297 0.9582282 0.8836598 0.9423654 0.8555648 0.9459309 0.8844297 0.9582282 0.8555648 0.9459309 0.8555598 0.9617938 0.4702959 0.1299636 0.4724754 0.1255704 0.4657165 0.1213015 0.4702959 0.1299636 0.4657165 0.1213015 0.4648442 0.1270332 0.08575683 0.6266307 0.09336757 0.6301386 0.09958153 0.6127808 0.08575683 0.6266307 0.09958153 0.6127808 0.09285205 0.6085087 0.4555303 0.1217854 0.4556298 0.1275355 0.4648442 0.1270332 0.4555303 0.1217854 0.4648442 0.1270332 0.4657165 0.1213015 0.09336757 0.6301386 0.1024303 0.6313346 0.1093474 0.6161206 0.09336757 0.6301386 0.1093474 0.6161206 0.09958153 0.6127808 0.425902 0.1408185 0.4464031 0.1371277 0.4459306 0.1335763 0.425902 0.1408185 0.4459306 0.1335763 0.4264168 0.1370162 0.456271 0.1349235 0.4670665 0.134127 0.4641025 0.130142 0.456271 0.1349235 0.4641025 0.130142 0.4555873 0.1313135 0.4670665 0.134127 0.4702959 0.1299636 0.4648442 0.1270332 0.4670665 0.134127 0.4648442 0.1270332 0.4641025 0.130142 0.4464031 0.1371277 0.456271 0.1349235 0.4555873 0.1313135 0.4464031 0.1371277 0.4555873 0.1313135 0.4459306 0.1335763 0.3382048 0.5867382 0.3380646 0.5817252 0.3350591 0.5831895 0.3382048 0.5867382 0.3350591 0.5831895 0.3349459 0.5879199 0.3382048 0.5867382 0.3349459 0.5879199 0.3390748 0.598114 0.3382048 0.5867382 0.3390748 0.598114 0.3427708 0.5971715 0.1143539 0.6439324 0.1338279 0.6523421 0.1364601 0.6443483 0.1143539 0.6439324 0.1364601 0.6443483 0.1149606 0.6334444 0.3446817 0.5802598 0.3406555 0.5806481 0.3408738 0.5857008 0.3446817 0.5802598 0.3408738 0.5857008 0.3444808 0.585027 0.1338279 0.6523421 0.1477385 0.6587978 0.1478306 0.6528509 0.1338279 0.6523421 0.1478306 0.6528509 0.1364601 0.6443483 0.4117273 0.1417645 0.425902 0.1408185 0.4264168 0.1370162 0.4117273 0.1417645 0.4264168 0.1370162 0.4128133 0.1374809 0.1068257 0.6408093 0.1143539 0.6439324 0.1149606 0.6334444 0.1068257 0.6408093 0.1149606 0.6334444 0.1024303 0.6313346 0.3350591 0.5831895 0.3291882 0.5850617 0.3291953 0.5890977 0.3350591 0.5831895 0.3291953 0.5890977 0.3349459 0.5879199 0.3221443 0.5897606 0.3291953 0.5890977 0.3291882 0.5850617 0.3221443 0.5897606 0.3291882 0.5850617 0.3224459 0.5860009 0.3224459 0.5860009 0.2993528 0.5872574 0.299435 0.5903068 0.3224459 0.5860009 0.299435 0.5903068 0.3221443 0.5897606 0.3406555 0.5806481 0.3380646 0.5817252 0.3382048 0.5867382 0.3406555 0.5806481 0.3382048 0.5867382 0.3408738 0.5857008 0.3395144 0.5730733 0.3380646 0.5817252 0.3406555 0.5806481 0.3395144 0.5730733 0.3406555 0.5806481 0.3419303 0.5724142 0.3427826 0.5516228 0.3464762 0.5363305 0.3425635 0.5368502 0.3427826 0.5516228 0.3425635 0.5368502 0.3413525 0.5527594 0.3425635 0.5368502 0.3340311 0.5437781 0.3336625 0.5561328 0.3425635 0.5368502 0.3336625 0.5561328 0.3413525 0.5527594 0.3300162 0.5560845 0.3336625 0.5561328 0.3340311 0.5437781 0.3300162 0.5560845 0.3340311 0.5437781 0.3304129 0.5447811 0.3304129 0.5447811 0.329034 0.5443692 0.32855 0.5558957 0.3304129 0.5447811 0.32855 0.5558957 0.3300162 0.5560845 0.3206338 0.554483 0.32855 0.5558957 0.329034 0.5443692 0.3206338 0.554483 0.329034 0.5443692 0.3216577 0.5375054 0.2986276 0.5534729 0.3206338 0.554483 0.3216577 0.5375054 0.2986276 0.5534729 0.3216577 0.5375054 0.2983201 0.5372684 0.3419303 0.5724142 0.3464762 0.5363305 0.3427826 0.5516228 0.3419303 0.5724142 0.3427826 0.5516228 0.3395144 0.5730733 0.08055704 0.765785 0.1107013 0.7690932 0.1160685 0.736598 0.08055704 0.765785 0.1160685 0.736598 0.08659434 0.7304888 0.1284722 0.7391656 0.1160685 0.736598 0.1107013 0.7690932 0.1284722 0.7391656 0.1107013 0.7690932 0.1228818 0.7707986 0.3458759 0.4594991 0.3402541 0.4598972 0.3411638 0.4954602 0.3458759 0.4594991 0.3411638 0.4954602 0.3469174 0.4946494 0.3402541 0.4598972 0.3369851 0.4601265 0.3375563 0.4959639 0.3402541 0.4598972 0.3375563 0.4959639 0.3411638 0.4954602 0.3369851 0.4601265 0.3285273 0.4604552 0.3291866 0.4964443 0.3369851 0.4601265 0.3291866 0.4964443 0.3375563 0.4959639 0.3248277 0.4965377 0.3291866 0.4964443 0.3285273 0.4604552 0.3248277 0.4965377 0.3285273 0.4604552 0.3240144 0.4605725 0.2975162 0.4998617 0.3248277 0.4965377 0.3240144 0.4605725 0.2975162 0.4998617 0.3240144 0.4605725 0.2966176 0.4612369 0.1222707 0.7112517 0.1247302 0.6987749 0.09911537 0.6922037 0.1222707 0.7112517 0.09911537 0.6922037 0.09478032 0.704257 0.09911537 0.6922037 0.08809399 0.6893277 0.08437502 0.7007872 0.09911537 0.6922037 0.08437502 0.7007872 0.09478032 0.704257 0.07965189 0.699051 0.08437502 0.7007872 0.08809399 0.6893277 0.07965189 0.699051 0.08809399 0.6893277 0.08212751 0.687119 0.08212751 0.687119 0.07503974 0.6849032 0.07315897 0.6974223 0.08212751 0.687119 0.07315897 0.6974223 0.07965189 0.699051 0.06867778 0.6840482 0.06658571 0.6968582 0.07315897 0.6974223 0.06867778 0.6840482 0.07315897 0.6974223 0.07503974 0.6849032 0.06867778 0.6840482 0.06072497 0.6830409 0.05857878 0.6958925 0.06867778 0.6840482 0.05857878 0.6958925 0.06658571 0.6968582 0.06072497 0.6830409 0.0530951 0.6826048 0.0512045 0.6950661 0.06072497 0.6830409 0.0512045 0.6950661 0.05857878 0.6958925 0.03799164 0.6807976 0.03598237 0.6929859 0.0512045 0.6950661 0.03799164 0.6807976 0.0512045 0.6950661 0.0530951 0.6826048 0.013668 0.6899896 0.0199691 0.6908118 0.02205485 0.6787396 0.013668 0.6899896 0.02205485 0.6787396 0.0158118 0.6777989 0.2124401 0.3065695 0.2068706 0.3068509 0.2071036 0.3174862 0.2124401 0.3065695 0.2071036 0.3174862 0.2125875 0.3174818 0.2044582 0.3169289 0.2071036 0.3174862 0.2068706 0.3068509 0.2044582 0.3169289 0.2068706 0.3068509 0.2041977 0.3062632 0.2041977 0.3062632 0.1961199 0.3053292 0.1962004 0.3160212 0.2041977 0.3062632 0.1962004 0.3160212 0.2044582 0.3169289 0.1907141 0.3157842 0.1962004 0.3160212 0.1961199 0.3053292 0.1907141 0.3157842 0.1961199 0.3053292 0.1907156 0.3050838 0.1556797 0.3151205 0.1907141 0.3157842 0.1907156 0.3050838 0.1556797 0.3151205 0.1907156 0.3050838 0.1558575 0.3044186 0.5039486 0.1526235 0.5041899 0.1814227 0.5103936 0.1814362 0.5039486 0.1526235 0.5103936 0.1814362 0.5092618 0.1524913 0.5036106 0.1436709 0.5039486 0.1526235 0.5092618 0.1524913 0.5036106 0.1436709 0.5092618 0.1524913 0.5083698 0.1437397 0.5024545 0.1378709 0.5036106 0.1436709 0.5083698 0.1437397 0.5024545 0.1378709 0.5083698 0.1437397 0.5065967 0.1379347 0.5021094 0.134267 0.5024545 0.1378709 0.5065967 0.1379347 0.5021094 0.134267 0.5065967 0.1379347 0.5065135 0.1344025 0.5028432 0.1296431 0.5021094 0.134267 0.5065135 0.1344025 0.5028432 0.1296431 0.5065135 0.1344025 0.5075069 0.1301804 0.05464237 0.6052884 0.04856681 0.6203351 0.05489581 0.6209154 0.05464237 0.6052884 0.05489581 0.6209154 0.05990976 0.6056985 0.04592406 0.6438906 0.05489581 0.6209154 0.04856681 0.6203351 0.04592406 0.6438906 0.04856681 0.6203351 0.03798419 0.6436943 0.03798419 0.6436943 0.03640049 0.6508337 0.04470747 0.6511465 0.03798419 0.6436943 0.04470747 0.6511465 0.04592406 0.6438906 0.03640049 0.6508337 0.03014665 0.6798031 0.03799164 0.6807976 0.03640049 0.6508337 0.03799164 0.6807976 0.04470747 0.6511465 0.03014665 0.6798031 0.02809858 0.6919042 0.03598237 0.6929859 0.03014665 0.6798031 0.03598237 0.6929859 0.03799164 0.6807976 0.0322327 0.7227898 0.03598237 0.6929859 0.02809858 0.6919042 0.0322327 0.7227898 0.02809858 0.6919042 0.02424818 0.7218771 0.02424818 0.7218771 0.02023094 0.7613938 0.02820247 0.7618944 0.02424818 0.7218771 0.02820247 0.7618944 0.0322327 0.7227898 0.0255137 0.8326908 0.02567571 0.8240742 0.01703292 0.8247359 0.0255137 0.8326908 0.01703292 0.8247359 0.01704925 0.8321262 0.02461898 0.8439705 0.0255137 0.8326908 0.01704925 0.8321262 0.02461898 0.8439705 0.01704925 0.8321262 0.01779764 0.8436011 0.02330398 0.8644452 0.02461898 0.8439705 0.01779764 0.8436011 0.02330398 0.8644452 0.01779764 0.8436011 0.01769149 0.8644337 0.01769149 0.8644337 0.0199514 0.876791 0.02413398 0.8767166 0.01769149 0.8644337 0.02413398 0.8767166 0.02330398 0.8644452 0.02423858 0.8834013 0.02413398 0.8767166 0.0199514 0.876791 0.02423858 0.8834013 0.0199514 0.876791 0.02054113 0.8839581 0.4162745 0.04399484 0.4168666 0.07277947 0.42211 0.07287532 0.4162745 0.04399484 0.42211 0.07287532 0.4216178 0.04348981 0.03636151 0.937247 0.02586138 0.8901943 0.02083957 0.8918215 0.03636151 0.937247 0.02083957 0.8918215 0.03128397 0.9387112 0.03128397 0.9387112 0.03723305 0.9578773 0.04173064 0.9547989 0.03128397 0.9387112 0.04173064 0.9547989 0.03636151 0.937247 0.04465383 0.973588 0.04871189 0.9708502 0.04483437 0.9627998 0.04465383 0.973588 0.04483437 0.9627998 0.04027521 0.9651985 0.05665552 0.9818956 0.05263239 0.9769415 0.04920548 0.9800218 0.05665552 0.9818956 0.04920548 0.9800218 0.05412042 0.9852327 0.2998427 0.3021878 0.3005214 0.2932514 0.2948063 0.2924699 0.2998427 0.3021878 0.2948063 0.2924699 0.2946325 0.3019579 0.294759 0.2622612 0.2947153 0.2274711 0.2843586 0.2274423 0.294759 0.2622612 0.2843586 0.2274423 0.2857433 0.2640962 0.2947972 0.27289 0.294759 0.2622612 0.2857433 0.2640962 0.2947972 0.27289 0.2857433 0.2640962 0.2859071 0.2731656 0.2869945 0.2927373 0.2948063 0.2924699 0.2934888 0.2857959 0.2869945 0.2927373 0.2934888 0.2857959 0.2864282 0.2861356 0.2864282 0.2861356 0.2934888 0.2857959 0.2935503 0.2805495 0.2864282 0.2861356 0.2935503 0.2805495 0.2859879 0.2801659 0.2859879 0.2801659 0.2935503 0.2805495 0.2947972 0.27289 0.2859879 0.2801659 0.2947972 0.27289 0.2859071 0.2731656 0.2470034 0.0572623 0.2433814 0.05411887 0.2422696 0.05508357 0.2470034 0.0572623 0.2422696 0.05508357 0.2465911 0.05860018 0.2516751 0.05804961 0.2470034 0.0572623 0.2465911 0.05860018 0.2516751 0.05804961 0.2465911 0.05860018 0.2520155 0.05942398 0.2560547 0.0562635 0.2516751 0.05804961 0.2520155 0.05942398 0.2560547 0.0562635 0.2520155 0.05942398 0.2570173 0.05739551 0.2589808 0.0524469 0.2560547 0.0562635 0.2570173 0.05739551 0.2589808 0.0524469 0.2570173 0.05739551 0.2603556 0.0531277 0.2596935 0.04768884 0.2589808 0.0524469 0.2603556 0.0531277 0.2596935 0.04768884 0.2603556 0.0531277 0.2612377 0.04776597 0.2580183 0.04326808 0.2596935 0.04768884 0.2612377 0.04776597 0.2580183 0.04326808 0.2612377 0.04776597 0.2593951 0.04269021 0.254431 0.04030764 0.2580183 0.04326808 0.2593951 0.04269021 0.254431 0.04030764 0.2593951 0.04269021 0.2552716 0.03920316 0.2499219 0.03953635 0.254431 0.04030764 0.2552716 0.03920316 0.2499219 0.03953635 0.2552716 0.03920316 0.2499448 0.03822791 0.2455971 0.04115533 0.2499219 0.03953635 0.2499448 0.03822791 0.2455971 0.04115533 0.2499448 0.03822791 0.2447564 0.04007476 0.2425923 0.04478913 0.2455971 0.04115533 0.2447564 0.04007476 0.2425923 0.04478913 0.2447564 0.04007476 0.2411724 0.04431378 0.2418009 0.04953074 0.2425923 0.04478913 0.2411724 0.04431378 0.2418009 0.04953074 0.2411724 0.04431378 0.2402858 0.04982769 0.2433814 0.05411887 0.2418009 0.04953074 0.2402858 0.04982769 0.2433814 0.05411887 0.2402858 0.04982769 0.2422696 0.05508357 0.5092618 0.1524913 0.5103936 0.1814362 0.5167397 0.1814535 0.5092618 0.1524913 0.5167397 0.1814535 0.5147002 0.1523693 0.5083698 0.1437397 0.5092618 0.1524913 0.5147002 0.1523693 0.5083698 0.1437397 0.5147002 0.1523693 0.5132356 0.1438013 0.5065967 0.1379347 0.5083698 0.1437397 0.5132356 0.1438013 0.5065967 0.1379347 0.5132356 0.1438013 0.5108084 0.1379796 0.5065135 0.1344025 0.5065967 0.1379347 0.5108084 0.1379796 0.5065135 0.1344025 0.5108084 0.1379796 0.5109685 0.1345177 0.5075069 0.1301804 0.5065135 0.1344025 0.5109685 0.1345177 0.5075069 0.1301804 0.5109685 0.1345177 0.5122829 0.1305488 0.0492143 0.604923 0.04203546 0.6198046 0.04856681 0.6203351 0.0492143 0.604923 0.04856681 0.6203351 0.05464237 0.6052884 0.03798419 0.6436943 0.04856681 0.6203351 0.04203546 0.6198046 0.03798419 0.6436943 0.04203546 0.6198046 0.02976548 0.6435616 0.02976548 0.6435616 0.02813315 0.6509946 0.03640049 0.6508337 0.02976548 0.6435616 0.03640049 0.6508337 0.03798419 0.6436943 0.02813315 0.6509946 0.02205485 0.6787396 0.03014665 0.6798031 0.02813315 0.6509946 0.03014665 0.6798031 0.03640049 0.6508337 0.0199691 0.6908118 0.02809858 0.6919042 0.03014665 0.6798031 0.0199691 0.6908118 0.03014665 0.6798031 0.02205485 0.6787396 0.02424818 0.7218771 0.02809858 0.6919042 0.0199691 0.6908118 0.02424818 0.7218771 0.0199691 0.6908118 0.01606976 0.7209667 0.01206272 0.7608665 0.02023094 0.7613938 0.02424818 0.7218771 0.01206272 0.7608665 0.02424818 0.7218771 0.01606976 0.7209667 0.01704925 0.8321262 0.01703292 0.8247359 0.008015632 0.8254085 0.01704925 0.8321262 0.008015632 0.8254085 0.008357822 0.8316178 0.01779764 0.8436011 0.01704925 0.8321262 0.008357822 0.8316178 0.01779764 0.8436011 0.008357822 0.8316178 0.01105731 0.8433026 0.01769149 0.8644337 0.01779764 0.8436011 0.01105731 0.8433026 0.01769149 0.8644337 0.01105731 0.8433026 0.0118969 0.8646068 0.0118969 0.8646068 0.01558685 0.8770341 0.0199514 0.876791 0.0118969 0.8646068 0.0199514 0.876791 0.01769149 0.8644337 0.02054113 0.8839581 0.0199514 0.876791 0.01558685 0.8770341 0.02054113 0.8839581 0.01558685 0.8770341 0.01640164 0.8847881 0.4115374 0.07265269 0.4168666 0.07277947 0.4162745 0.04399484 0.4115374 0.07265269 0.4162745 0.04399484 0.4108429 0.044528 0.03128397 0.9387112 0.02083957 0.8918215 0.01572072 0.893482 0.03128397 0.9387112 0.01572072 0.893482 0.02605062 0.9402262 0.02605062 0.9402262 0.03217357 0.9601755 0.03723305 0.9578773 0.02605062 0.9402262 0.03723305 0.9578773 0.03128397 0.9387112 0.04029393 0.9767446 0.04465383 0.973588 0.04027521 0.9651985 0.04029393 0.9767446 0.04027521 0.9651985 0.03543865 0.9678655 0.05412042 0.9852327 0.04920548 0.9800218 0.0454778 0.9836325 0.05412042 0.9852327 0.0454778 0.9836325 0.0512675 0.9890399 0.3051846 0.3023827 0.3065472 0.2934885 0.3005214 0.2932514 0.3051846 0.3023827 0.3005214 0.2932514 0.2998427 0.3021878 0.3063247 0.2725454 0.3062953 0.2613481 0.3001466 0.2616332 0.3063247 0.2725454 0.3001466 0.2616332 0.3000985 0.272463 0.3062953 0.2613481 0.3068938 0.227475 0.2999842 0.2274752 0.3062953 0.2613481 0.2999842 0.2274752 0.3001466 0.2616332 0.2935503 0.2805495 0.2934888 0.2857959 0.2972714 0.2848776 0.2935503 0.2805495 0.2972714 0.2848776 0.2968608 0.2809144 0.2947972 0.27289 0.2935503 0.2805495 0.2968608 0.2809144 0.2947972 0.27289 0.2968608 0.2809144 0.2989591 0.2772401 0.2934888 0.2857959 0.2948063 0.2924699 0.3000133 0.2883197 0.2934888 0.2857959 0.3000133 0.2883197 0.2972714 0.2848776 0.3045293 0.2900186 0.3000133 0.2883197 0.2948063 0.2924699 0.3045293 0.2900186 0.2948063 0.2924699 0.3005214 0.2932514 0.3005214 0.2932514 0.3065472 0.2934885 0.3095098 0.2898148 0.3005214 0.2932514 0.3095098 0.2898148 0.3045293 0.2900186 0.3065472 0.2934885 0.3134961 0.2921203 0.3136546 0.2878737 0.3065472 0.2934885 0.3136546 0.2878737 0.3095098 0.2898148 0.3134961 0.2921203 0.3171681 0.2863821 0.3159425 0.2845081 0.3134961 0.2921203 0.3159425 0.2845081 0.3136546 0.2878737 0.3171681 0.2863821 0.3182929 0.2805867 0.3155215 0.2804381 0.3171681 0.2863821 0.3155215 0.2804381 0.3159425 0.2845081 0.3182929 0.2805867 0.3179738 0.2735683 0.3126161 0.2767713 0.3182929 0.2805867 0.3126161 0.2767713 0.3155215 0.2804381 0.3179738 0.2735683 0.3063247 0.2725454 0.3080589 0.2749472 0.3179738 0.2735683 0.3080589 0.2749472 0.3126161 0.2767713 0.3063247 0.2725454 0.3000985 0.272463 0.3030954 0.2751384 0.3063247 0.2725454 0.3030954 0.2751384 0.3080589 0.2749472 0.3000985 0.272463 0.2947972 0.27289 0.2989591 0.2772401 0.3000985 0.272463 0.2989591 0.2772401 0.3030954 0.2751384 0.268975 0.7224563 0.2533921 0.7244495 0.257829 0.7628909 0.268975 0.7224563 0.257829 0.7628909 0.2733005 0.7616665 0.2144809 0.7306821 0.2060856 0.7043579 0.1784999 0.7115756 0.2144809 0.7306821 0.1784999 0.7115756 0.1848729 0.7370225 0.2676433 0.9367777 0.2578 0.9341628 0.2534847 0.9504574 0.2676433 0.9367777 0.2534847 0.9504574 0.2626111 0.954381 0.4264478 0.2222848 0.4468277 0.2256875 0.4464961 0.2192824 0.4264478 0.2222848 0.4464961 0.2192824 0.4249868 0.2158271 0.2574129 0.4979377 0.2577229 0.52598 0.2667393 0.525592 0.2574129 0.4979377 0.2667393 0.525592 0.2657657 0.4980238 0.7859349 0.1967728 0.7791872 0.1959344 0.7856233 0.232293 0.7859349 0.1967728 0.7856233 0.232293 0.7928079 0.2335087 0.7647053 0.1444869 0.7674836 0.1653963 0.775878 0.1646609 0.7647053 0.1444869 0.775878 0.1646609 0.7727563 0.1468847 0.1029672 0.5612518 0.09379315 0.5601537 0.0945416 0.577598 0.1029672 0.5612518 0.0945416 0.577598 0.1034703 0.5788404 0.1040245 0.3792393 0.1128655 0.3790895 0.1143698 0.3421742 0.1040245 0.3792393 0.1143698 0.3421742 0.1058962 0.3426365 0.4942721 0.2248321 0.5023571 0.2247493 0.5035193 0.2190052 0.4942721 0.2248321 0.5035193 0.2190052 0.494279 0.21911 0.4265948 0.2288683 0.4454556 0.2324401 0.4463952 0.2292072 0.4265948 0.2288683 0.4463952 0.2292072 0.4270119 0.2260491 0.2538068 0.4975068 0.2536278 0.5253118 0.2577229 0.52598 0.2538068 0.4975068 0.2577229 0.52598 0.2574129 0.4979377 0.1840001 0.8932615 0.2169409 0.905143 0.2172192 0.9027597 0.1840001 0.8932615 0.2172192 0.9027597 0.1855368 0.8911181 0.2364019 0.9267184 0.2282103 0.9283576 0.2247643 0.9505416 0.2364019 0.9267184 0.2247643 0.9505416 0.233723 0.9498401 0.09379315 0.5601537 0.0875076 0.558731 0.08824688 0.5760704 0.09379315 0.5601537 0.08824688 0.5760704 0.0945416 0.577598 0.1058962 0.3426365 0.1033146 0.3430151 0.1012967 0.3794104 0.1058962 0.3426365 0.1012967 0.3794104 0.1040245 0.3792393 0.4933367 0.2284859 0.5020059 0.2283158 0.5023571 0.2247493 0.4933367 0.2284859 0.5023571 0.2247493 0.4942721 0.2248321 0.2693794 0.5865325 0.2686456 0.5774639 0.2609598 0.575504 0.2693794 0.5865325 0.2609598 0.575504 0.263443 0.584937 0.2609598 0.575504 0.2585102 0.5749886 0.2604036 0.5835959 0.2609598 0.575504 0.2604036 0.5835959 0.263443 0.584937 0.166462 0.6651826 0.1882406 0.6590523 0.1860373 0.6438127 0.166462 0.6651826 0.1860373 0.6438127 0.1664808 0.652433 0.2397207 0.6436755 0.2547823 0.6434073 0.2457576 0.6204121 0.2397207 0.6436755 0.2457576 0.6204121 0.2335075 0.6217776 0.1096718 0.2744393 0.1120547 0.2737462 0.1139729 0.2522937 0.1096718 0.2744393 0.1139729 0.2522937 0.1114103 0.2534852 0.1139729 0.2522937 0.1120547 0.2737462 0.1197934 0.2739647 0.1139729 0.2522937 0.1197934 0.2739647 0.1208085 0.2514075 0.2577229 0.52598 0.2628476 0.5394779 0.2663027 0.5395362 0.2577229 0.52598 0.2663027 0.5395362 0.2667393 0.525592 0.2651487 0.573657 0.2609598 0.575504 0.2686456 0.5774639 0.2651487 0.573657 0.2686456 0.5774639 0.2678875 0.5742558 0.2299525 0.76529 0.2440622 0.7640172 0.2388394 0.7263476 0.2299525 0.76529 0.2388394 0.7263476 0.2244539 0.7284609 0.2197267 0.9084261 0.2261369 0.9163172 0.234586 0.9144735 0.2197267 0.9084261 0.234586 0.9144735 0.2222968 0.9062755 0.7792034 0.1777183 0.7716293 0.1779984 0.7767024 0.1878998 0.7792034 0.1777183 0.7767024 0.1878998 0.7836257 0.1875771 0.4564956 0.2215638 0.4566197 0.2277796 0.4673134 0.2284968 0.4564956 0.2215638 0.4673134 0.2284968 0.4677765 0.2219485 0.4651569 0.2355183 0.4644042 0.2324535 0.4559727 0.2313549 0.4651569 0.2355183 0.4559727 0.2313549 0.4560464 0.2350856 0.2459902 0.7254084 0.2388394 0.7263476 0.2440622 0.7640172 0.2459902 0.7254084 0.2440622 0.7640172 0.2508854 0.7634556 0.2261369 0.9163172 0.2282103 0.9283576 0.2364019 0.9267184 0.2261369 0.9163172 0.2364019 0.9267184 0.234586 0.9144735 0.775878 0.1646609 0.7674836 0.1653963 0.7716293 0.1779984 0.775878 0.1646609 0.7716293 0.1779984 0.7792034 0.1777183 0.4673134 0.2284968 0.4753842 0.2267031 0.4753163 0.2204338 0.4673134 0.2284968 0.4753163 0.2204338 0.4677765 0.2219485 0.4765477 0.2304835 0.4753842 0.2267031 0.4673134 0.2284968 0.4765477 0.2304835 0.4673134 0.2284968 0.4705284 0.2325946 0.4560464 0.2350856 0.4559727 0.2313549 0.4463952 0.2292072 0.4560464 0.2350856 0.4463952 0.2292072 0.4454556 0.2324401 0.4468277 0.2256875 0.4566197 0.2277796 0.4564956 0.2215638 0.4468277 0.2256875 0.4564956 0.2215638 0.4464961 0.2192824 0.7767024 0.1878998 0.7791872 0.1959344 0.7859349 0.1967728 0.7767024 0.1878998 0.7859349 0.1967728 0.7836257 0.1875771 0.2169409 0.905143 0.2197267 0.9084261 0.2222968 0.9062755 0.2169409 0.905143 0.2222968 0.9062755 0.2172192 0.9027597 0.2244539 0.7284609 0.2144809 0.7306821 0.2208376 0.766227 0.2244539 0.7284609 0.2208376 0.766227 0.2299525 0.76529 0.09122967 0.4910146 0.09290528 0.545828 0.1023662 0.5468015 0.09122967 0.4910146 0.1023662 0.5468015 0.1030962 0.4913746 0.08698296 0.4907674 0.08655428 0.5444962 0.09290528 0.545828 0.08698296 0.4907674 0.09290528 0.545828 0.09122967 0.4910146 0.2578 0.9341628 0.2676433 0.9367777 0.2771387 0.8893707 0.2578 0.9341628 0.2771387 0.8893707 0.2672492 0.8864364 0.2453907 0.9173194 0.2517533 0.9314986 0.2612668 0.8848037 0.2453907 0.9173194 0.2612668 0.8848037 0.2535704 0.872366 0.2293691 0.8618383 0.2243695 0.9010405 0.2389302 0.9086834 0.2293691 0.8618383 0.2389302 0.9086834 0.2471572 0.8629683 0.2161323 0.8966444 0.2243695 0.9010405 0.2293691 0.8618383 0.2161323 0.8966444 0.2293691 0.8618383 0.2205953 0.8598783 0.1916308 0.8548077 0.187428 0.8870811 0.2161323 0.8966444 0.1916308 0.8548077 0.2161323 0.8966444 0.2205953 0.8598783 0.2525982 0.3233844 0.2496731 0.3239748 0.2504489 0.3616426 0.2525982 0.3233844 0.2504489 0.3616426 0.2534431 0.3612594 0.2621957 0.3607845 0.2608498 0.321597 0.2525982 0.3233844 0.2621957 0.3607845 0.2525982 0.3233844 0.2534431 0.3612594 0.4753842 0.2267031 0.4832009 0.2253798 0.4826351 0.2196035 0.4753842 0.2267031 0.4826351 0.2196035 0.4753163 0.2204338 0.4832634 0.2293674 0.4832009 0.2253798 0.4753842 0.2267031 0.4832634 0.2293674 0.4753842 0.2267031 0.4765477 0.2304835 0.2547823 0.6434073 0.2397207 0.6436755 0.2405801 0.6496828 0.2547823 0.6434073 0.2405801 0.6496828 0.2560616 0.6505273 0.2216504 0.6237305 0.2309209 0.647315 0.2353468 0.6434028 0.2216504 0.6237305 0.2353468 0.6434028 0.2267107 0.622479 0.1100496 0.2797003 0.1120547 0.2737462 0.1096718 0.2744393 0.1100496 0.2797003 0.1096718 0.2744393 0.1074897 0.2802591 0.1197934 0.2739647 0.1120547 0.2737462 0.1100496 0.2797003 0.1197934 0.2739647 0.1100496 0.2797003 0.1172204 0.2791491 0.1068942 0.3152059 0.1058962 0.3426365 0.1143698 0.3421742 0.1068942 0.3152059 0.1143698 0.3421742 0.1151539 0.3145614 0.1033146 0.3430151 0.1058962 0.3426365 0.1068942 0.3152059 0.1033146 0.3430151 0.1068942 0.3152059 0.1042491 0.3157131 0.2533921 0.7244495 0.268975 0.7224563 0.2650425 0.6925718 0.2533921 0.7244495 0.2650425 0.6925718 0.249788 0.6947851 0.2577229 0.52598 0.2536278 0.5253118 0.2503429 0.5383373 0.2577229 0.52598 0.2503429 0.5383373 0.2542425 0.5388104 0.2628476 0.5394779 0.2577229 0.52598 0.2542425 0.5388104 0.2628476 0.5394779 0.2542425 0.5388104 0.2629224 0.5457231 0.2628476 0.5394779 0.2629224 0.5457231 0.2665436 0.5464363 0.2628476 0.5394779 0.2665436 0.5464363 0.2663027 0.5395362 0.2750735 0.5388087 0.2715083 0.5277092 0.2675026 0.5396532 0.2750735 0.5388087 0.2675026 0.5396532 0.2679077 0.5459042 0.2688639 0.5738429 0.2747089 0.5757601 0.276663 0.5557717 0.2688639 0.5738429 0.276663 0.5557717 0.268691 0.5574191 0.2636085 0.5580621 0.2651487 0.573657 0.2678875 0.5742558 0.2636085 0.5580621 0.2678875 0.5742558 0.2672265 0.5577275 0.2609598 0.575504 0.2651487 0.573657 0.2636085 0.5580621 0.2609598 0.575504 0.2636085 0.5580621 0.2559594 0.554699 0.2585102 0.5749886 0.2609598 0.575504 0.2559594 0.554699 0.2585102 0.5749886 0.2559594 0.554699 0.2545178 0.5535835 0.1882406 0.6590523 0.166462 0.6651826 0.1759544 0.6990593 0.1882406 0.6590523 0.1759544 0.6990593 0.2016544 0.6922731 0.2560616 0.6505273 0.2405801 0.6496828 0.2478163 0.6822881 0.2560616 0.6505273 0.2478163 0.6822881 0.2629588 0.6803501 0.107514 0.3045442 0.1100496 0.2797003 0.1074897 0.2802591 0.107514 0.3045442 0.1074897 0.2802591 0.1048438 0.3050802 0.1172204 0.2791491 0.1100496 0.2797003 0.107514 0.3045442 0.1172204 0.2791491 0.107514 0.3045442 0.1155913 0.3038691 0.4249868 0.2158271 0.4464961 0.2192824 0.4465351 0.2107172 0.4249868 0.2158271 0.4465351 0.2107172 0.4235556 0.2075092 0.4564956 0.2215638 0.4566312 0.2119339 0.4465351 0.2107172 0.4564956 0.2215638 0.4465351 0.2107172 0.4464961 0.2192824 0.4677765 0.2219485 0.4678084 0.2123946 0.4566312 0.2119339 0.4677765 0.2219485 0.4566312 0.2119339 0.4564956 0.2215638 0.4753163 0.2204338 0.4756165 0.211301 0.4678084 0.2123946 0.4753163 0.2204338 0.4678084 0.2123946 0.4677765 0.2219485 0.4826351 0.2196035 0.4828694 0.2100797 0.4756165 0.211301 0.4826351 0.2196035 0.4756165 0.211301 0.4753163 0.2204338 0.494279 0.21911 0.5035193 0.2190052 0.5038784 0.2101233 0.494279 0.21911 0.5038784 0.2101233 0.4935818 0.2098202 0.1208085 0.2514075 0.1197934 0.2739647 0.1247372 0.2741258 0.1208085 0.2514075 0.1247372 0.2741258 0.1267877 0.2509881 0.1222489 0.2791728 0.1247372 0.2741258 0.1197934 0.2739647 0.1222489 0.2791728 0.1197934 0.2739647 0.1172204 0.2791491 0.1209962 0.3038162 0.1222489 0.2791728 0.1172204 0.2791491 0.1209962 0.3038162 0.1172204 0.2791491 0.1155913 0.3038691 0.1143698 0.3421742 0.1199562 0.3421643 0.1206414 0.3145183 0.1143698 0.3421742 0.1206414 0.3145183 0.1151539 0.3145614 0.1128655 0.3790895 0.1186383 0.3791562 0.1199562 0.3421643 0.1128655 0.3790895 0.1199562 0.3421643 0.1143698 0.3421742 0.1023662 0.5468015 0.1092187 0.5470954 0.109999 0.491566 0.1023662 0.5468015 0.109999 0.491566 0.1030962 0.4913746 0.1099541 0.5612755 0.1029672 0.5612518 0.1034703 0.5788404 0.1099541 0.5612755 0.1034703 0.5788404 0.1107022 0.5785367 0.3001702 0.1828173 0.2949405 0.1823753 0.2948613 0.1928712 0.3001702 0.1828173 0.2948613 0.1928712 0.300198 0.1935091 0.775878 0.1646609 0.7824083 0.1650184 0.7802257 0.1501136 0.775878 0.1646609 0.7802257 0.1501136 0.7727563 0.1468847 0.7878382 0.1775242 0.7824083 0.1650184 0.775878 0.1646609 0.7878382 0.1775242 0.775878 0.1646609 0.7792034 0.1777183 0.7920069 0.1869755 0.7878382 0.1775242 0.7792034 0.1777183 0.7920069 0.1869755 0.7792034 0.1777183 0.7836257 0.1875771 0.7954506 0.196644 0.7920069 0.1869755 0.7836257 0.1875771 0.7954506 0.196644 0.7836257 0.1875771 0.7859349 0.1967728 0.7974157 0.2334648 0.7954506 0.196644 0.7859349 0.1967728 0.7974157 0.2334648 0.7859349 0.1967728 0.7928079 0.2335087 0.2669236 0.3606225 0.2655001 0.3214107 0.2608498 0.321597 0.2669236 0.3606225 0.2608498 0.321597 0.2621957 0.3607845 0.2667393 0.525592 0.2715083 0.5277092 0.2701162 0.4979012 0.2667393 0.525592 0.2701162 0.4979012 0.2657657 0.4980238 0.2663027 0.5395362 0.2675026 0.5396532 0.2715083 0.5277092 0.2663027 0.5395362 0.2715083 0.5277092 0.2667393 0.525592 0.2679077 0.5459042 0.2675026 0.5396532 0.2663027 0.5395362 0.2679077 0.5459042 0.2663027 0.5395362 0.2665436 0.5464363 0.2678875 0.5742558 0.2688639 0.5738429 0.268691 0.5574191 0.2678875 0.5742558 0.268691 0.5574191 0.2672265 0.5577275 0.2747089 0.5757601 0.2688639 0.5738429 0.2678875 0.5742558 0.2747089 0.5757601 0.2678875 0.5742558 0.2686456 0.5774639 0.2761762 0.587141 0.2747089 0.5757601 0.2686456 0.5774639 0.2761762 0.587141 0.2686456 0.5774639 0.2693794 0.5865325 0.2990441 0.5748688 0.2747089 0.5757601 0.2761762 0.587141 0.2990441 0.5748688 0.2761762 0.587141 0.2993528 0.5872574 0.2747089 0.5757601 0.2990441 0.5748688 0.2986276 0.5534729 0.2747089 0.5757601 0.2986276 0.5534729 0.276663 0.5557717 0.2980819 0.5253801 0.2715083 0.5277092 0.2750735 0.5388087 0.2980819 0.5253801 0.2750735 0.5388087 0.2983201 0.5372684 0.2715083 0.5277092 0.2980819 0.5253801 0.2975162 0.4998617 0.2715083 0.5277092 0.2975162 0.4998617 0.2701162 0.4979012 0.2933863 0.3218068 0.2655001 0.3214107 0.2669236 0.3606225 0.2933863 0.3218068 0.2669236 0.3606225 0.2942466 0.3596981 0.8245119 0.2324124 0.8231436 0.1948851 0.7954506 0.196644 0.8245119 0.2324124 0.7954506 0.196644 0.7974157 0.2334648 0.8223121 0.1850799 0.7920069 0.1869755 0.7954506 0.196644 0.8223121 0.1850799 0.7954506 0.196644 0.8231436 0.1948851 0.8213651 0.1771953 0.7878382 0.1775242 0.7920069 0.1869755 0.8213651 0.1771953 0.7920069 0.1869755 0.8223121 0.1850799 0.300198 0.1935091 0.2948613 0.1928712 0.2947153 0.2274711 0.300198 0.1935091 0.2947153 0.2274711 0.2999842 0.2274752 0.1514999 0.5623248 0.1099541 0.5612755 0.1107022 0.5785367 0.1514999 0.5623248 0.1107022 0.5785367 0.1511953 0.5799153 0.1092187 0.5470954 0.151749 0.5478722 0.1526988 0.4923371 0.1092187 0.5470954 0.1526988 0.4923371 0.109999 0.491566 0.1552194 0.3427705 0.1199562 0.3421643 0.1186383 0.3791562 0.1552194 0.3427705 0.1186383 0.3791562 0.1545997 0.3798008 0.1199562 0.3421643 0.1552194 0.3427705 0.1556797 0.3151205 0.1199562 0.3421643 0.1556797 0.3151205 0.1206414 0.3145183 0.1558575 0.3044186 0.1562666 0.2797962 0.1222489 0.2791728 0.1558575 0.3044186 0.1222489 0.2791728 0.1209962 0.3038162 0.1563525 0.2747244 0.1247372 0.2741258 0.1222489 0.2791728 0.1563525 0.2747244 0.1222489 0.2791728 0.1562666 0.2797962 0.1247372 0.2741258 0.1563525 0.2747244 0.1567664 0.2516527 0.1247372 0.2741258 0.1567664 0.2516527 0.1267877 0.2509881 0.4935818 0.2098202 0.5038784 0.2101233 0.5041899 0.1814227 0.4935818 0.2098202 0.5041899 0.1814227 0.4920954 0.1814118 0.4756165 0.211301 0.4828694 0.2100797 0.4829605 0.1814142 0.4756165 0.211301 0.4829605 0.1814142 0.4758432 0.1814232 0.4678084 0.2123946 0.4756165 0.211301 0.4758432 0.1814232 0.4678084 0.2123946 0.4758432 0.1814232 0.4684526 0.1814382 0.4566312 0.2119339 0.4678084 0.2123946 0.4684526 0.1814382 0.4566312 0.2119339 0.4684526 0.1814382 0.4561305 0.1814771 0.4465351 0.2107172 0.4566312 0.2119339 0.4561305 0.1814771 0.4465351 0.2107172 0.4561305 0.1814771 0.4453471 0.1815249 0.4235556 0.2075092 0.4465351 0.2107172 0.4453471 0.1815249 0.4235556 0.2075092 0.4453471 0.1815249 0.4237589 0.1816584 0.4727018 0.2369233 0.4783785 0.234966 0.4765477 0.2304835 0.4727018 0.2369233 0.4765477 0.2304835 0.4705284 0.2325946 0.4440061 0.2371371 0.4559978 0.2407666 0.4560464 0.2350856 0.4440061 0.2371371 0.4560464 0.2350856 0.4454556 0.2324401 0.4242371 0.2322928 0.4440061 0.2371371 0.4454556 0.2324401 0.4242371 0.2322928 0.4454556 0.2324401 0.4265948 0.2288683 0.2578137 0.5825974 0.2561225 0.5743738 0.2500802 0.5725008 0.2578137 0.5825974 0.2500802 0.5725008 0.2538715 0.5822744 0.2447208 0.5371132 0.2500802 0.5725008 0.2561225 0.5743738 0.2447208 0.5371132 0.2561225 0.5743738 0.2503429 0.5383373 0.2536278 0.5253118 0.2477196 0.5242474 0.2447208 0.5371132 0.2536278 0.5253118 0.2447208 0.5371132 0.2503429 0.5383373 0.2480604 0.4967865 0.2477196 0.5242474 0.2536278 0.5253118 0.2480604 0.4967865 0.2536278 0.5253118 0.2538068 0.4975068 0.2496731 0.3239748 0.2441923 0.3241285 0.2446766 0.3624187 0.2496731 0.3239748 0.2446766 0.3624187 0.2504489 0.3616426 0.1855368 0.8911181 0.2172192 0.9027597 0.2161323 0.8966444 0.1855368 0.8911181 0.2161323 0.8966444 0.187428 0.8870811 0.2222968 0.9062755 0.2243695 0.9010405 0.2161323 0.8966444 0.2222968 0.9062755 0.2161323 0.8966444 0.2172192 0.9027597 0.234586 0.9144735 0.2389302 0.9086834 0.2243695 0.9010405 0.234586 0.9144735 0.2243695 0.9010405 0.2222968 0.9062755 0.2411394 0.9272783 0.2517533 0.9314986 0.2453907 0.9173194 0.2411394 0.9272783 0.2453907 0.9173194 0.2389302 0.9086834 0.2517533 0.9314986 0.2411394 0.9272783 0.2385861 0.9491079 0.2517533 0.9314986 0.2385861 0.9491079 0.2480642 0.9492585 0.2948908 0.1538325 0.285223 0.1543616 0.2873734 0.1628088 0.2948908 0.1538325 0.2873734 0.1628088 0.2950283 0.1631051 0.0875076 0.558731 0.0830276 0.5695186 0.08354324 0.5798501 0.0875076 0.558731 0.08354324 0.5798501 0.08824688 0.5760704 0.06840175 0.4971833 0.0705229 0.5441702 0.08655428 0.5444962 0.06840175 0.4971833 0.08655428 0.5444962 0.08698296 0.4907674 0.1033146 0.3430151 0.09792989 0.3428564 0.09548342 0.3792286 0.1033146 0.3430151 0.09548342 0.3792286 0.1012967 0.3794104 0.09876537 0.3155272 0.09792989 0.3428564 0.1033146 0.3430151 0.09876537 0.3155272 0.1033146 0.3430151 0.1042491 0.3157131 0.1048438 0.3050802 0.1074897 0.2802591 0.1019504 0.2798793 0.1048438 0.3050802 0.1019504 0.2798793 0.09927868 0.3046123 0.1096718 0.2744393 0.1048645 0.2726198 0.1019504 0.2798793 0.1096718 0.2744393 0.1019504 0.2798793 0.1074897 0.2802591 0.1048645 0.2726198 0.1096718 0.2744393 0.1114103 0.2534852 0.1048645 0.2726198 0.1114103 0.2534852 0.1073426 0.2523363 0.4934618 0.2337936 0.5027209 0.2328943 0.5020059 0.2283158 0.4934618 0.2337936 0.5020059 0.2283158 0.4933367 0.2284859 0.4783785 0.234966 0.483686 0.2341951 0.4832634 0.2293674 0.4783785 0.234966 0.4832634 0.2293674 0.4765477 0.2304835 0.7988641 0.2482739 0.8249939 0.2472248 0.8245119 0.2324124 0.7988641 0.2482739 0.8245119 0.2324124 0.7974157 0.2334648 0.7941156 0.24843 0.7988641 0.2482739 0.7974157 0.2334648 0.7941156 0.24843 0.7974157 0.2334648 0.7928079 0.2335087 0.7856233 0.232293 0.7871903 0.248044 0.7941156 0.24843 0.7856233 0.232293 0.7941156 0.24843 0.7928079 0.2335087 0.1755675 0.8878522 0.1742581 0.8899691 0.1840001 0.8932615 0.1755675 0.8878522 0.1840001 0.8932615 0.1855368 0.8911181 0.1765037 0.883993 0.1755675 0.8878522 0.1855368 0.8911181 0.1765037 0.883993 0.1855368 0.8911181 0.187428 0.8870811 0.1765037 0.883993 0.187428 0.8870811 0.1916308 0.8548077 0.1765037 0.883993 0.1916308 0.8548077 0.1801246 0.8537397 0.1784999 0.7115756 0.1662995 0.7148727 0.172397 0.7396621 0.1784999 0.7115756 0.172397 0.7396621 0.1848729 0.7370225 0.1662995 0.7148727 0.1784999 0.7115756 0.1759544 0.6990593 0.1662995 0.7148727 0.1759544 0.6990593 0.1633122 0.7031795 0.1759544 0.6990593 0.166462 0.6651826 0.1547562 0.6690282 0.1759544 0.6990593 0.1547562 0.6690282 0.1633122 0.7031795 0.1547562 0.6690282 0.166462 0.6651826 0.1664808 0.652433 0.1547562 0.6690282 0.1664808 0.652433 0.1525362 0.6590476 0.4146854 0.2288601 0.4153919 0.2310751 0.4242371 0.2322928 0.4146854 0.2288601 0.4242371 0.2322928 0.4265948 0.2288683 0.4135005 0.2257891 0.4146854 0.2288601 0.4265948 0.2288683 0.4135005 0.2257891 0.4265948 0.2288683 0.4270119 0.2260491 0.4123592 0.221561 0.4264478 0.2222848 0.4249868 0.2158271 0.4123592 0.221561 0.4249868 0.2158271 0.4097386 0.2144031 0.4089446 0.2065585 0.4097386 0.2144031 0.4249868 0.2158271 0.4089446 0.2065585 0.4249868 0.2158271 0.4235556 0.2075092 0.4082634 0.1817882 0.4089446 0.2065585 0.4235556 0.2075092 0.4082634 0.1817882 0.4235556 0.2075092 0.4237589 0.1816584 0.5145683 0.2104238 0.5254002 0.2097358 0.5260399 0.1814891 0.5145683 0.2104238 0.5260399 0.1814891 0.5167397 0.1814535 0.5130704 0.2189159 0.5243518 0.2193934 0.5254002 0.2097358 0.5130704 0.2189159 0.5254002 0.2097358 0.5145683 0.2104238 0.5130704 0.2189159 0.5106371 0.2246725 0.5222526 0.2267649 0.5130704 0.2189159 0.5222526 0.2267649 0.5243518 0.2193934 0.5107801 0.2281011 0.5209099 0.2298052 0.5222526 0.2267649 0.5107801 0.2281011 0.5222526 0.2267649 0.5106371 0.2246725 0.5120642 0.2320379 0.5191308 0.2327739 0.5209099 0.2298052 0.5120642 0.2320379 0.5209099 0.2298052 0.5107801 0.2281011 0.2586649 0.6192665 0.2703773 0.6421967 0.2768955 0.6418398 0.2586649 0.6192665 0.2768955 0.6418398 0.2671602 0.6192086 0.2791941 0.6507564 0.2768955 0.6418398 0.2703773 0.6421967 0.2791941 0.6507564 0.2703773 0.6421967 0.2728313 0.6512354 0.2851966 0.6771946 0.2791941 0.6507564 0.2728313 0.6512354 0.2851966 0.6771946 0.2728313 0.6512354 0.2789399 0.6781801 0.2851535 0.7204641 0.2914381 0.7196974 0.2873953 0.6893976 0.2851535 0.7204641 0.2873953 0.6893976 0.2810863 0.6902676 0.2914381 0.7196974 0.2851535 0.7204641 0.2894149 0.7603895 0.2914381 0.7196974 0.2894149 0.7603895 0.2957089 0.7597922 0.2829382 0.9413282 0.2883323 0.9443614 0.2981321 0.8950576 0.2829382 0.9413282 0.2981321 0.8950576 0.2924807 0.8932001 0.2829743 0.9640825 0.2883323 0.9443614 0.2829382 0.9413282 0.2829743 0.9640825 0.2829382 0.9413282 0.2772709 0.9617647 0.3189731 0.1636452 0.3149009 0.1534209 0.3104741 0.1534336 0.3189731 0.1636452 0.3104741 0.1534336 0.3133145 0.1634451 0.3224805 0.1738098 0.3205451 0.1675781 0.3169271 0.1690654 0.3224805 0.1738098 0.3169271 0.1690654 0.3180688 0.1747732 0.3224805 0.1738098 0.3180688 0.1747732 0.3178008 0.1816949 0.3224805 0.1738098 0.3178008 0.1816949 0.3247287 0.1813086 0.3252321 0.1911683 0.3247287 0.1813086 0.3178008 0.1816949 0.3252321 0.1911683 0.3178008 0.1816949 0.3178731 0.1923364 0.3253584 0.2274398 0.3252321 0.1911683 0.3178731 0.1923364 0.3253584 0.2274398 0.3178731 0.1923364 0.3177204 0.2274612 0.2859345 0.1910071 0.277896 0.190317 0.2773972 0.2274143 0.2859345 0.1910071 0.2773972 0.2274143 0.2843586 0.2274423 0.2861647 0.1820535 0.2785324 0.1814042 0.277896 0.190317 0.2861647 0.1820535 0.277896 0.190317 0.2859345 0.1910071 0.2862972 0.1751546 0.2793275 0.1739359 0.2785324 0.1814042 0.2862972 0.1751546 0.2785324 0.1814042 0.2861647 0.1820535 0.2867733 0.1692842 0.2801474 0.168425 0.2793275 0.1739359 0.2867733 0.1692842 0.2793275 0.1739359 0.2862972 0.1751546 0.285223 0.1543616 0.2812013 0.155521 0.2809496 0.1626885 0.285223 0.1543616 0.2809496 0.1626885 0.2873734 0.1628088 0.2534847 0.9504574 0.2578 0.9341628 0.2517533 0.9314986 0.2534847 0.9504574 0.2517533 0.9314986 0.2480642 0.9492585 0.2517533 0.9314986 0.2578 0.9341628 0.2672492 0.8864364 0.2517533 0.9314986 0.2672492 0.8864364 0.2612668 0.8848037 0.2533921 0.7244495 0.2459902 0.7254084 0.2508854 0.7634556 0.2533921 0.7244495 0.2508854 0.7634556 0.257829 0.7628909 0.24239 0.6956741 0.2459902 0.7254084 0.2533921 0.7244495 0.24239 0.6956741 0.2533921 0.7244495 0.249788 0.6947851 0.2478163 0.6822881 0.2405801 0.6496828 0.2309209 0.647315 0.2478163 0.6822881 0.2309209 0.647315 0.2401607 0.6827802 0.2397207 0.6436755 0.2353468 0.6434028 0.2309209 0.647315 0.2397207 0.6436755 0.2309209 0.647315 0.2405801 0.6496828 0.2353468 0.6434028 0.2397207 0.6436755 0.2335075 0.6217776 0.2353468 0.6434028 0.2335075 0.6217776 0.2267107 0.622479 0.4832634 0.2293674 0.483686 0.2341951 0.4934618 0.2337936 0.4832634 0.2293674 0.4934618 0.2337936 0.4933367 0.2284859 0.4832009 0.2253798 0.4832634 0.2293674 0.4933367 0.2284859 0.4832009 0.2253798 0.4933367 0.2284859 0.4942721 0.2248321 0.4832009 0.2253798 0.4942721 0.2248321 0.494279 0.21911 0.4832009 0.2253798 0.494279 0.21911 0.4826351 0.2196035 0.4828694 0.2100797 0.4826351 0.2196035 0.494279 0.21911 0.4828694 0.2100797 0.494279 0.21911 0.4935818 0.2098202 0.4829605 0.1814142 0.4828694 0.2100797 0.4935818 0.2098202 0.4829605 0.1814142 0.4935818 0.2098202 0.4920954 0.1814118 0.2669236 0.3606225 0.2672166 0.3727942 0.2945304 0.3720525 0.2669236 0.3606225 0.2945304 0.3720525 0.2942466 0.3596981 0.2621957 0.3607845 0.2624776 0.3729475 0.2672166 0.3727942 0.2621957 0.3607845 0.2672166 0.3727942 0.2669236 0.3606225 0.2621957 0.3607845 0.2534431 0.3612594 0.2537286 0.3733772 0.2621957 0.3607845 0.2537286 0.3733772 0.2624776 0.3729475 0.2504489 0.3616426 0.2507437 0.3737047 0.2537286 0.3733772 0.2504489 0.3616426 0.2537286 0.3733772 0.2534431 0.3612594 0.2446766 0.3624187 0.245034 0.3743836 0.2507437 0.3737047 0.2446766 0.3624187 0.2507437 0.3737047 0.2504489 0.3616426 0.1809344 0.844332 0.1801246 0.8537397 0.1916308 0.8548077 0.1809344 0.844332 0.1916308 0.8548077 0.1924661 0.8448573 0.2205953 0.8598783 0.2216697 0.848226 0.1924661 0.8448573 0.2205953 0.8598783 0.1924661 0.8448573 0.1916308 0.8548077 0.2216697 0.848226 0.2205953 0.8598783 0.2293691 0.8618383 0.2216697 0.848226 0.2293691 0.8618383 0.230361 0.8495878 0.230361 0.8495878 0.2293691 0.8618383 0.2471572 0.8629683 0.230361 0.8495878 0.2471572 0.8629683 0.2481814 0.8513019 0.2612668 0.8848037 0.2617009 0.874257 0.2541268 0.865036 0.2612668 0.8848037 0.2541268 0.865036 0.2535704 0.872366 0.2617009 0.874257 0.2612668 0.8848037 0.2672492 0.8864364 0.2617009 0.874257 0.2672492 0.8864364 0.267515 0.876257 0.2686863 0.8726797 0.2689906 0.8795157 0.2765417 0.8795714 0.2686863 0.8726797 0.2765417 0.8795714 0.2764763 0.8725281 0.2981321 0.8950576 0.2987495 0.8688442 0.2932776 0.8691431 0.2981321 0.8950576 0.2932776 0.8691431 0.2924807 0.8932001 0.07014054 0.4721741 0.06840175 0.4971833 0.08698296 0.4907674 0.07014054 0.4721741 0.08698296 0.4907674 0.0888977 0.4653247 0.09122967 0.4910146 0.09247815 0.4653702 0.0888977 0.4653247 0.09122967 0.4910146 0.0888977 0.4653247 0.08698296 0.4907674 0.09247815 0.4653702 0.09122967 0.4910146 0.1030962 0.4913746 0.09247815 0.4653702 0.1030962 0.4913746 0.1040384 0.4654989 0.109999 0.491566 0.1107936 0.4656496 0.1040384 0.4654989 0.109999 0.491566 0.1040384 0.4654989 0.1030962 0.4913746 0.1107936 0.4656496 0.109999 0.491566 0.1526988 0.4923371 0.1107936 0.4656496 0.1526988 0.4923371 0.1531213 0.4674913 0.1172571 0.4369395 0.1157017 0.4488295 0.1534593 0.447604 0.1172571 0.4369395 0.1534593 0.447604 0.1536363 0.4371488 0.1157017 0.4488295 0.1172571 0.4369395 0.1113131 0.4368277 0.1157017 0.4488295 0.1113131 0.4368277 0.1094919 0.4487031 0.1113131 0.4368277 0.1020709 0.4366593 0.09967863 0.448502 0.1113131 0.4368277 0.09967863 0.448502 0.1094919 0.4487031 0.09967863 0.448502 0.1020709 0.4366593 0.09918224 0.436603 0.09967863 0.448502 0.09918224 0.436603 0.09595912 0.4488357 0.09288686 0.4365998 0.0887503 0.4481683 0.09595912 0.4488357 0.09288686 0.4365998 0.09595912 0.4488357 0.09918224 0.436603 0.3003068 0.8385856 0.2999581 0.8253102 0.2936075 0.8260971 0.3003068 0.8385856 0.2936075 0.8260971 0.2948541 0.8396376 0.2600045 0.8287792 0.2633902 0.8434163 0.2765668 0.8417797 0.2600045 0.8287792 0.2765668 0.8417797 0.2764353 0.8281703 0.2531384 0.8238829 0.2533742 0.8366754 0.2586317 0.8357713 0.2531384 0.8238829 0.2586317 0.8357713 0.2594928 0.8250026 0.2533742 0.8366754 0.2531384 0.8238829 0.2463274 0.8226101 0.2533742 0.8366754 0.2463274 0.8226101 0.2470649 0.8353689 0.232264 0.8228659 0.2318725 0.8337665 0.2470649 0.8353689 0.232264 0.8228659 0.2470649 0.8353689 0.2463274 0.8226101 0.2241031 0.8210893 0.2236551 0.8327665 0.2318725 0.8337665 0.2241031 0.8210893 0.2318725 0.8337665 0.232264 0.8228659 0.2236551 0.8327665 0.2241031 0.8210893 0.1936463 0.8193616 0.2236551 0.8327665 0.1936463 0.8193616 0.1933997 0.8305589 0.1819516 0.8192147 0.1817862 0.8303041 0.1933997 0.8305589 0.1819516 0.8192147 0.1933997 0.8305589 0.1936463 0.8193616 0.2448986 0.3916894 0.2453811 0.4051951 0.2510253 0.405236 0.2448986 0.3916894 0.2510253 0.405236 0.2505746 0.3912569 0.2540065 0.405196 0.2535312 0.3910512 0.2505746 0.3912569 0.2540065 0.405196 0.2505746 0.3912569 0.2510253 0.405236 0.2535312 0.3910512 0.2540065 0.405196 0.2627547 0.4049543 0.2535312 0.3910512 0.2627547 0.4049543 0.262392 0.3907071 0.2675397 0.4048442 0.2671741 0.3905695 0.262392 0.3907071 0.2675397 0.4048442 0.262392 0.3907071 0.2627547 0.4049543 0.2671741 0.3905695 0.2675397 0.4048442 0.295275 0.4041435 0.2671741 0.3905695 0.295275 0.4041435 0.2949424 0.3898651 0.1157017 0.4488295 0.1107936 0.4656496 0.1531213 0.4674913 0.1157017 0.4488295 0.1531213 0.4674913 0.1534593 0.447604 0.1040384 0.4654989 0.1107936 0.4656496 0.1157017 0.4488295 0.1040384 0.4654989 0.1157017 0.4488295 0.1094919 0.4487031 0.1094919 0.4487031 0.09967863 0.448502 0.09247815 0.4653702 0.1094919 0.4487031 0.09247815 0.4653702 0.1040384 0.4654989 0.0888977 0.4653247 0.09247815 0.4653702 0.09967863 0.448502 0.0888977 0.4653247 0.09967863 0.448502 0.09595912 0.4488357 0.0887503 0.4481683 0.07014054 0.4721741 0.0888977 0.4653247 0.0887503 0.4481683 0.0888977 0.4653247 0.09595912 0.4488357 0.2987495 0.8688442 0.3003068 0.8385856 0.2948541 0.8396376 0.2987495 0.8688442 0.2948541 0.8396376 0.2932776 0.8691431 0.2633902 0.8434163 0.2672992 0.8615687 0.2772434 0.8610522 0.2633902 0.8434163 0.2772434 0.8610522 0.2765668 0.8417797 0.2533742 0.8366754 0.2622057 0.8615887 0.2675033 0.8612679 0.2533742 0.8366754 0.2675033 0.8612679 0.2586317 0.8357713 0.2622057 0.8615887 0.2533742 0.8366754 0.2470649 0.8353689 0.2622057 0.8615887 0.2470649 0.8353689 0.2481814 0.8513019 0.2318725 0.8337665 0.230361 0.8495878 0.2481814 0.8513019 0.2318725 0.8337665 0.2481814 0.8513019 0.2470649 0.8353689 0.2236551 0.8327665 0.2216697 0.848226 0.230361 0.8495878 0.2236551 0.8327665 0.230361 0.8495878 0.2318725 0.8337665 0.1924661 0.8448573 0.2216697 0.848226 0.2236551 0.8327665 0.1924661 0.8448573 0.2236551 0.8327665 0.1933997 0.8305589 0.1817862 0.8303041 0.1809344 0.844332 0.1924661 0.8448573 0.1817862 0.8303041 0.1924661 0.8448573 0.1933997 0.8305589 0.245034 0.3743836 0.2448986 0.3916894 0.2505746 0.3912569 0.245034 0.3743836 0.2505746 0.3912569 0.2507437 0.3737047 0.2535312 0.3910512 0.2537286 0.3733772 0.2507437 0.3737047 0.2535312 0.3910512 0.2507437 0.3737047 0.2505746 0.3912569 0.2537286 0.3733772 0.2535312 0.3910512 0.262392 0.3907071 0.2537286 0.3733772 0.262392 0.3907071 0.2624776 0.3729475 0.2671741 0.3905695 0.2672166 0.3727942 0.2624776 0.3729475 0.2671741 0.3905695 0.2624776 0.3729475 0.262392 0.3907071 0.2672166 0.3727942 0.2671741 0.3905695 0.2949424 0.3898651 0.2672166 0.3727942 0.2949424 0.3898651 0.2945304 0.3720525 0.1112797 0.5935602 0.1140155 0.6031334 0.1507793 0.6040551 0.1112797 0.5935602 0.1507793 0.6040551 0.1509275 0.595223 0.1036506 0.5941475 0.1030299 0.6029838 0.1140155 0.6031334 0.1036506 0.5941475 0.1140155 0.6031334 0.1112797 0.5935602 0.1036506 0.5941475 0.0947442 0.5927858 0.09430301 0.6018298 0.1036506 0.5941475 0.09430301 0.6018298 0.1030299 0.6029838 0.08830487 0.5911729 0.08725422 0.5991913 0.09430301 0.6018298 0.08830487 0.5911729 0.09430301 0.6018298 0.0947442 0.5927858 0.08323097 0.5967389 0.08725422 0.5991913 0.08830487 0.5911729 0.08323097 0.5967389 0.08830487 0.5911729 0.08375859 0.5888767 0.2566435 0.9930288 0.2602214 0.9972341 0.2670283 0.9920261 0.2566435 0.9930288 0.2670283 0.9920261 0.2628754 0.9874106 0.2432866 0.9764817 0.2482406 0.9816018 0.2521501 0.9766004 0.2432866 0.9764817 0.2521501 0.9766004 0.2458304 0.9720671 0.2419693 0.9745579 0.2432866 0.9764817 0.2458304 0.9720671 0.2419693 0.9745579 0.2458304 0.9720671 0.242928 0.9706614 0.237086 0.975884 0.2419693 0.9745579 0.242928 0.9706614 0.237086 0.975884 0.242928 0.9706614 0.2367076 0.9695175 0.225528 0.9719806 0.2290117 0.9783607 0.2328523 0.9771891 0.225528 0.9719806 0.2328523 0.9771891 0.2327061 0.9697456 0.2290117 0.9783607 0.225528 0.9719806 0.2216994 0.9738547 0.2290117 0.9783607 0.2216994 0.9738547 0.2240951 0.979568 0.2166453 0.9757605 0.2186267 0.9807134 0.2240951 0.979568 0.2166453 0.9757605 0.2240951 0.979568 0.2216994 0.9738547 0.196192 0.9781556 0.1966385 0.9829072 0.2186267 0.9807134 0.196192 0.9781556 0.2186267 0.9807134 0.2166453 0.9757605 0.3205451 0.1675781 0.3189731 0.1636452 0.3133145 0.1634451 0.3205451 0.1675781 0.3133145 0.1634451 0.3169271 0.1690654 0.2809496 0.1626885 0.2801474 0.168425 0.2867733 0.1692842 0.2809496 0.1626885 0.2867733 0.1692842 0.2873734 0.1628088 0.2327061 0.9697456 0.2328523 0.9771891 0.237086 0.975884 0.2327061 0.9697456 0.237086 0.975884 0.2367076 0.9695175 0.2411394 0.9272783 0.2364019 0.9267184 0.233723 0.9498401 0.2411394 0.9272783 0.233723 0.9498401 0.2385861 0.9491079 0.2364019 0.9267184 0.2411394 0.9272783 0.2389302 0.9086834 0.2364019 0.9267184 0.2389302 0.9086834 0.234586 0.9144735 0.2389302 0.9086834 0.2453907 0.9173194 0.2535704 0.872366 0.2389302 0.9086834 0.2535704 0.872366 0.2471572 0.8629683 0.2617009 0.874257 0.2622057 0.8615887 0.2481814 0.8513019 0.2617009 0.874257 0.2481814 0.8513019 0.2541268 0.865036 0.2481814 0.8513019 0.2471572 0.8629683 0.2535704 0.872366 0.2481814 0.8513019 0.2535704 0.872366 0.2541268 0.865036 0.2675033 0.8612679 0.2622057 0.8615887 0.2617009 0.874257 0.2675033 0.8612679 0.2617009 0.874257 0.267515 0.876257 0.2874257 0.8613265 0.2846044 0.8725442 0.2844063 0.8797809 0.2874257 0.8613265 0.2844063 0.8797809 0.2877147 0.8802644 0.2772434 0.8610522 0.2672992 0.8615687 0.2686863 0.8726797 0.2772434 0.8610522 0.2686863 0.8726797 0.2764763 0.8725281 0.2872714 0.8927631 0.2779155 0.9398606 0.2829382 0.9413282 0.2872714 0.8927631 0.2829382 0.9413282 0.2924807 0.8932001 0.2772709 0.9617647 0.2829382 0.9413282 0.2779155 0.9398606 0.2772709 0.9617647 0.2779155 0.9398606 0.2722175 0.9595766 0.25374 0.9885616 0.2566435 0.9930288 0.2628754 0.9874106 0.25374 0.9885616 0.2628754 0.9874106 0.2593671 0.9830965 0.3104741 0.1534336 0.3051862 0.1534324 0.3065191 0.1621166 0.3104741 0.1534336 0.3065191 0.1621166 0.3133145 0.1634451 0.3178008 0.1816949 0.3063102 0.1827437 0.3062898 0.1937956 0.3178008 0.1816949 0.3062898 0.1937956 0.3178731 0.1923364 0.3178731 0.1923364 0.3062898 0.1937956 0.3068938 0.227475 0.3178731 0.1923364 0.3068938 0.227475 0.3177204 0.2274612 0.2147632 0.6262312 0.2235417 0.6473848 0.2309209 0.647315 0.2147632 0.6262312 0.2309209 0.647315 0.2216504 0.6237305 0.1979845 0.631038 0.2092179 0.6524506 0.2148557 0.6480974 0.1979845 0.631038 0.2148557 0.6480974 0.2071108 0.6297903 0.1882406 0.6590523 0.2009274 0.6556482 0.1936026 0.6406144 0.1882406 0.6590523 0.1936026 0.6406144 0.1860373 0.6438127 0.2321823 0.6838527 0.2401607 0.6827802 0.2309209 0.647315 0.2321823 0.6838527 0.2309209 0.647315 0.2235417 0.6473848 0.2092179 0.6524506 0.2186948 0.6870408 0.2258 0.6847583 0.2092179 0.6524506 0.2258 0.6847583 0.2148557 0.6480974 0.1882406 0.6590523 0.2016544 0.6922731 0.2127122 0.6893036 0.1882406 0.6590523 0.2127122 0.6893036 0.2009274 0.6556482 0.2343589 0.6967069 0.2388394 0.7263476 0.2459902 0.7254084 0.2343589 0.6967069 0.2459902 0.7254084 0.24239 0.6956741 0.221252 0.699012 0.224466 0.7193829 0.2285671 0.7161728 0.221252 0.699012 0.2285671 0.7161728 0.227765 0.6973174 0.2060856 0.7043579 0.2144809 0.7306821 0.2244539 0.7284609 0.2060856 0.7043579 0.2244539 0.7284609 0.2165169 0.7007938 0.2071108 0.6297903 0.2148557 0.6480974 0.2235417 0.6473848 0.2071108 0.6297903 0.2235417 0.6473848 0.2147632 0.6262312 0.1979845 0.631038 0.1936026 0.6406144 0.2009274 0.6556482 0.1979845 0.631038 0.2009274 0.6556482 0.2092179 0.6524506 0.2092179 0.6524506 0.2009274 0.6556482 0.2127122 0.6893036 0.2092179 0.6524506 0.2127122 0.6893036 0.2186948 0.6870408 0.2148557 0.6480974 0.2258 0.6847583 0.2321823 0.6838527 0.2148557 0.6480974 0.2321823 0.6838527 0.2235417 0.6473848 0.227765 0.6973174 0.2285671 0.7161728 0.2388394 0.7263476 0.227765 0.6973174 0.2388394 0.7263476 0.2343589 0.6967069 0.2388394 0.7263476 0.2285671 0.7161728 0.224466 0.7193829 0.2388394 0.7263476 0.224466 0.7193829 0.2244539 0.7284609 0.2244539 0.7284609 0.224466 0.7193829 0.221252 0.699012 0.2244539 0.7284609 0.221252 0.699012 0.2165169 0.7007938 0.07373863 0.5849092 0.07382148 0.5915167 0.08323097 0.5967389 0.07373863 0.5849092 0.08323097 0.5967389 0.08375859 0.5888767 0.0830276 0.5695186 0.07303088 0.5681207 0.07353669 0.5770964 0.0830276 0.5695186 0.07353669 0.5770964 0.08354324 0.5798501 0.2686896 0.9797977 0.2736629 0.9835179 0.2794039 0.9731143 0.2686896 0.9797977 0.2794039 0.9731143 0.273913 0.970115 0.2643899 0.9761777 0.2686896 0.9797977 0.273913 0.970115 0.2643899 0.9761777 0.273913 0.970115 0.2690818 0.9672802 0.2596481 0.9624044 0.2513639 0.9574593 0.2483158 0.9663271 0.2596481 0.9624044 0.2483158 0.9663271 0.2559222 0.9704762 0.2445393 0.9641969 0.2483158 0.9663271 0.2513639 0.9574593 0.2445393 0.9641969 0.2513639 0.9574593 0.246492 0.956149 0.246492 0.956149 0.2378163 0.9554173 0.237064 0.9627193 0.246492 0.956149 0.237064 0.9627193 0.2445393 0.9641969 0.2378163 0.9554173 0.2331119 0.9559156 0.2326851 0.963024 0.2378163 0.9554173 0.2326851 0.963024 0.237064 0.9627193 0.2331119 0.9559156 0.2243503 0.9572551 0.2245993 0.9652454 0.2331119 0.9559156 0.2245993 0.9652454 0.2326851 0.963024 0.7689025 0.1241446 0.7609415 0.1255701 0.7628138 0.1364192 0.7689025 0.1241446 0.7628138 0.1364192 0.7708618 0.1364468 0.7708618 0.1364468 0.7794578 0.1364098 0.7790285 0.1178829 0.7708618 0.1364468 0.7790285 0.1178829 0.7689025 0.1241446 0.08655428 0.5444962 0.0705229 0.5441702 0.07245498 0.5607959 0.08655428 0.5444962 0.07245498 0.5607959 0.08243274 0.5610628 0.734125 0.06557649 0.744625 0.06657958 0.7449209 0.03601998 0.734125 0.06557649 0.7449209 0.03601998 0.7346224 0.03620654 0.3809182 0.9929767 0.4113551 0.9965423 0.4113449 0.9868078 0.3809182 0.9929767 0.4113449 0.9868078 0.3824751 0.9832422 0.2594928 0.8250026 0.2600045 0.8287792 0.2764353 0.8281703 0.2594928 0.8250026 0.2764353 0.8281703 0.2763495 0.8255153 0.9302063 0.883039 0.930029 0.885315 0.9299597 0.8977308 0.9302063 0.883039 0.9299597 0.8977308 0.9352332 0.8954549 0.4031748 0.9444782 0.4113322 0.9477365 0.411318 0.9353084 0.4031748 0.9444782 0.411318 0.9353084 0.4111925 0.9330343 0.9352332 0.8954549 0.9299597 0.8977308 0.9297887 0.9210941 0.9352332 0.8954549 0.9297887 0.9210941 0.9555539 0.9188182 0.3832449 0.9673792 0.4113398 0.9709447 0.4113322 0.9477365 0.3832449 0.9673792 0.4113322 0.9477365 0.4031748 0.9444782 0.9555539 0.9188182 0.9297887 0.9210941 0.9297707 0.9468076 0.9555539 0.9188182 0.9297707 0.9468076 0.9578471 0.9435468 0.7188759 0.03594595 0.7188267 0.06415402 0.7233571 0.06453907 0.7188759 0.03594595 0.7233571 0.06453907 0.7240028 0.03645312 0.3824751 0.9832422 0.4113449 0.9868078 0.4113398 0.9709447 0.3824751 0.9832422 0.4113398 0.9709447 0.3832449 0.9673792 0.4705284 0.2325946 0.4651569 0.2355183 0.4660547 0.2411726 0.4705284 0.2325946 0.4660547 0.2411726 0.4727018 0.2369233 0.4559978 0.2407666 0.4660547 0.2411726 0.4651569 0.2355183 0.4559978 0.2407666 0.4651569 0.2355183 0.4560464 0.2350856 0.4264478 0.2222848 0.4270119 0.2260491 0.4463952 0.2292072 0.4264478 0.2222848 0.4463952 0.2292072 0.4468277 0.2256875 0.4566197 0.2277796 0.4559727 0.2313549 0.4644042 0.2324535 0.4566197 0.2277796 0.4644042 0.2324535 0.4673134 0.2284968 0.4673134 0.2284968 0.4644042 0.2324535 0.4651569 0.2355183 0.4673134 0.2284968 0.4651569 0.2355183 0.4705284 0.2325946 0.4468277 0.2256875 0.4463952 0.2292072 0.4559727 0.2313549 0.4468277 0.2256875 0.4559727 0.2313549 0.4566197 0.2277796 0.2605348 0.5886405 0.2638196 0.5896573 0.263443 0.584937 0.2605348 0.5886405 0.263443 0.584937 0.2604036 0.5835959 0.1860373 0.6438127 0.1853584 0.6332406 0.1637644 0.6444028 0.1860373 0.6438127 0.1637644 0.6444028 0.1664808 0.652433 0.2538715 0.5822744 0.254378 0.5871496 0.2578751 0.5877206 0.2538715 0.5822744 0.2578751 0.5877206 0.2578137 0.5825974 0.1664808 0.652433 0.1637644 0.6444028 0.1523905 0.6530621 0.1664808 0.652433 0.1523905 0.6530621 0.1525362 0.6590476 0.4123592 0.221561 0.4135005 0.2257891 0.4270119 0.2260491 0.4123592 0.221561 0.4270119 0.2260491 0.4264478 0.2222848 0.1936026 0.6406144 0.1979845 0.631038 0.1853584 0.6332406 0.1936026 0.6406144 0.1853584 0.6332406 0.1860373 0.6438127 0.2753303 0.6014258 0.2998095 0.60127 0.299435 0.5903068 0.2753303 0.6014258 0.299435 0.5903068 0.276685 0.5908649 0.2675151 0.6013817 0.2753303 0.6014258 0.276685 0.5908649 0.2675151 0.6013817 0.276685 0.5908649 0.269597 0.5905504 0.2604551 0.5998607 0.2675151 0.6013817 0.269597 0.5905504 0.2604551 0.5998607 0.269597 0.5905504 0.2638196 0.5896573 0.2567366 0.5990996 0.2604551 0.5998607 0.2638196 0.5896573 0.2567366 0.5990996 0.2638196 0.5896573 0.2605348 0.5886405 0.2540099 0.5975744 0.2567366 0.5990996 0.2605348 0.5886405 0.2540099 0.5975744 0.2605348 0.5886405 0.2578751 0.5877206 0.2522724 0.5960571 0.2540099 0.5975744 0.2578751 0.5877206 0.2522724 0.5960571 0.2578751 0.5877206 0.254378 0.5871496 0.1608104 0.6331496 0.1537924 0.6399128 0.1523905 0.6530621 0.1608104 0.6331496 0.1523905 0.6530621 0.1637644 0.6444028 0.1784355 0.6199437 0.1608104 0.6331496 0.1637644 0.6444028 0.1784355 0.6199437 0.1637644 0.6444028 0.1853584 0.6332406 0.1909345 0.6157006 0.1784355 0.6199437 0.1853584 0.6332406 0.1909345 0.6157006 0.1853584 0.6332406 0.1979845 0.631038 0.2008034 0.6122934 0.1909345 0.6157006 0.1979845 0.631038 0.2008034 0.6122934 0.1979845 0.631038 0.2071108 0.6297903 0.2075948 0.6079867 0.2008034 0.6122934 0.2071108 0.6297903 0.2075948 0.6079867 0.2071108 0.6297903 0.2147632 0.6262312 0.2138496 0.6065958 0.2075948 0.6079867 0.2147632 0.6262312 0.2138496 0.6065958 0.2147632 0.6262312 0.2216504 0.6237305 0.2197504 0.6062685 0.2138496 0.6065958 0.2216504 0.6237305 0.2197504 0.6062685 0.2216504 0.6237305 0.2267107 0.622479 0.2304623 0.606007 0.2197504 0.6062685 0.2267107 0.622479 0.2304623 0.606007 0.2267107 0.622479 0.2335075 0.6217776 0.2406933 0.6051598 0.2304623 0.606007 0.2335075 0.6217776 0.2406933 0.6051598 0.2335075 0.6217776 0.2457576 0.6204121 0.2591624 0.6053594 0.2514229 0.6043471 0.2586649 0.6192665 0.2591624 0.6053594 0.2586649 0.6192665 0.2671602 0.6192086 0.109981 0.2389937 0.1072833 0.240401 0.1073426 0.2523363 0.109981 0.2389937 0.1073426 0.2523363 0.1114103 0.2534852 0.112585 0.2372565 0.109981 0.2389937 0.1114103 0.2534852 0.112585 0.2372565 0.1114103 0.2534852 0.1139729 0.2522937 0.1194001 0.2365671 0.112585 0.2372565 0.1139729 0.2522937 0.1194001 0.2365671 0.1139729 0.2522937 0.1208085 0.2514075 0.1289159 0.2363342 0.1194001 0.2365671 0.1208085 0.2514075 0.1289159 0.2363342 0.1208085 0.2514075 0.1267877 0.2509881 0.1567664 0.2516527 0.1570827 0.2363904 0.1289159 0.2363342 0.1567664 0.2516527 0.1289159 0.2363342 0.1267877 0.2509881 0.263443 0.584937 0.2638196 0.5896573 0.269597 0.5905504 0.263443 0.584937 0.269597 0.5905504 0.2693794 0.5865325 0.276685 0.5908649 0.2761762 0.587141 0.2693794 0.5865325 0.276685 0.5908649 0.2693794 0.5865325 0.269597 0.5905504 0.2761762 0.587141 0.276685 0.5908649 0.299435 0.5903068 0.2761762 0.587141 0.299435 0.5903068 0.2993528 0.5872574 0.2578137 0.5825974 0.2578751 0.5877206 0.2605348 0.5886405 0.2578137 0.5825974 0.2605348 0.5886405 0.2604036 0.5835959 0.2585102 0.5749886 0.2561225 0.5743738 0.2578137 0.5825974 0.2585102 0.5749886 0.2578137 0.5825974 0.2604036 0.5835959 0.2503429 0.5383373 0.2561225 0.5743738 0.2585102 0.5749886 0.2503429 0.5383373 0.2585102 0.5749886 0.2545178 0.5535835 0.2545178 0.5535835 0.2559594 0.554699 0.2542425 0.5388104 0.2545178 0.5535835 0.2542425 0.5388104 0.2503429 0.5383373 0.2542425 0.5388104 0.2559594 0.554699 0.2636085 0.5580621 0.2542425 0.5388104 0.2636085 0.5580621 0.2629224 0.5457231 0.2672265 0.5577275 0.2665436 0.5464363 0.2629224 0.5457231 0.2672265 0.5577275 0.2629224 0.5457231 0.2636085 0.5580621 0.2665436 0.5464363 0.2672265 0.5577275 0.268691 0.5574191 0.2665436 0.5464363 0.268691 0.5574191 0.2679077 0.5459042 0.276663 0.5557717 0.2750735 0.5388087 0.2679077 0.5459042 0.276663 0.5557717 0.2679077 0.5459042 0.268691 0.5574191 0.2986276 0.5534729 0.2983201 0.5372684 0.2750735 0.5388087 0.2986276 0.5534729 0.2750735 0.5388087 0.276663 0.5557717 0.1904924 0.769775 0.2208376 0.766227 0.2144809 0.7306821 0.1904924 0.769775 0.2144809 0.7306821 0.1848729 0.7370225 0.172397 0.7396621 0.1782058 0.7715629 0.1904924 0.769775 0.172397 0.7396621 0.1904924 0.769775 0.1848729 0.7370225 0.2530194 0.4619759 0.2474006 0.4616765 0.2480604 0.4967865 0.2530194 0.4619759 0.2480604 0.4967865 0.2538068 0.4975068 0.256287 0.4621266 0.2530194 0.4619759 0.2538068 0.4975068 0.256287 0.4621266 0.2538068 0.4975068 0.2574129 0.4979377 0.2647333 0.4620503 0.256287 0.4621266 0.2574129 0.4979377 0.2647333 0.4620503 0.2574129 0.4979377 0.2657657 0.4980238 0.2701162 0.4979012 0.2692399 0.4619423 0.2647333 0.4620503 0.2701162 0.4979012 0.2647333 0.4620503 0.2657657 0.4980238 0.2975162 0.4998617 0.2966176 0.4612369 0.2692399 0.4619423 0.2975162 0.4998617 0.2692399 0.4619423 0.2701162 0.4979012 0.1784999 0.7115756 0.2060856 0.7043579 0.2016544 0.6922731 0.1784999 0.7115756 0.2016544 0.6922731 0.1759544 0.6990593 0.2016544 0.6922731 0.2060856 0.7043579 0.2165169 0.7007938 0.2016544 0.6922731 0.2165169 0.7007938 0.2127122 0.6893036 0.221252 0.699012 0.2186948 0.6870408 0.2127122 0.6893036 0.221252 0.699012 0.2127122 0.6893036 0.2165169 0.7007938 0.2186948 0.6870408 0.221252 0.699012 0.227765 0.6973174 0.2186948 0.6870408 0.227765 0.6973174 0.2258 0.6847583 0.2321823 0.6838527 0.2258 0.6847583 0.227765 0.6973174 0.2321823 0.6838527 0.227765 0.6973174 0.2343589 0.6967069 0.2321823 0.6838527 0.2343589 0.6967069 0.24239 0.6956741 0.2321823 0.6838527 0.24239 0.6956741 0.2401607 0.6827802 0.2401607 0.6827802 0.24239 0.6956741 0.249788 0.6947851 0.2401607 0.6827802 0.249788 0.6947851 0.2478163 0.6822881 0.2629588 0.6803501 0.2478163 0.6822881 0.249788 0.6947851 0.2629588 0.6803501 0.249788 0.6947851 0.2650425 0.6925718 0.2873953 0.6893976 0.2851966 0.6771946 0.2789399 0.6781801 0.2873953 0.6893976 0.2789399 0.6781801 0.2810863 0.6902676 0.09927868 0.3046123 0.09876537 0.3155272 0.1042491 0.3157131 0.09927868 0.3046123 0.1042491 0.3157131 0.1048438 0.3050802 0.1068942 0.3152059 0.107514 0.3045442 0.1048438 0.3050802 0.1068942 0.3152059 0.1048438 0.3050802 0.1042491 0.3157131 0.107514 0.3045442 0.1068942 0.3152059 0.1151539 0.3145614 0.107514 0.3045442 0.1151539 0.3145614 0.1155913 0.3038691 0.1206414 0.3145183 0.1209962 0.3038162 0.1155913 0.3038691 0.1206414 0.3145183 0.1155913 0.3038691 0.1151539 0.3145614 0.1556797 0.3151205 0.1558575 0.3044186 0.1209962 0.3038162 0.1556797 0.3151205 0.1209962 0.3038162 0.1206414 0.3145183 0.5038784 0.2101233 0.5091609 0.2102745 0.5103936 0.1814362 0.5038784 0.2101233 0.5103936 0.1814362 0.5041899 0.1814227 0.5035193 0.2190052 0.5082422 0.2189543 0.5091609 0.2102745 0.5035193 0.2190052 0.5091609 0.2102745 0.5038784 0.2101233 0.5023571 0.2247493 0.5064625 0.2246996 0.5082422 0.2189543 0.5023571 0.2247493 0.5082422 0.2189543 0.5035193 0.2190052 0.5020059 0.2283158 0.5063677 0.2281965 0.5064625 0.2246996 0.5020059 0.2283158 0.5064625 0.2246996 0.5023571 0.2247493 0.5027209 0.2328943 0.5073356 0.2323798 0.5063677 0.2281965 0.5027209 0.2328943 0.5063677 0.2281965 0.5020059 0.2283158 0.2459768 0.604731 0.2406933 0.6051598 0.2457576 0.6204121 0.2459768 0.604731 0.2457576 0.6204121 0.2521091 0.6198145 0.2547823 0.6434073 0.2626013 0.642916 0.2521091 0.6198145 0.2547823 0.6434073 0.2521091 0.6198145 0.2457576 0.6204121 0.2626013 0.642916 0.2547823 0.6434073 0.2560616 0.6505273 0.2626013 0.642916 0.2560616 0.6505273 0.264644 0.6513974 0.264644 0.6513974 0.2560616 0.6505273 0.2629588 0.6803501 0.264644 0.6513974 0.2629588 0.6803501 0.270826 0.6793 0.270826 0.6793 0.2629588 0.6803501 0.2650425 0.6925718 0.270826 0.6793 0.2650425 0.6925718 0.2729423 0.6914246 0.268975 0.7224563 0.2769712 0.721459 0.2729423 0.6914246 0.268975 0.7224563 0.2729423 0.6914246 0.2650425 0.6925718 0.2769712 0.721459 0.268975 0.7224563 0.2733005 0.7616665 0.2769712 0.721459 0.2733005 0.7616665 0.2812614 0.7610391 0.2764353 0.8281703 0.2845737 0.8285588 0.2846972 0.825816 0.2764353 0.8281703 0.2846972 0.825816 0.2763495 0.8255153 0.2765668 0.8417797 0.2831473 0.842018 0.2845737 0.8285588 0.2765668 0.8417797 0.2845737 0.8285588 0.2764353 0.8281703 0.2772434 0.8610522 0.282319 0.8611017 0.2831473 0.842018 0.2772434 0.8610522 0.2831473 0.842018 0.2765668 0.8417797 0.282319 0.8611017 0.2772434 0.8610522 0.2764763 0.8725281 0.282319 0.8611017 0.2764763 0.8725281 0.280495 0.8725196 0.2765417 0.8795714 0.2804205 0.8796643 0.280495 0.8725196 0.2765417 0.8795714 0.280495 0.8725196 0.2764763 0.8725281 0.7287854 0.0650689 0.734125 0.06557649 0.7346224 0.03620654 0.7287854 0.0650689 0.7346224 0.03620654 0.72934 0.03632289 0.2676433 0.9367777 0.2726674 0.938449 0.2821268 0.891201 0.2676433 0.9367777 0.2821268 0.891201 0.2771387 0.8893707 0.2726674 0.938449 0.2676433 0.9367777 0.2626111 0.954381 0.2726674 0.938449 0.2626111 0.954381 0.2671411 0.9573699 0.2559222 0.9704762 0.2600049 0.9731199 0.2642264 0.9647091 0.2559222 0.9704762 0.2642264 0.9647091 0.2596481 0.9624044 0.2482406 0.9816018 0.2508624 0.9848472 0.2556126 0.9795863 0.2482406 0.9816018 0.2556126 0.9795863 0.2521501 0.9766004 0.2999755 0.1536198 0.2948908 0.1538325 0.2950283 0.1631051 0.2999755 0.1536198 0.2950283 0.1631051 0.3006268 0.1623493 0.2948613 0.1928712 0.2859345 0.1910071 0.2843586 0.2274423 0.2948613 0.1928712 0.2843586 0.2274423 0.2947153 0.2274711 0.2949405 0.1823753 0.2861647 0.1820535 0.2859345 0.1910071 0.2949405 0.1823753 0.2859345 0.1910071 0.2948613 0.1928712 0.2873734 0.1628088 0.2867733 0.1692842 0.2937133 0.169651 0.2873734 0.1628088 0.2937133 0.169651 0.2950283 0.1631051 0.2867733 0.1692842 0.2862972 0.1751546 0.2937505 0.174817 0.2867733 0.1692842 0.2937505 0.174817 0.2937133 0.169651 0.2862972 0.1751546 0.2861647 0.1820535 0.2949405 0.1823753 0.2862972 0.1751546 0.2949405 0.1823753 0.2937505 0.174817 0.8976633 0.993802 0.8981625 0.9951167 0.902257 0.9913347 0.8976633 0.993802 0.902257 0.9913347 0.901079 0.9904295 0.8930523 0.9948898 0.8928081 0.9962806 0.8981625 0.9951167 0.8930523 0.9948898 0.8981625 0.9951167 0.8976633 0.993802 0.8885815 0.9933909 0.8876894 0.9945713 0.8928081 0.9962806 0.8885815 0.9933909 0.8928081 0.9962806 0.8930523 0.9948898 0.8854348 0.989768 0.8840993 0.9905196 0.8876894 0.9945713 0.8854348 0.989768 0.8876894 0.9945713 0.8885815 0.9933909 0.8844366 0.9850605 0.8828942 0.9852193 0.8840993 0.9905196 0.8844366 0.9850605 0.8840993 0.9905196 0.8854348 0.989768 0.8858345 0.9805377 0.8844188 0.9800371 0.8828942 0.9852193 0.8858345 0.9805377 0.8828942 0.9852193 0.8844366 0.9850605 0.8892352 0.9773532 0.8883107 0.9762997 0.8844188 0.9800371 0.8892352 0.9773532 0.8844188 0.9800371 0.8858345 0.9805377 0.8936814 0.9762936 0.8935723 0.9749913 0.8883107 0.9762997 0.8936814 0.9762936 0.8883107 0.9762997 0.8892352 0.9773532 0.8981274 0.9776328 0.898881 0.9765119 0.8935723 0.9749913 0.8981274 0.9776328 0.8935723 0.9749913 0.8936814 0.9762936 0.9012988 0.9810678 0.9026775 0.9805182 0.898881 0.9765119 0.9012988 0.9810678 0.898881 0.9765119 0.8981274 0.9776328 0.902422 0.985747 0.9039507 0.9859625 0.9026775 0.9805182 0.902422 0.985747 0.9026775 0.9805182 0.9012988 0.9810678 0.901079 0.9904295 0.902257 0.9913347 0.9039507 0.9859625 0.901079 0.9904295 0.9039507 0.9859625 0.902422 0.985747 0.5091609 0.2102745 0.5145683 0.2104238 0.5167397 0.1814535 0.5091609 0.2102745 0.5167397 0.1814535 0.5103936 0.1814362 0.5082422 0.2189543 0.5130704 0.2189159 0.5145683 0.2104238 0.5082422 0.2189543 0.5145683 0.2104238 0.5091609 0.2102745 0.5064625 0.2246996 0.5106371 0.2246725 0.5130704 0.2189159 0.5064625 0.2246996 0.5130704 0.2189159 0.5082422 0.2189543 0.5063677 0.2281965 0.5107801 0.2281011 0.5106371 0.2246725 0.5063677 0.2281965 0.5106371 0.2246725 0.5064625 0.2246996 0.5073356 0.2323798 0.5120642 0.2320379 0.5107801 0.2281011 0.5073356 0.2323798 0.5107801 0.2281011 0.5063677 0.2281965 0.2586649 0.6192665 0.2514229 0.6043471 0.2459768 0.604731 0.2586649 0.6192665 0.2459768 0.604731 0.2521091 0.6198145 0.2626013 0.642916 0.2703773 0.6421967 0.2586649 0.6192665 0.2626013 0.642916 0.2586649 0.6192665 0.2521091 0.6198145 0.2703773 0.6421967 0.2626013 0.642916 0.264644 0.6513974 0.2703773 0.6421967 0.264644 0.6513974 0.2728313 0.6512354 0.2789399 0.6781801 0.2728313 0.6512354 0.264644 0.6513974 0.2789399 0.6781801 0.264644 0.6513974 0.270826 0.6793 0.2810863 0.6902676 0.2789399 0.6781801 0.270826 0.6793 0.2810863 0.6902676 0.270826 0.6793 0.2729423 0.6914246 0.2769712 0.721459 0.2851535 0.7204641 0.2810863 0.6902676 0.2769712 0.721459 0.2810863 0.6902676 0.2729423 0.6914246 0.2812614 0.7610391 0.2894149 0.7603895 0.2851535 0.7204641 0.2812614 0.7610391 0.2851535 0.7204641 0.2769712 0.721459 0.2845737 0.8285588 0.2929932 0.8298074 0.2936075 0.8260971 0.2845737 0.8285588 0.2936075 0.8260971 0.2846972 0.825816 0.2831473 0.842018 0.2896043 0.84298 0.2929932 0.8298074 0.2831473 0.842018 0.2929932 0.8298074 0.2845737 0.8285588 0.282319 0.8611017 0.2874257 0.8613265 0.2896043 0.84298 0.282319 0.8611017 0.2896043 0.84298 0.2831473 0.842018 0.2874257 0.8613265 0.282319 0.8611017 0.280495 0.8725196 0.2874257 0.8613265 0.280495 0.8725196 0.2846044 0.8725442 0.2804205 0.8796643 0.2844063 0.8797809 0.2846044 0.8725442 0.2804205 0.8796643 0.2846044 0.8725442 0.280495 0.8725196 0.7240028 0.03645312 0.7233571 0.06453907 0.7287854 0.0650689 0.7240028 0.03645312 0.7287854 0.0650689 0.72934 0.03632289 0.2726674 0.938449 0.2779155 0.9398606 0.2872714 0.8927631 0.2726674 0.938449 0.2872714 0.8927631 0.2821268 0.891201 0.2779155 0.9398606 0.2726674 0.938449 0.2671411 0.9573699 0.2779155 0.9398606 0.2671411 0.9573699 0.2722175 0.9595766 0.2600049 0.9731199 0.2643899 0.9761777 0.2690818 0.9672802 0.2600049 0.9731199 0.2690818 0.9672802 0.2642264 0.9647091 0.2508624 0.9848472 0.25374 0.9885616 0.2593671 0.9830965 0.2508624 0.9848472 0.2593671 0.9830965 0.2556126 0.9795863 0.3051862 0.1534324 0.2999755 0.1536198 0.3006268 0.1623493 0.3051862 0.1534324 0.3006268 0.1623493 0.3065191 0.1621166 0.3063102 0.1827437 0.3001702 0.1828173 0.300198 0.1935091 0.3063102 0.1827437 0.300198 0.1935091 0.3062898 0.1937956 0.3062898 0.1937956 0.300198 0.1935091 0.2999842 0.2274752 0.3062898 0.1937956 0.2999842 0.2274752 0.3068938 0.227475 0.2937505 0.174817 0.2970156 0.1744714 0.2974328 0.1705615 0.2937505 0.174817 0.2974328 0.1705615 0.2937133 0.169651 0.2949405 0.1823753 0.2990652 0.1781066 0.2970156 0.1744714 0.2949405 0.1823753 0.2970156 0.1744714 0.2937505 0.174817 0.2937133 0.169651 0.2974328 0.1705615 0.300129 0.1671798 0.2937133 0.169651 0.300129 0.1671798 0.2950283 0.1631051 0.3045493 0.1655103 0.3006268 0.1623493 0.2950283 0.1631051 0.3045493 0.1655103 0.2950283 0.1631051 0.300129 0.1671798 0.3006268 0.1623493 0.3045493 0.1655103 0.3094174 0.1657048 0.3006268 0.1623493 0.3094174 0.1657048 0.3065191 0.1621166 0.3065191 0.1621166 0.3094174 0.1657048 0.3134744 0.1676054 0.3065191 0.1621166 0.3134744 0.1676054 0.3133145 0.1634451 0.3133145 0.1634451 0.3134744 0.1676054 0.3157274 0.1709139 0.3133145 0.1634451 0.3157274 0.1709139 0.3169271 0.1690654 0.3169271 0.1690654 0.3157274 0.1709139 0.3153381 0.1749342 0.3169271 0.1690654 0.3153381 0.1749342 0.3180688 0.1747732 0.3180688 0.1747732 0.3153381 0.1749342 0.3125001 0.1785637 0.3180688 0.1747732 0.3125001 0.1785637 0.3178008 0.1816949 0.3178008 0.1816949 0.3125001 0.1785637 0.3080143 0.1803765 0.3178008 0.1816949 0.3080143 0.1803765 0.3063102 0.1827437 0.3063102 0.1827437 0.3080143 0.1803765 0.30313 0.1801909 0.3063102 0.1827437 0.30313 0.1801909 0.3001702 0.1828173 0.3001702 0.1828173 0.30313 0.1801909 0.2990652 0.1781066 0.3001702 0.1828173 0.2990652 0.1781066 0.2949405 0.1823753 0.2957516 0.4244801 0.3233255 0.4237879 0.3231677 0.4144232 0.2957516 0.4244801 0.3231677 0.4144232 0.2955318 0.4151151 0.2681857 0.4251703 0.2957516 0.4244801 0.2955318 0.4151151 0.2681857 0.4251703 0.2955318 0.4151151 0.2679013 0.4158088 0.2635053 0.4252911 0.2681857 0.4251703 0.2679013 0.4158088 0.2635053 0.4252911 0.2679013 0.4158088 0.2631704 0.4159363 0.2631704 0.4159363 0.2544834 0.4162182 0.2548753 0.4255329 0.2631704 0.4159363 0.2548753 0.4255329 0.2635053 0.4252911 0.2544834 0.4162182 0.2514629 0.4163584 0.2518099 0.4256221 0.2544834 0.4162182 0.2518099 0.4256221 0.2548753 0.4255329 0.2514629 0.4163584 0.2458369 0.4166175 0.2461878 0.4257711 0.2514629 0.4163584 0.2461878 0.4257711 0.2518099 0.4256221 0.1933482 0.8016413 0.181509 0.8020959 0.1818336 0.8097337 0.1933482 0.8016413 0.1818336 0.8097337 0.1936002 0.8095848 0.1936002 0.8095848 0.2241216 0.8095586 0.2238398 0.8009205 0.1936002 0.8095848 0.2238398 0.8009205 0.1933482 0.8016413 0.232328 0.8008144 0.2238398 0.8009205 0.2241216 0.8095586 0.232328 0.8008144 0.2241216 0.8095586 0.2324554 0.8096665 0.2324554 0.8096665 0.2466074 0.8099622 0.2464818 0.8007217 0.2324554 0.8096665 0.2464818 0.8007217 0.232328 0.8008144 0.2533228 0.8006955 0.2464818 0.8007217 0.2466074 0.8099622 0.2533228 0.8006955 0.2466074 0.8099622 0.2534672 0.8101599 0.2600033 0.8006063 0.2533228 0.8006955 0.2534672 0.8101599 0.2600033 0.8006063 0.2534672 0.8101599 0.2600804 0.8102973 0.2757129 0.8001901 0.2600033 0.8006063 0.2600804 0.8102973 0.2757129 0.8001901 0.2600804 0.8102973 0.2760534 0.8100813 0.2838001 0.7998536 0.2757129 0.8001901 0.2760534 0.8100813 0.2838001 0.7998536 0.2760534 0.8100813 0.2842628 0.8097867 0.2842628 0.8097867 0.2926813 0.8093226 0.2920551 0.799414 0.2842628 0.8097867 0.2920551 0.799414 0.2838001 0.7998536 0.2983896 0.7989403 0.2920551 0.799414 0.2926813 0.8093226 0.2983896 0.7989403 0.2926813 0.8093226 0.2991786 0.8086741 0.09993976 0.4142099 0.09375995 0.4140729 0.09337437 0.4227584 0.09993976 0.4142099 0.09337437 0.4227584 0.09962445 0.4228975 0.1027642 0.4142212 0.09993976 0.4142099 0.09962445 0.4228975 0.1027642 0.4142212 0.09962445 0.4228975 0.1024643 0.422955 0.1024643 0.422955 0.1116014 0.4231416 0.1118456 0.4143405 0.1024643 0.422955 0.1118456 0.4143405 0.1027642 0.4142212 0.1116014 0.4231416 0.117505 0.4232298 0.117731 0.4144224 0.1116014 0.4231416 0.117731 0.4144224 0.1118456 0.4143405 0.190217 0.4245157 0.1961162 0.4246379 0.1961688 0.4158334 0.190217 0.4245157 0.1961688 0.4158334 0.1902887 0.4157121 0.1961162 0.4246379 0.2052524 0.4247445 0.2052487 0.4160048 0.1961162 0.4246379 0.2052487 0.4160048 0.1961688 0.4158334 0.2080735 0.4160526 0.2052487 0.4160048 0.2052524 0.4247445 0.2080735 0.4160526 0.2052524 0.4247445 0.2080927 0.4247471 0.2142546 0.4161307 0.2080735 0.4160526 0.2080927 0.4247471 0.2142546 0.4161307 0.2080927 0.4247471 0.2143437 0.4248247 0.009804189 0.7999331 0.003435015 0.7998476 0.003018736 0.809696 0.009804189 0.7999331 0.003018736 0.809696 0.009332954 0.8097044 0.009332954 0.8097044 0.01770454 0.809595 0.01808869 0.7999308 0.009332954 0.8097044 0.01808869 0.7999308 0.009804189 0.7999331 0.02622479 0.7999325 0.01808869 0.7999308 0.01770454 0.809595 0.02622479 0.7999325 0.01770454 0.809595 0.02598875 0.8094767 0.04205769 0.7999499 0.02622479 0.7999325 0.02598875 0.8094767 0.04205769 0.7999499 0.02598875 0.8094767 0.04226136 0.8092339 0.04872095 0.7999786 0.04205769 0.7999499 0.04226136 0.8092339 0.04872095 0.7999786 0.04226136 0.8092339 0.04880285 0.8091455 0.05551892 0.7999872 0.04872095 0.7999786 0.04880285 0.8091455 0.05551892 0.7999872 0.04880285 0.8091455 0.05556738 0.8090209 0.05556738 0.8090209 0.06954354 0.8087925 0.06955009 0.8000466 0.05556738 0.8090209 0.06955009 0.8000466 0.05551892 0.7999872 0.07796621 0.800121 0.06955009 0.8000466 0.06954354 0.8087925 0.07796621 0.800121 0.06954354 0.8087925 0.07779151 0.808683 0.07779151 0.808683 0.1080479 0.8084874 0.108196 0.8006272 0.07779151 0.808683 0.108196 0.8006272 0.07796621 0.800121 0.1199086 0.8009752 0.108196 0.8006272 0.1080479 0.8084874 0.1199086 0.8009752 0.1080479 0.8084874 0.1196905 0.8085263 0.3452436 0.4143844 0.3396147 0.414233 0.3397133 0.4235061 0.3452436 0.4143844 0.3397133 0.4235061 0.3453385 0.4235495 0.3396147 0.414233 0.3365935 0.4141779 0.3366468 0.423501 0.3396147 0.414233 0.3366468 0.423501 0.3397133 0.4235061 0.3365935 0.4141779 0.3279009 0.4143145 0.3280093 0.4236746 0.3365935 0.4141779 0.3280093 0.4236746 0.3366468 0.423501 0.3233255 0.4237879 0.3280093 0.4236746 0.3279009 0.4143145 0.3233255 0.4237879 0.3279009 0.4143145 0.3231677 0.4144232 0.2955318 0.4151151 0.3231677 0.4144232 0.3230139 0.4034538 0.2955318 0.4151151 0.3230139 0.4034538 0.295275 0.4041435 0.2679013 0.4158088 0.2955318 0.4151151 0.295275 0.4041435 0.2679013 0.4158088 0.295275 0.4041435 0.2675397 0.4048442 0.2631704 0.4159363 0.2679013 0.4158088 0.2675397 0.4048442 0.2631704 0.4159363 0.2675397 0.4048442 0.2627547 0.4049543 0.2540065 0.405196 0.2544834 0.4162182 0.2631704 0.4159363 0.2540065 0.405196 0.2631704 0.4159363 0.2627547 0.4049543 0.2510253 0.405236 0.2514629 0.4163584 0.2544834 0.4162182 0.2510253 0.405236 0.2544834 0.4162182 0.2540065 0.405196 0.2453811 0.4051951 0.2458369 0.4166175 0.2514629 0.4163584 0.2453811 0.4051951 0.2514629 0.4163584 0.2510253 0.405236 0.1936002 0.8095848 0.1818336 0.8097337 0.1819516 0.8192147 0.1936002 0.8095848 0.1819516 0.8192147 0.1936463 0.8193616 0.2241031 0.8210893 0.2241216 0.8095586 0.1936002 0.8095848 0.2241031 0.8210893 0.1936002 0.8095848 0.1936463 0.8193616 0.2324554 0.8096665 0.2241216 0.8095586 0.2241031 0.8210893 0.2324554 0.8096665 0.2241031 0.8210893 0.232264 0.8228659 0.2463274 0.8226101 0.2466074 0.8099622 0.2324554 0.8096665 0.2463274 0.8226101 0.2324554 0.8096665 0.232264 0.8228659 0.2534672 0.8101599 0.2466074 0.8099622 0.2463274 0.8226101 0.2534672 0.8101599 0.2463274 0.8226101 0.2531384 0.8238829 0.2600804 0.8102973 0.2534672 0.8101599 0.2531384 0.8238829 0.2600804 0.8102973 0.2531384 0.8238829 0.2594928 0.8250026 0.2760534 0.8100813 0.2600804 0.8102973 0.2594928 0.8250026 0.2760534 0.8100813 0.2594928 0.8250026 0.2763495 0.8255153 0.2842628 0.8097867 0.2760534 0.8100813 0.2763495 0.8255153 0.2842628 0.8097867 0.2763495 0.8255153 0.2846972 0.825816 0.2936075 0.8260971 0.2926813 0.8093226 0.2842628 0.8097867 0.2936075 0.8260971 0.2842628 0.8097867 0.2846972 0.825816 0.2991786 0.8086741 0.2926813 0.8093226 0.2936075 0.8260971 0.2991786 0.8086741 0.2936075 0.8260971 0.2999581 0.8253102 0.09962445 0.4228975 0.09337437 0.4227584 0.09288686 0.4365998 0.09962445 0.4228975 0.09288686 0.4365998 0.09918224 0.436603 0.1024643 0.422955 0.09962445 0.4228975 0.09918224 0.436603 0.1024643 0.422955 0.09918224 0.436603 0.1020709 0.4366593 0.1113131 0.4368277 0.1116014 0.4231416 0.1024643 0.422955 0.1113131 0.4368277 0.1024643 0.422955 0.1020709 0.4366593 0.1172571 0.4369395 0.117505 0.4232298 0.1116014 0.4231416 0.1172571 0.4369395 0.1116014 0.4231416 0.1113131 0.4368277 0.1538581 0.4238646 0.117505 0.4232298 0.1172571 0.4369395 0.1538581 0.4238646 0.1172571 0.4369395 0.1536363 0.4371488 0.190217 0.4245157 0.1538581 0.4238646 0.1536363 0.4371488 0.190217 0.4245157 0.1536363 0.4371488 0.1899975 0.4382299 0.1899975 0.4382299 0.1959403 0.438325 0.1961162 0.4246379 0.1899975 0.4382299 0.1961162 0.4246379 0.190217 0.4245157 0.1959403 0.438325 0.2051794 0.4384509 0.2052524 0.4247445 0.1959403 0.438325 0.2052524 0.4247445 0.1961162 0.4246379 0.2080927 0.4247471 0.2052524 0.4247445 0.2051794 0.4384509 0.2080927 0.4247471 0.2051794 0.4384509 0.2080688 0.438456 0.2143437 0.4248247 0.2080927 0.4247471 0.2080688 0.438456 0.2143437 0.4248247 0.2080688 0.438456 0.2143666 0.4386729 0.009332954 0.8097044 0.003018736 0.809696 0.001991987 0.8251344 0.009332954 0.8097044 0.001991987 0.8251344 0.008015632 0.8254085 0.008015632 0.8254085 0.01703292 0.8247359 0.01770454 0.809595 0.008015632 0.8254085 0.01770454 0.809595 0.009332954 0.8097044 0.02598875 0.8094767 0.01770454 0.809595 0.01703292 0.8247359 0.02598875 0.8094767 0.01703292 0.8247359 0.02567571 0.8240742 0.04226136 0.8092339 0.02598875 0.8094767 0.02567571 0.8240742 0.04226136 0.8092339 0.02567571 0.8240742 0.04371458 0.8227761 0.04880285 0.8091455 0.04226136 0.8092339 0.04371458 0.8227761 0.04880285 0.8091455 0.04371458 0.8227761 0.049537 0.8223347 0.05556738 0.8090209 0.04880285 0.8091455 0.049537 0.8223347 0.05556738 0.8090209 0.049537 0.8223347 0.0560373 0.821446 0.0560373 0.821446 0.06985509 0.8219218 0.06954354 0.8087925 0.0560373 0.821446 0.06954354 0.8087925 0.05556738 0.8090209 0.07779151 0.808683 0.06954354 0.8087925 0.06985509 0.8219218 0.07779151 0.808683 0.06985509 0.8219218 0.07794153 0.8201601 0.07794153 0.8201601 0.1081371 0.8181765 0.1080479 0.8084874 0.07794153 0.8201601 0.1080479 0.8084874 0.07779151 0.808683 0.1196905 0.8085263 0.1080479 0.8084874 0.1081371 0.8181765 0.1196905 0.8085263 0.1081371 0.8181765 0.1197139 0.8179022 0.3451466 0.4029473 0.3395215 0.4030981 0.3396147 0.414233 0.3451466 0.4029473 0.3396147 0.414233 0.3452436 0.4143844 0.3395215 0.4030981 0.3365476 0.4031451 0.3365935 0.4141779 0.3395215 0.4030981 0.3365935 0.4141779 0.3396147 0.414233 0.3365476 0.4031451 0.3277994 0.4033251 0.3279009 0.4143145 0.3365476 0.4031451 0.3279009 0.4143145 0.3365935 0.4141779 0.3231677 0.4144232 0.3279009 0.4143145 0.3277994 0.4033251 0.3231677 0.4144232 0.3277994 0.4033251 0.3230139 0.4034538 0.112203 0.4012236 0.1180605 0.4012898 0.1184195 0.3872548 0.112203 0.4012236 0.1184195 0.3872548 0.1126098 0.3871887 0.1032139 0.4012048 0.112203 0.4012236 0.1126098 0.3871887 0.1032139 0.4012048 0.1126098 0.3871887 0.1037176 0.3872767 0.1037176 0.3872767 0.100965 0.3874059 0.1004216 0.4012612 0.1037176 0.3872767 0.1004216 0.4012612 0.1032139 0.4012048 0.100965 0.3874059 0.09508389 0.3872541 0.09439301 0.4011182 0.100965 0.3874059 0.09439301 0.4011182 0.1004216 0.4012612 0.2965076 0.7688838 0.2901619 0.7693476 0.2912013 0.7848604 0.2965076 0.7688838 0.2912013 0.7848604 0.297522 0.7844704 0.2830151 0.7852969 0.2912013 0.7848604 0.2901619 0.7693476 0.2830151 0.7852969 0.2901619 0.7693476 0.2819815 0.7698767 0.2819815 0.7698767 0.2740064 0.7704182 0.2750141 0.7857181 0.2819815 0.7698767 0.2750141 0.7857181 0.2830151 0.7852969 0.2740064 0.7704182 0.2585271 0.7714788 0.2594775 0.7864615 0.2740064 0.7704182 0.2594775 0.7864615 0.2750141 0.7857181 0.2585271 0.7714788 0.2516565 0.7719611 0.2527149 0.7867575 0.2585271 0.7714788 0.2527149 0.7867575 0.2594775 0.7864615 0.2516565 0.7719611 0.2448536 0.7724249 0.2459094 0.7870257 0.2516565 0.7719611 0.2459094 0.7870257 0.2527149 0.7867575 0.2317842 0.7876121 0.2459094 0.7870257 0.2448536 0.7724249 0.2317842 0.7876121 0.2448536 0.7724249 0.2307519 0.773466 0.2307519 0.773466 0.2217886 0.774204 0.2230696 0.788019 0.2307519 0.773466 0.2230696 0.788019 0.2317842 0.7876121 0.1926329 0.7897863 0.2230696 0.788019 0.2217886 0.774204 0.1926329 0.7897863 0.2217886 0.774204 0.191411 0.777104 0.191411 0.777104 0.1793324 0.7784884 0.1806882 0.7906693 0.191411 0.777104 0.1806882 0.7906693 0.1926329 0.7897863 0.2522698 0.4392882 0.2466351 0.4392718 0.2470956 0.4535326 0.2522698 0.4392882 0.2470956 0.4535326 0.2527437 0.453728 0.2554132 0.4392819 0.2522698 0.4392882 0.2527437 0.453728 0.2554132 0.4392819 0.2527437 0.453728 0.2559709 0.4538187 0.2639752 0.4391006 0.2554132 0.4392819 0.2559709 0.4538187 0.2639752 0.4391006 0.2559709 0.4538187 0.2644611 0.4537037 0.2644611 0.4537037 0.2690055 0.4535946 0.2685891 0.4389873 0.2644611 0.4537037 0.2685891 0.4389873 0.2639752 0.4391006 0.2690055 0.4535946 0.2964213 0.4528968 0.296077 0.4382967 0.2690055 0.4535946 0.296077 0.4382967 0.2685891 0.4389873 0.2964213 0.4528968 0.3238534 0.452222 0.3235771 0.4376096 0.2964213 0.4528968 0.3235771 0.4376096 0.296077 0.4382967 0.3238534 0.452222 0.3284034 0.4521038 0.3281956 0.4374922 0.3238534 0.452222 0.3281956 0.4374922 0.3235771 0.4376096 0.3367671 0.4372619 0.3281956 0.4374922 0.3284034 0.4521038 0.3367671 0.4372619 0.3284034 0.4521038 0.3369042 0.4518114 0.3399121 0.4371861 0.3367671 0.4372619 0.3369042 0.4518114 0.3399121 0.4371861 0.3369042 0.4518114 0.3401331 0.4516408 0.3455502 0.4370667 0.3399121 0.4371861 0.3401331 0.4516408 0.3455502 0.4370667 0.3401331 0.4516408 0.3457848 0.4513453 0.1218106 0.7776454 0.109853 0.7763532 0.1087682 0.7889046 0.1218106 0.7776454 0.1087682 0.7889046 0.1205838 0.7896789 0.07857263 0.7873567 0.1087682 0.7889046 0.109853 0.7763532 0.07857263 0.7873567 0.109853 0.7763532 0.07969164 0.7736851 0.07969164 0.7736851 0.0707761 0.7730319 0.06991535 0.7870091 0.07969164 0.7736851 0.06991535 0.7870091 0.07857263 0.7873567 0.0558657 0.7865394 0.06991535 0.7870091 0.0707761 0.7730319 0.0558657 0.7865394 0.0707761 0.7730319 0.056728 0.772143 0.056728 0.772143 0.04993975 0.7717608 0.0490815 0.7863451 0.056728 0.772143 0.0490815 0.7863451 0.0558657 0.7865394 0.04993975 0.7717608 0.04307591 0.7713845 0.04232561 0.7861447 0.04993975 0.7717608 0.04232561 0.7861447 0.0490815 0.7863451 0.04307591 0.7713845 0.0275799 0.7706133 0.0267409 0.7857529 0.04307591 0.7713845 0.0267409 0.7857529 0.04232561 0.7861447 0.0275799 0.7706133 0.01958292 0.7702339 0.0187031 0.7855721 0.0275799 0.7706133 0.0187031 0.7855721 0.0267409 0.7857529 0.01047176 0.7854024 0.0187031 0.7855721 0.01958292 0.7702339 0.01047176 0.7854024 0.01958292 0.7702339 0.01137077 0.7698612 0.01137077 0.7698612 0.004989087 0.7695323 0.004104077 0.7852062 0.01137077 0.7698612 0.004104077 0.7852062 0.01047176 0.7854024 0.2138468 0.3892782 0.2079627 0.3892271 0.2080336 0.4030935 0.2138468 0.3892782 0.2080336 0.4030935 0.2140642 0.4031599 0.2079627 0.3892271 0.2052093 0.3890424 0.205241 0.4029796 0.2079627 0.3892271 0.205241 0.4029796 0.2080336 0.4030935 0.1962537 0.4027115 0.205241 0.4029796 0.2052093 0.3890424 0.1962537 0.4027115 0.2052093 0.3890424 0.1963181 0.3886709 0.190405 0.4025757 0.1962537 0.4027115 0.1963181 0.3886709 0.190405 0.4025757 0.1963181 0.3886709 0.1905137 0.3885337 0.1126098 0.3871887 0.1184195 0.3872548 0.1186383 0.3791562 0.1126098 0.3871887 0.1186383 0.3791562 0.1128655 0.3790895 0.1037176 0.3872767 0.1126098 0.3871887 0.1128655 0.3790895 0.1037176 0.3872767 0.1128655 0.3790895 0.1040245 0.3792393 0.1040245 0.3792393 0.1012967 0.3794104 0.100965 0.3874059 0.1040245 0.3792393 0.100965 0.3874059 0.1037176 0.3872767 0.1012967 0.3794104 0.09548342 0.3792286 0.09508389 0.3872541 0.1012967 0.3794104 0.09508389 0.3872541 0.100965 0.3874059 0.2957089 0.7597922 0.2894149 0.7603895 0.2901619 0.7693476 0.2957089 0.7597922 0.2901619 0.7693476 0.2965076 0.7688838 0.2819815 0.7698767 0.2901619 0.7693476 0.2894149 0.7603895 0.2819815 0.7698767 0.2894149 0.7603895 0.2812614 0.7610391 0.2812614 0.7610391 0.2733005 0.7616665 0.2740064 0.7704182 0.2812614 0.7610391 0.2740064 0.7704182 0.2819815 0.7698767 0.2733005 0.7616665 0.257829 0.7628909 0.2585271 0.7714788 0.2733005 0.7616665 0.2585271 0.7714788 0.2740064 0.7704182 0.257829 0.7628909 0.2508854 0.7634556 0.2516565 0.7719611 0.257829 0.7628909 0.2516565 0.7719611 0.2585271 0.7714788 0.2508854 0.7634556 0.2440622 0.7640172 0.2448536 0.7724249 0.2508854 0.7634556 0.2448536 0.7724249 0.2516565 0.7719611 0.2307519 0.773466 0.2448536 0.7724249 0.2440622 0.7640172 0.2307519 0.773466 0.2440622 0.7640172 0.2299525 0.76529 0.2299525 0.76529 0.2208376 0.766227 0.2217886 0.774204 0.2299525 0.76529 0.2217886 0.774204 0.2307519 0.773466 0.191411 0.777104 0.2217886 0.774204 0.2208376 0.766227 0.191411 0.777104 0.2208376 0.766227 0.1904924 0.769775 0.1904924 0.769775 0.1782058 0.7715629 0.1793324 0.7784884 0.1904924 0.769775 0.1793324 0.7784884 0.191411 0.777104 0.2527437 0.453728 0.2470956 0.4535326 0.2474006 0.4616765 0.2527437 0.453728 0.2474006 0.4616765 0.2530194 0.4619759 0.2559709 0.4538187 0.2527437 0.453728 0.2530194 0.4619759 0.2559709 0.4538187 0.2530194 0.4619759 0.256287 0.4621266 0.2644611 0.4537037 0.2559709 0.4538187 0.256287 0.4621266 0.2644611 0.4537037 0.256287 0.4621266 0.2647333 0.4620503 0.2647333 0.4620503 0.2692399 0.4619423 0.2690055 0.4535946 0.2647333 0.4620503 0.2690055 0.4535946 0.2644611 0.4537037 0.2692399 0.4619423 0.2966176 0.4612369 0.2964213 0.4528968 0.2692399 0.4619423 0.2964213 0.4528968 0.2690055 0.4535946 0.2966176 0.4612369 0.3240144 0.4605725 0.3238534 0.452222 0.2966176 0.4612369 0.3238534 0.452222 0.2964213 0.4528968 0.3240144 0.4605725 0.3285273 0.4604552 0.3284034 0.4521038 0.3240144 0.4605725 0.3284034 0.4521038 0.3238534 0.452222 0.3369042 0.4518114 0.3284034 0.4521038 0.3285273 0.4604552 0.3369042 0.4518114 0.3285273 0.4604552 0.3369851 0.4601265 0.3401331 0.4516408 0.3369042 0.4518114 0.3369851 0.4601265 0.3401331 0.4516408 0.3369851 0.4601265 0.3402541 0.4598972 0.3457848 0.4513453 0.3401331 0.4516408 0.3402541 0.4598972 0.3457848 0.4513453 0.3402541 0.4598972 0.3458759 0.4594991 0.1228818 0.7707986 0.1107013 0.7690932 0.109853 0.7763532 0.1228818 0.7707986 0.109853 0.7763532 0.1218106 0.7776454 0.07969164 0.7736851 0.109853 0.7763532 0.1107013 0.7690932 0.07969164 0.7736851 0.1107013 0.7690932 0.08055704 0.765785 0.08055704 0.765785 0.07148391 0.7649394 0.0707761 0.7730319 0.08055704 0.765785 0.0707761 0.7730319 0.07969164 0.7736851 0.056728 0.772143 0.0707761 0.7730319 0.07148391 0.7649394 0.056728 0.772143 0.07148391 0.7649394 0.05742239 0.763818 0.05742239 0.763818 0.05061298 0.7633388 0.04993975 0.7717608 0.05742239 0.763818 0.04993975 0.7717608 0.056728 0.772143 0.05061298 0.7633388 0.04367786 0.7628689 0.04307591 0.7713845 0.05061298 0.7633388 0.04307591 0.7713845 0.04993975 0.7717608 0.04367786 0.7628689 0.02820247 0.7618944 0.0275799 0.7706133 0.04367786 0.7628689 0.0275799 0.7706133 0.04307591 0.7713845 0.02820247 0.7618944 0.02023094 0.7613938 0.01958292 0.7702339 0.02820247 0.7618944 0.01958292 0.7702339 0.0275799 0.7706133 0.01137077 0.7698612 0.01958292 0.7702339 0.02023094 0.7613938 0.01137077 0.7698612 0.02023094 0.7613938 0.01206272 0.7608665 0.01206272 0.7608665 0.005756318 0.7603539 0.004989087 0.7695323 0.01206272 0.7608665 0.004989087 0.7695323 0.01137077 0.7698612 0.2137197 0.3812404 0.2079026 0.3812248 0.2079627 0.3892271 0.2137197 0.3812404 0.2079627 0.3892271 0.2138468 0.3892782 0.2079026 0.3812248 0.2051737 0.3809998 0.2052093 0.3890424 0.2079026 0.3812248 0.2052093 0.3890424 0.2079627 0.3892271 0.1963181 0.3886709 0.2052093 0.3890424 0.2051737 0.3809998 0.1963181 0.3886709 0.2051737 0.3809998 0.196334 0.3805688 0.1905137 0.3885337 0.1963181 0.3886709 0.196334 0.3805688 0.1905137 0.3885337 0.196334 0.3805688 0.1905609 0.3804309 0.1902887 0.4157121 0.1961688 0.4158334 0.1962537 0.4027115 0.1902887 0.4157121 0.1962537 0.4027115 0.190405 0.4025757 0.1961688 0.4158334 0.2052487 0.4160048 0.205241 0.4029796 0.1961688 0.4158334 0.205241 0.4029796 0.1962537 0.4027115 0.2080336 0.4030935 0.205241 0.4029796 0.2052487 0.4160048 0.2080336 0.4030935 0.2052487 0.4160048 0.2080735 0.4160526 0.2140642 0.4031599 0.2080336 0.4030935 0.2080735 0.4160526 0.2140642 0.4031599 0.2080735 0.4160526 0.2142546 0.4161307 0.01047176 0.7854024 0.004104077 0.7852062 0.003435015 0.7998476 0.01047176 0.7854024 0.003435015 0.7998476 0.009804189 0.7999331 0.009804189 0.7999331 0.01808869 0.7999308 0.0187031 0.7855721 0.009804189 0.7999331 0.0187031 0.7855721 0.01047176 0.7854024 0.0267409 0.7857529 0.0187031 0.7855721 0.01808869 0.7999308 0.0267409 0.7857529 0.01808869 0.7999308 0.02622479 0.7999325 0.04232561 0.7861447 0.0267409 0.7857529 0.02622479 0.7999325 0.04232561 0.7861447 0.02622479 0.7999325 0.04205769 0.7999499 0.0490815 0.7863451 0.04232561 0.7861447 0.04205769 0.7999499 0.0490815 0.7863451 0.04205769 0.7999499 0.04872095 0.7999786 0.0558657 0.7865394 0.0490815 0.7863451 0.04872095 0.7999786 0.0558657 0.7865394 0.04872095 0.7999786 0.05551892 0.7999872 0.05551892 0.7999872 0.06955009 0.8000466 0.06991535 0.7870091 0.05551892 0.7999872 0.06991535 0.7870091 0.0558657 0.7865394 0.07857263 0.7873567 0.06991535 0.7870091 0.06955009 0.8000466 0.07857263 0.7873567 0.06955009 0.8000466 0.07796621 0.800121 0.07796621 0.800121 0.108196 0.8006272 0.1087682 0.7889046 0.07796621 0.800121 0.1087682 0.7889046 0.07857263 0.7873567 0.1205838 0.7896789 0.1087682 0.7889046 0.108196 0.8006272 0.1205838 0.7896789 0.108196 0.8006272 0.1199086 0.8009752 0.3453385 0.4235495 0.3397133 0.4235061 0.3399121 0.4371861 0.3453385 0.4235495 0.3399121 0.4371861 0.3455502 0.4370667 0.3397133 0.4235061 0.3366468 0.423501 0.3367671 0.4372619 0.3397133 0.4235061 0.3367671 0.4372619 0.3399121 0.4371861 0.3366468 0.423501 0.3280093 0.4236746 0.3281956 0.4374922 0.3366468 0.423501 0.3281956 0.4374922 0.3367671 0.4372619 0.3235771 0.4376096 0.3281956 0.4374922 0.3280093 0.4236746 0.3235771 0.4376096 0.3280093 0.4236746 0.3233255 0.4237879 0.296077 0.4382967 0.3235771 0.4376096 0.3233255 0.4237879 0.296077 0.4382967 0.3233255 0.4237879 0.2957516 0.4244801 0.2685891 0.4389873 0.296077 0.4382967 0.2957516 0.4244801 0.2685891 0.4389873 0.2957516 0.4244801 0.2681857 0.4251703 0.2639752 0.4391006 0.2685891 0.4389873 0.2681857 0.4251703 0.2639752 0.4391006 0.2681857 0.4251703 0.2635053 0.4252911 0.2635053 0.4252911 0.2548753 0.4255329 0.2554132 0.4392819 0.2635053 0.4252911 0.2554132 0.4392819 0.2639752 0.4391006 0.2548753 0.4255329 0.2518099 0.4256221 0.2522698 0.4392882 0.2548753 0.4255329 0.2522698 0.4392882 0.2554132 0.4392819 0.2518099 0.4256221 0.2461878 0.4257711 0.2466351 0.4392718 0.2518099 0.4256221 0.2466351 0.4392718 0.2522698 0.4392882 0.1926329 0.7897863 0.1806882 0.7906693 0.181509 0.8020959 0.1926329 0.7897863 0.181509 0.8020959 0.1933482 0.8016413 0.1933482 0.8016413 0.2238398 0.8009205 0.2230696 0.788019 0.1933482 0.8016413 0.2230696 0.788019 0.1926329 0.7897863 0.2317842 0.7876121 0.2230696 0.788019 0.2238398 0.8009205 0.2317842 0.7876121 0.2238398 0.8009205 0.232328 0.8008144 0.232328 0.8008144 0.2464818 0.8007217 0.2459094 0.7870257 0.232328 0.8008144 0.2459094 0.7870257 0.2317842 0.7876121 0.2527149 0.7867575 0.2459094 0.7870257 0.2464818 0.8007217 0.2527149 0.7867575 0.2464818 0.8007217 0.2533228 0.8006955 0.2594775 0.7864615 0.2527149 0.7867575 0.2533228 0.8006955 0.2594775 0.7864615 0.2533228 0.8006955 0.2600033 0.8006063 0.2750141 0.7857181 0.2594775 0.7864615 0.2600033 0.8006063 0.2750141 0.7857181 0.2600033 0.8006063 0.2757129 0.8001901 0.2830151 0.7852969 0.2750141 0.7857181 0.2757129 0.8001901 0.2830151 0.7852969 0.2757129 0.8001901 0.2838001 0.7998536 0.2838001 0.7998536 0.2920551 0.799414 0.2912013 0.7848604 0.2838001 0.7998536 0.2912013 0.7848604 0.2830151 0.7852969 0.297522 0.7844704 0.2912013 0.7848604 0.2920551 0.799414 0.297522 0.7844704 0.2920551 0.799414 0.2983896 0.7989403 0.1004216 0.4012612 0.09439301 0.4011182 0.09375995 0.4140729 0.1004216 0.4012612 0.09375995 0.4140729 0.09993976 0.4142099 0.1032139 0.4012048 0.1004216 0.4012612 0.09993976 0.4142099 0.1032139 0.4012048 0.09993976 0.4142099 0.1027642 0.4142212 0.1027642 0.4142212 0.1118456 0.4143405 0.112203 0.4012236 0.1027642 0.4142212 0.112203 0.4012236 0.1032139 0.4012048 0.1118456 0.4143405 0.117731 0.4144224 0.1180605 0.4012898 0.1118456 0.4143405 0.1180605 0.4012898 0.112203 0.4012236 0.1611241 0.390022 0.1659908 0.3953422 0.168003 0.394235 0.1611241 0.390022 0.168003 0.394235 0.1621947 0.3881027 0.1543605 0.3879813 0.1611241 0.390022 0.1621947 0.3881027 0.1543605 0.3879813 0.1621947 0.3881027 0.1541346 0.3857499 0.1475136 0.3897725 0.1543605 0.3879813 0.1541346 0.3857499 0.1475136 0.3897725 0.1541346 0.3857499 0.1460003 0.3878151 0.1424376 0.3949104 0.1475136 0.3897725 0.1460003 0.3878151 0.1424376 0.3949104 0.1460003 0.3878151 0.1399926 0.3937377 0.1405085 0.4020074 0.1424376 0.3949104 0.1399926 0.3937377 0.1405085 0.4020074 0.1399926 0.3937377 0.137722 0.4019166 0.1422411 0.4091559 0.1405085 0.4020074 0.137722 0.4019166 0.1422411 0.4091559 0.137722 0.4019166 0.1397803 0.410152 0.147147 0.4144458 0.1422411 0.4091559 0.1397803 0.410152 0.147147 0.4144458 0.1397803 0.410152 0.1455854 0.4162445 0.1538972 0.4164706 0.147147 0.4144458 0.1455854 0.4162445 0.1538972 0.4164706 0.1455854 0.4162445 0.1535853 0.4185761 0.1606896 0.4146935 0.1538972 0.4164706 0.1535853 0.4185761 0.1606896 0.4146935 0.1535853 0.4185761 0.1616603 0.4165297 0.1657252 0.4095857 0.1606896 0.4146935 0.1616603 0.4165297 0.1657252 0.4095857 0.1616603 0.4165297 0.1676671 0.4106469 0.1676697 0.4025047 0.1657252 0.4095857 0.1676671 0.4106469 0.1676697 0.4025047 0.1676671 0.4106469 0.1699998 0.4024894 0.1659908 0.3953422 0.1676697 0.4025047 0.1699998 0.4024894 0.1659908 0.3953422 0.1699998 0.4024894 0.168003 0.394235 0.1545997 0.3798008 0.1186383 0.3791562 0.1460003 0.3878151 0.1545997 0.3798008 0.1460003 0.3878151 0.1541346 0.3857499 0.1186383 0.3791562 0.1184195 0.3872548 0.1399926 0.3937377 0.1186383 0.3791562 0.1399926 0.3937377 0.1460003 0.3878151 0.1184195 0.3872548 0.1180605 0.4012898 0.137722 0.4019166 0.1184195 0.3872548 0.137722 0.4019166 0.1399926 0.3937377 0.1180605 0.4012898 0.117731 0.4144224 0.1397803 0.410152 0.1180605 0.4012898 0.1397803 0.410152 0.137722 0.4019166 0.117731 0.4144224 0.117505 0.4232298 0.1455854 0.4162445 0.117731 0.4144224 0.1455854 0.4162445 0.1397803 0.410152 0.117505 0.4232298 0.1538581 0.4238646 0.1535853 0.4185761 0.117505 0.4232298 0.1535853 0.4185761 0.1455854 0.4162445 0.1538581 0.4238646 0.190217 0.4245157 0.1616603 0.4165297 0.1538581 0.4238646 0.1616603 0.4165297 0.1535853 0.4185761 0.190217 0.4245157 0.1902887 0.4157121 0.1676671 0.4106469 0.190217 0.4245157 0.1676671 0.4106469 0.1616603 0.4165297 0.1902887 0.4157121 0.190405 0.4025757 0.1699998 0.4024894 0.1902887 0.4157121 0.1699998 0.4024894 0.1676671 0.4106469 0.190405 0.4025757 0.1905137 0.3885337 0.168003 0.394235 0.190405 0.4025757 0.168003 0.394235 0.1699998 0.4024894 0.1905137 0.3885337 0.1905609 0.3804309 0.1621947 0.3881027 0.1905137 0.3885337 0.1621947 0.3881027 0.168003 0.394235 0.1905609 0.3804309 0.1545997 0.3798008 0.1541346 0.3857499 0.1905609 0.3804309 0.1541346 0.3857499 0.1621947 0.3881027 0.2524499 0.3186969 0.2492581 0.3156273 0.2459333 0.3193367 0.2524499 0.3186969 0.2459333 0.3193367 0.2496572 0.3190875 0.2575387 0.3134987 0.2492581 0.3156273 0.2524499 0.3186969 0.2575387 0.3134987 0.2524499 0.3186969 0.2594088 0.3173503 0.2594088 0.3173503 0.2645553 0.3166058 0.2636538 0.3125776 0.2594088 0.3173503 0.2636538 0.3125776 0.2575387 0.3134987 0.2645553 0.3166058 0.2932394 0.3161504 0.2931284 0.3119629 0.2645553 0.3166058 0.2931284 0.3119629 0.2636538 0.3125776 0.2932394 0.3161504 0.3220001 0.3152571 0.322667 0.3111689 0.2932394 0.3161504 0.322667 0.3111689 0.2931284 0.3119629 0.3220001 0.3152571 0.3272975 0.3158957 0.329299 0.3117592 0.3220001 0.3152571 0.329299 0.3117592 0.322667 0.3111689 0.3380539 0.314226 0.329299 0.3117592 0.3272975 0.3158957 0.3380539 0.314226 0.3272975 0.3158957 0.33454 0.3170382 0.3372377 0.3233999 0.3424682 0.3229831 0.340634 0.3173312 0.3372377 0.3233999 0.340634 0.3173312 0.3373687 0.3173336 0.2594088 0.3173503 0.2524499 0.3186969 0.2525982 0.3233844 0.2594088 0.3173503 0.2525982 0.3233844 0.2608498 0.321597 0.2608498 0.321597 0.2655001 0.3214107 0.2645553 0.3166058 0.2608498 0.321597 0.2645553 0.3166058 0.2594088 0.3173503 0.2655001 0.3214107 0.2933863 0.3218068 0.2932394 0.3161504 0.2655001 0.3214107 0.2932394 0.3161504 0.2645553 0.3166058 0.3212651 0.3200279 0.3220001 0.3152571 0.2932394 0.3161504 0.3212651 0.3200279 0.2932394 0.3161504 0.2933863 0.3218068 0.3259508 0.320387 0.3272975 0.3158957 0.3220001 0.3152571 0.3259508 0.320387 0.3220001 0.3152571 0.3212651 0.3200279 0.33454 0.3170382 0.3272975 0.3158957 0.3259508 0.320387 0.33454 0.3170382 0.3259508 0.320387 0.3341372 0.3218155 0.2524499 0.3186969 0.2496572 0.3190875 0.2496731 0.3239748 0.2524499 0.3186969 0.2496731 0.3239748 0.2525982 0.3233844 0.2496731 0.3239748 0.2496572 0.3190875 0.2459333 0.3193367 0.2496731 0.3239748 0.2459333 0.3193367 0.2441923 0.3241285 0.33454 0.3170382 0.3373687 0.3173336 0.340634 0.3173312 0.33454 0.3170382 0.340634 0.3173312 0.3380539 0.314226 0.3372377 0.3233999 0.3373687 0.3173336 0.33454 0.3170382 0.3372377 0.3233999 0.33454 0.3170382 0.3341372 0.3218155 0.612048 0.3395125 0.5938775 0.3667053 0.6015452 0.372031 0.612048 0.3395125 0.6015452 0.372031 0.6211611 0.3461748 0.5615092 0.3711237 0.5336281 0.3555 0.531755 0.3742341 0.5615092 0.3711237 0.531755 0.3742341 0.5620898 0.3898949 0.5885369 0.369081 0.5774614 0.3746789 0.5821514 0.3916975 0.5885369 0.369081 0.5821514 0.3916975 0.5945723 0.3828762 0.5774614 0.3746789 0.5615092 0.3711237 0.5620898 0.3898949 0.5774614 0.3746789 0.5620898 0.3898949 0.5821514 0.3916975 0.5938775 0.3667053 0.5885369 0.369081 0.5945723 0.3828762 0.5938775 0.3667053 0.5945723 0.3828762 0.6015452 0.372031 0.6181663 0.308823 0.6171913 0.3265142 0.6269738 0.3272591 0.6181663 0.308823 0.6269738 0.3272591 0.6280017 0.3091096 0.6171913 0.3265142 0.6168329 0.3293134 0.6266105 0.3308518 0.6171913 0.3265142 0.6266105 0.3308518 0.6269738 0.3272591 0.6168329 0.3293134 0.615813 0.3330426 0.625634 0.3364126 0.6168329 0.3293134 0.625634 0.3364126 0.6266105 0.3308518 0.615813 0.3330426 0.612048 0.3395125 0.6211611 0.3461748 0.615813 0.3330426 0.6211611 0.3461748 0.625634 0.3364126 0.5096802 0.3417173 0.5060465 0.3382613 0.4970745 0.3436841 0.5096802 0.3417173 0.4970745 0.3436841 0.5008206 0.351378 0.5217273 0.3686609 0.5257008 0.3513112 0.5166469 0.3462758 0.5217273 0.3686609 0.5166469 0.3462758 0.510114 0.3612315 0.5060465 0.3382613 0.503649 0.3330065 0.4945701 0.3347674 0.5060465 0.3382613 0.4945701 0.3347674 0.4970745 0.3436841 0.503649 0.3330065 0.5014089 0.3077862 0.4922522 0.3075212 0.503649 0.3330065 0.4922522 0.3075212 0.4945701 0.3347674 0.5954899 0.249935 0.6129457 0.2780085 0.6225265 0.2711777 0.5954899 0.249935 0.6225265 0.2711777 0.6032243 0.2426596 0.5359085 0.2604953 0.5638431 0.245124 0.5646107 0.2264198 0.5359085 0.2604953 0.5646107 0.2264198 0.5342036 0.2417544 0.5796259 0.2417497 0.5903842 0.2475095 0.5967537 0.2338085 0.5796259 0.2417497 0.5967537 0.2338085 0.5845744 0.2249264 0.5638431 0.245124 0.5796259 0.2417497 0.5845744 0.2249264 0.5638431 0.245124 0.5845744 0.2249264 0.5646107 0.2264198 0.5903842 0.2475095 0.5954899 0.249935 0.6032243 0.2426596 0.5903842 0.2475095 0.6032243 0.2426596 0.5967537 0.2338085 0.6182196 0.2910684 0.6181663 0.308823 0.6280017 0.3091096 0.6182196 0.2910684 0.6280017 0.3091096 0.628006 0.2908205 0.6180199 0.2884041 0.6182196 0.2910684 0.628006 0.2908205 0.6180199 0.2884041 0.628006 0.2908205 0.6278639 0.2873574 0.6129457 0.2780085 0.6173331 0.2863776 0.6278254 0.2820614 0.6129457 0.2780085 0.6278254 0.2820614 0.6225265 0.2711777 0.9103106 0.9944257 0.9163976 0.9944876 0.9163362 0.9806011 0.9103106 0.9944257 0.9163362 0.9806011 0.9102388 0.9805273 0.5124475 0.2545098 0.5187743 0.2695859 0.5279322 0.2646278 0.5124475 0.2545098 0.5279322 0.2646278 0.5241378 0.2472311 0.5078313 0.2775239 0.5116547 0.2740828 0.5029774 0.2641352 0.5078313 0.2775239 0.5029774 0.2641352 0.4990055 0.2716827 0.5050927 0.2827557 0.5078313 0.2775239 0.4990055 0.2716827 0.5050927 0.2827557 0.4990055 0.2716827 0.4961017 0.2805013 0.5014089 0.3077862 0.5050927 0.2827557 0.4961017 0.2805013 0.5014089 0.3077862 0.4961017 0.2805013 0.4922522 0.3075212 0.151749 0.5478722 0.1514999 0.5623248 0.1930523 0.5627074 0.151749 0.5478722 0.1930523 0.5627074 0.1942713 0.5485781 0.151749 0.5478722 0.1092187 0.5470954 0.1099541 0.5612755 0.151749 0.5478722 0.1099541 0.5612755 0.1514999 0.5623248 0.1092187 0.5470954 0.1023662 0.5468015 0.1029672 0.5612518 0.1092187 0.5470954 0.1029672 0.5612518 0.1099541 0.5612755 0.09290528 0.545828 0.09379315 0.5601537 0.1029672 0.5612518 0.09290528 0.545828 0.1029672 0.5612518 0.1023662 0.5468015 0.09290528 0.545828 0.08655428 0.5444962 0.0875076 0.558731 0.09290528 0.545828 0.0875076 0.558731 0.09379315 0.5601537 0.08655428 0.5444962 0.08243274 0.5610628 0.0830276 0.5695186 0.08655428 0.5444962 0.0830276 0.5695186 0.0875076 0.558731 0.07245498 0.5607959 0.07303088 0.5681207 0.0830276 0.5695186 0.07245498 0.5607959 0.0830276 0.5695186 0.08243274 0.5610628 0.273913 0.970115 0.2794039 0.9731143 0.2829743 0.9640825 0.273913 0.970115 0.2829743 0.9640825 0.2772709 0.9617647 0.2690818 0.9672802 0.273913 0.970115 0.2772709 0.9617647 0.2690818 0.9672802 0.2772709 0.9617647 0.2722175 0.9595766 0.2642264 0.9647091 0.2690818 0.9672802 0.2722175 0.9595766 0.2642264 0.9647091 0.2722175 0.9595766 0.2671411 0.9573699 0.2596481 0.9624044 0.2642264 0.9647091 0.2671411 0.9573699 0.2596481 0.9624044 0.2671411 0.9573699 0.2626111 0.954381 0.2534847 0.9504574 0.2513639 0.9574593 0.2596481 0.9624044 0.2534847 0.9504574 0.2596481 0.9624044 0.2626111 0.954381 0.246492 0.956149 0.2513639 0.9574593 0.2534847 0.9504574 0.246492 0.956149 0.2534847 0.9504574 0.2480642 0.9492585 0.2385861 0.9491079 0.2378163 0.9554173 0.246492 0.956149 0.2385861 0.9491079 0.246492 0.956149 0.2480642 0.9492585 0.233723 0.9498401 0.2331119 0.9559156 0.2378163 0.9554173 0.233723 0.9498401 0.2378163 0.9554173 0.2385861 0.9491079 0.2247643 0.9505416 0.2243503 0.9572551 0.2331119 0.9559156 0.2247643 0.9505416 0.2331119 0.9559156 0.233723 0.9498401 0.5241378 0.2472311 0.5279322 0.2646278 0.5359085 0.2604953 0.5241378 0.2472311 0.5359085 0.2604953 0.5342036 0.2417544 0.7708618 0.1364468 0.7628138 0.1364192 0.7647053 0.1444869 0.7708618 0.1364468 0.7647053 0.1444869 0.7727563 0.1468847 0.7802257 0.1501136 0.7794578 0.1364098 0.7708618 0.1364468 0.7802257 0.1501136 0.7708618 0.1364468 0.7727563 0.1468847 0.8583378 0.1440984 0.8659914 0.1398494 0.8662365 0.1286187 0.8583378 0.1440984 0.8662365 0.1286187 0.8568889 0.1297636 0.8749396 0.1272523 0.8662365 0.1286187 0.8659914 0.1398494 0.8749396 0.1272523 0.8659914 0.1398494 0.874273 0.1359617 0.5336281 0.3555 0.5257008 0.3513112 0.5217273 0.3686609 0.5336281 0.3555 0.5217273 0.3686609 0.531755 0.3742341 0.07968419 0.9502293 0.07066309 0.9496806 0.07137727 0.9557691 0.07968419 0.9502293 0.07137727 0.9557691 0.08018463 0.9569685 0.07066309 0.9496806 0.06576192 0.9490361 0.06664699 0.9553566 0.07066309 0.9496806 0.06664699 0.9553566 0.07137727 0.9557691 0.06576192 0.9490361 0.05624443 0.9493731 0.05794924 0.9562621 0.06576192 0.9490361 0.05794924 0.9562621 0.06664699 0.9553566 0.05307626 0.9576726 0.05794924 0.9562621 0.05624443 0.9493731 0.05307626 0.9576726 0.05624443 0.9493731 0.05082261 0.9506835 0.05082261 0.9506835 0.04173064 0.9547989 0.04483437 0.9627998 0.05082261 0.9506835 0.04483437 0.9627998 0.05307626 0.9576726 0.04027521 0.9651985 0.04483437 0.9627998 0.04173064 0.9547989 0.04027521 0.9651985 0.04173064 0.9547989 0.03723305 0.9578773 0.03543865 0.9678655 0.04027521 0.9651985 0.03723305 0.9578773 0.03543865 0.9678655 0.03723305 0.9578773 0.03217357 0.9601755 0.03062385 0.9707904 0.03543865 0.9678655 0.03217357 0.9601755 0.03062385 0.9707904 0.03217357 0.9601755 0.02713739 0.9624549 0.02514272 0.9738796 0.03062385 0.9707904 0.02713739 0.9624549 0.02514272 0.9738796 0.02713739 0.9624549 0.02145236 0.9648688 0.2304015 0.5634585 0.2204424 0.5633656 0.2195622 0.5717779 0.2304015 0.5634585 0.2195622 0.5717779 0.2295728 0.5707347 0.2169314 0.5467206 0.2154875 0.5608941 0.2195622 0.5717779 0.2169314 0.5467206 0.2195622 0.5717779 0.2204424 0.5633656 0.210574 0.5478619 0.209197 0.5621274 0.2154875 0.5608941 0.210574 0.5478619 0.2154875 0.5608941 0.2169314 0.5467206 0.210574 0.5478619 0.2011198 0.5485233 0.2000267 0.5629244 0.210574 0.5478619 0.2000267 0.5629244 0.209197 0.5621274 0.1942713 0.5485781 0.1930523 0.5627074 0.2000267 0.5629244 0.1942713 0.5485781 0.2000267 0.5629244 0.2011198 0.5485233 0.191716 0.5799071 0.1511953 0.5799153 0.1509275 0.595223 0.191716 0.5799071 0.1509275 0.595223 0.1906235 0.5948774 0.198927 0.5804533 0.191716 0.5799071 0.1906235 0.5948774 0.198927 0.5804533 0.1906235 0.5948774 0.1982315 0.595709 0.2078585 0.5794982 0.198927 0.5804533 0.1982315 0.595709 0.2078585 0.5794982 0.1982315 0.595709 0.2071524 0.5946225 0.2141609 0.5781593 0.2078585 0.5794982 0.2071524 0.5946225 0.2141609 0.5781593 0.2071524 0.5946225 0.2136045 0.5931974 0.2187024 0.5820562 0.2141609 0.5781593 0.2136045 0.5931974 0.2187024 0.5820562 0.2136045 0.5931974 0.2181916 0.5910366 0.2287617 0.5796536 0.2187024 0.5820562 0.2181916 0.5910366 0.2287617 0.5796536 0.2181916 0.5910366 0.2282974 0.5874158 0.03789651 0.9927687 0.0420053 0.9880453 0.03601908 0.9804586 0.03789651 0.9927687 0.03601908 0.9804586 0.03106033 0.9842728 0.0420053 0.9880453 0.0454778 0.9836325 0.04029393 0.9767446 0.0420053 0.9880453 0.04029393 0.9767446 0.03601908 0.9804586 0.04920548 0.9800218 0.04465383 0.973588 0.04029393 0.9767446 0.04920548 0.9800218 0.04029393 0.9767446 0.0454778 0.9836325 0.05263239 0.9769415 0.04871189 0.9708502 0.04465383 0.973588 0.05263239 0.9769415 0.04465383 0.973588 0.04920548 0.9800218 0.05630034 0.966522 0.04871189 0.9708502 0.05263239 0.9769415 0.05630034 0.966522 0.05263239 0.9769415 0.05892491 0.9722398 0.05892491 0.9722398 0.06183093 0.9707593 0.06006181 0.9643033 0.05892491 0.9722398 0.06006181 0.9643033 0.05630034 0.966522 0.06753456 0.9626647 0.06006181 0.9643033 0.06183093 0.9707593 0.06753456 0.9626647 0.06183093 0.9707593 0.06803852 0.9694659 0.07192307 0.9628815 0.06753456 0.9626647 0.06803852 0.9694659 0.07192307 0.9628815 0.06803852 0.9694659 0.07203775 0.969599 0.08003765 0.9649521 0.07192307 0.9628815 0.07203775 0.969599 0.08003765 0.9649521 0.07203775 0.969599 0.07921683 0.9716557 0.510114 0.3612315 0.5166469 0.3462758 0.5096802 0.3417173 0.510114 0.3612315 0.5096802 0.3417173 0.5008206 0.351378 0.8742027 0.1022255 0.8654661 0.1011928 0.8661939 0.1153482 0.8742027 0.1022255 0.8661939 0.1153482 0.8750962 0.1155046 0.8541375 0.1104756 0.8661939 0.1153482 0.8654661 0.1011928 0.8541375 0.1104756 0.8654661 0.1011928 0.853803 0.09873586 0.8154912 0.1103187 0.8541375 0.1104756 0.853803 0.09873586 0.8154912 0.1103187 0.853803 0.09873586 0.8147148 0.1012446 0.7790285 0.1178829 0.8154912 0.1103187 0.8147148 0.1012446 0.7790285 0.1178829 0.8147148 0.1012446 0.7776584 0.1068165 0.7689025 0.1241446 0.7790285 0.1178829 0.7776584 0.1068165 0.7689025 0.1241446 0.7776584 0.1068165 0.7675076 0.1110907 0.7598436 0.1133869 0.7609415 0.1255701 0.7689025 0.1241446 0.7598436 0.1133869 0.7689025 0.1241446 0.7675076 0.1110907 0.5116547 0.2740828 0.5187743 0.2695859 0.5124475 0.2545098 0.5116547 0.2740828 0.5124475 0.2545098 0.5029774 0.2641352 0.2326851 0.963024 0.2245993 0.9652454 0.225528 0.9719806 0.2326851 0.963024 0.225528 0.9719806 0.2327061 0.9697456 0.237064 0.9627193 0.2326851 0.963024 0.2327061 0.9697456 0.237064 0.9627193 0.2327061 0.9697456 0.2367076 0.9695175 0.2445393 0.9641969 0.237064 0.9627193 0.2367076 0.9695175 0.2445393 0.9641969 0.2367076 0.9695175 0.242928 0.9706614 0.2458304 0.9720671 0.2483158 0.9663271 0.2445393 0.9641969 0.2458304 0.9720671 0.2445393 0.9641969 0.242928 0.9706614 0.2559222 0.9704762 0.2483158 0.9663271 0.2458304 0.9720671 0.2559222 0.9704762 0.2458304 0.9720671 0.2521501 0.9766004 0.2521501 0.9766004 0.2556126 0.9795863 0.2600049 0.9731199 0.2521501 0.9766004 0.2600049 0.9731199 0.2559222 0.9704762 0.2556126 0.9795863 0.2593671 0.9830965 0.2643899 0.9761777 0.2556126 0.9795863 0.2643899 0.9761777 0.2600049 0.9731199 0.2628754 0.9874106 0.2686896 0.9797977 0.2643899 0.9761777 0.2628754 0.9874106 0.2643899 0.9761777 0.2593671 0.9830965 0.2670283 0.9920261 0.2736629 0.9835179 0.2686896 0.9797977 0.2670283 0.9920261 0.2686896 0.9797977 0.2628754 0.9874106 0.08354324 0.5798501 0.07353669 0.5770964 0.07373863 0.5849092 0.08354324 0.5798501 0.07373863 0.5849092 0.08375859 0.5888767 0.08824688 0.5760704 0.08354324 0.5798501 0.08375859 0.5888767 0.08824688 0.5760704 0.08375859 0.5888767 0.08830487 0.5911729 0.0945416 0.577598 0.08824688 0.5760704 0.08830487 0.5911729 0.0945416 0.577598 0.08830487 0.5911729 0.0947442 0.5927858 0.1034703 0.5788404 0.0945416 0.577598 0.0947442 0.5927858 0.1034703 0.5788404 0.0947442 0.5927858 0.1036506 0.5941475 0.1107022 0.5785367 0.1034703 0.5788404 0.1036506 0.5941475 0.1107022 0.5785367 0.1036506 0.5941475 0.1112797 0.5935602 0.1511953 0.5799153 0.1107022 0.5785367 0.1112797 0.5935602 0.1511953 0.5799153 0.1112797 0.5935602 0.1509275 0.595223 0.1631433 0.9176093 0.1653097 0.9010468 0.1613584 0.9000802 0.1631433 0.9176093 0.1613584 0.9000802 0.1564334 0.9164246 0.1653097 0.9010468 0.1660668 0.894717 0.16588 0.8938336 0.1653097 0.9010468 0.16588 0.8938336 0.1613584 0.9000802 0.1660668 0.894717 0.1673579 0.9002862 0.1691086 0.8993293 0.1660668 0.894717 0.1691086 0.8993293 0.16588 0.8938336 0.1152792 0.9002862 0.1179414 0.9162919 0.1245809 0.9151245 0.1152792 0.9002862 0.1245809 0.9151245 0.1208521 0.8993293 0.1179414 0.9162919 0.1210271 0.9385058 0.1287304 0.937045 0.1179414 0.9162919 0.1287304 0.937045 0.1245809 0.9151245 0.1210271 0.9385058 0.1258905 0.9610064 0.1326538 0.9592472 0.1210271 0.9385058 0.1326538 0.9592472 0.1287304 0.937045 0.1258905 0.9610064 0.1329553 0.9777342 0.1369394 0.9757525 0.1258905 0.9610064 0.1369394 0.9757525 0.1326538 0.9592472 0.1329553 0.9777342 0.1408281 0.9841462 0.1409617 0.9820793 0.1329553 0.9777342 0.1409617 0.9820793 0.1369394 0.9757525 0.1408281 0.9841462 0.1485846 0.9784941 0.1448233 0.9765025 0.1408281 0.9841462 0.1448233 0.9765025 0.1409617 0.9820793 0.1485846 0.9784941 0.1552212 0.9623228 0.1485992 0.9605465 0.1485846 0.9784941 0.1485992 0.9605465 0.1448233 0.9765025 0.1552212 0.9623228 0.1598243 0.9400265 0.1521158 0.9385458 0.1552212 0.9623228 0.1521158 0.9385458 0.1485992 0.9605465 0.1598243 0.9400265 0.1631433 0.9176093 0.1564334 0.9164246 0.1598243 0.9400265 0.1564334 0.9164246 0.1521158 0.9385458 0.8213651 0.1771953 0.8545358 0.1736924 0.8367898 0.1724313 0.8213651 0.1771953 0.8367898 0.1724313 0.8212378 0.176428 0.8545358 0.1736924 0.8594092 0.160254 0.84847 0.1625066 0.8545358 0.1736924 0.84847 0.1625066 0.8367898 0.1724313 0.8594092 0.160254 0.8583378 0.1440984 0.8521575 0.1478615 0.8594092 0.160254 0.8521575 0.1478615 0.84847 0.1625066 0.8583378 0.1440984 0.8568889 0.1297636 0.8470695 0.1314935 0.8583378 0.1440984 0.8470695 0.1314935 0.8521575 0.1478615 0.8568889 0.1297636 0.8541375 0.1104756 0.8335174 0.1185998 0.8568889 0.1297636 0.8335174 0.1185998 0.8470695 0.1314935 0.8541375 0.1104756 0.8154912 0.1103187 0.8158051 0.1147152 0.8541375 0.1104756 0.8158051 0.1147152 0.8335174 0.1185998 0.8154912 0.1103187 0.7790285 0.1178829 0.7997112 0.1217403 0.8154912 0.1103187 0.7997112 0.1217403 0.8158051 0.1147152 0.7790285 0.1178829 0.7794578 0.1364098 0.7890104 0.1362551 0.7790285 0.1178829 0.7890104 0.1362551 0.7997112 0.1217403 0.7794578 0.1364098 0.7802257 0.1501136 0.7867308 0.1524952 0.7794578 0.1364098 0.7867308 0.1524952 0.7890104 0.1362551 0.7802257 0.1501136 0.7824083 0.1650184 0.7925214 0.1659265 0.7802257 0.1501136 0.7925214 0.1659265 0.7867308 0.1524952 0.7824083 0.1650184 0.7878382 0.1775242 0.8054758 0.1741982 0.7824083 0.1650184 0.8054758 0.1741982 0.7925214 0.1659265 0.7878382 0.1775242 0.8213651 0.1771953 0.8212378 0.176428 0.7878382 0.1775242 0.8212378 0.176428 0.8054758 0.1741982 0.2243108 0.1562277 0.2130376 0.1678996 0.2251327 0.1746324 0.2243108 0.1562277 0.2251327 0.1746324 0.2314882 0.1681011 0.239959 0.1517669 0.2243108 0.1562277 0.2314882 0.1681011 0.239959 0.1517669 0.2314882 0.1681011 0.2401894 0.1656031 0.2557458 0.1556916 0.239959 0.1517669 0.2401894 0.1656031 0.2557458 0.1556916 0.2401894 0.1656031 0.2489892 0.1678018 0.2674151 0.1669711 0.2557458 0.1556916 0.2489892 0.1678018 0.2674151 0.1669711 0.2489892 0.1678018 0.255549 0.1741144 0.2719497 0.1826262 0.2674151 0.1669711 0.255549 0.1741144 0.2719497 0.1826262 0.255549 0.1741144 0.2580568 0.1828626 0.2681382 0.1984828 0.2719497 0.1826262 0.2580568 0.1828626 0.2681382 0.1984828 0.2580568 0.1828626 0.2559131 0.1917096 0.2568531 0.2102711 0.2681382 0.1984828 0.2559131 0.1917096 0.2568531 0.2102711 0.2559131 0.1917096 0.2496401 0.1982774 0.2410299 0.2147898 0.2568531 0.2102711 0.2496401 0.1982774 0.2410299 0.2147898 0.2496401 0.1982774 0.2407886 0.2007932 0.2250602 0.2108066 0.2410299 0.2147898 0.2407886 0.2007932 0.2250602 0.2108066 0.2407886 0.2007932 0.2318726 0.1985766 0.213386 0.1994104 0.2250602 0.2108066 0.2318726 0.1985766 0.213386 0.1994104 0.2318726 0.1985766 0.2253668 0.1922276 0.2090341 0.1836975 0.213386 0.1994104 0.2253668 0.1922276 0.2090341 0.1836975 0.2253668 0.1922276 0.2229331 0.183461 0.2130376 0.1678996 0.2090341 0.1836975 0.2229331 0.183461 0.2130376 0.1678996 0.2229331 0.183461 0.2251327 0.1746324 0.7349386 0.1060851 0.7360652 0.09907883 0.7285926 0.09907883 0.7349386 0.1060851 0.7285926 0.09907883 0.7286149 0.1060851 0.9126095 0.09907889 0.9137361 0.1060852 0.9200598 0.1060852 0.9126095 0.09907889 0.9200598 0.1060852 0.9200821 0.09907889 0.911226 0.08950781 0.9126095 0.09907889 0.9200821 0.09907889 0.911226 0.08950781 0.9200821 0.09907889 0.9198914 0.08950781 0.9105936 0.07993692 0.911226 0.08950781 0.9198914 0.08950781 0.9105936 0.07993692 0.9198914 0.08950781 0.9189495 0.07993692 0.9102389 0.07293045 0.9105936 0.07993692 0.9189495 0.07993692 0.9102389 0.07293045 0.9189495 0.07993692 0.9182 0.07293045 0.4943725 0.05169576 0.4941126 0.04274547 0.4844393 0.04274547 0.4943725 0.05169576 0.4844393 0.04274547 0.4845703 0.05169576 0.4941126 0.06064605 0.4943725 0.05169576 0.4845703 0.05169576 0.4941126 0.06064605 0.4845703 0.05169576 0.4844393 0.06064605 0.738081 0.07993686 0.7384359 0.07293045 0.7304747 0.07293045 0.738081 0.07993686 0.7304747 0.07293045 0.7297253 0.07993686 0.7374486 0.08950781 0.738081 0.07993686 0.7297253 0.07993686 0.7374486 0.08950781 0.7297253 0.07993686 0.7287834 0.08950781 0.7360652 0.09907883 0.7374486 0.08950781 0.7287834 0.08950781 0.7360652 0.09907883 0.7287834 0.08950781 0.7285926 0.09907883 0.3675555 0.9839564 0.3672456 0.9929582 0.3704494 0.9905756 0.3675555 0.9839564 0.3704494 0.9905756 0.3705608 0.9839564 0.3672456 0.9929582 0.3752082 0.9929582 0.3744177 0.9905756 0.3672456 0.9929582 0.3744177 0.9905756 0.3704494 0.9905756 0.3752082 0.9929582 0.375367 0.9839564 0.3745398 0.9839564 0.3752082 0.9929582 0.3745398 0.9839564 0.3744177 0.9905756 0.3672456 0.9749546 0.3675555 0.9839564 0.3705608 0.9839564 0.3672456 0.9749546 0.3705608 0.9839564 0.3704494 0.9773372 0.375367 0.9839564 0.3752082 0.9749546 0.3744177 0.9773372 0.375367 0.9839564 0.3744177 0.9773372 0.3745398 0.9839564 0.3752082 0.9749546 0.3672456 0.9749546 0.3704494 0.9773372 0.3752082 0.9749546 0.3704494 0.9773372 0.3744177 0.9773372 0.9883305 0.06541955 0.9776734 0.06541955 0.9771073 0.07207983 0.9883305 0.06541955 0.9771073 0.07207983 0.9888965 0.07207983 0.9888965 0.07207983 0.9771073 0.07207983 0.9766471 0.08121758 0.9888965 0.07207983 0.9766471 0.08121758 0.9893569 0.08121758 0.2987529 0.0700187 0.3038278 0.0700187 0.3038153 0.0635817 0.2987529 0.0700187 0.3038153 0.0635817 0.2987548 0.0635817 0.1918863 0.07204473 0.2033592 0.07204473 0.2029896 0.06509023 0.1918863 0.07204473 0.2029896 0.06509023 0.1922546 0.06509023 0.9375885 0.9481467 0.9341114 0.9494969 0.933677 0.9559303 0.9375885 0.9481467 0.933677 0.9559303 0.9371539 0.9559303 0.7231672 0.9696038 0.7266443 0.9696038 0.72621 0.9631701 0.7231672 0.9696038 0.72621 0.9631701 0.722733 0.9618199 0.2029896 0.06509023 0.1998912 0.06392109 0.1953535 0.06392109 0.2029896 0.06509023 0.1953535 0.06392109 0.1922546 0.06509023 0.9371539 0.9559303 0.933677 0.9559303 0.9341114 0.9623638 0.9371539 0.9559303 0.9341114 0.9623638 0.9375885 0.9637142 0.9883305 0.06541955 0.985251 0.06429982 0.9807528 0.06429982 0.9883305 0.06541955 0.9807528 0.06429982 0.9776734 0.06541955 0.722733 0.9773876 0.7262101 0.9760373 0.7266443 0.9696038 0.722733 0.9773876 0.7266443 0.9696038 0.7231672 0.9696038 0.3966795 0.9098944 0.395793 0.9084131 0.3933039 0.9108561 0.3966795 0.9098944 0.3933039 0.9108561 0.397647 0.9130586 0.395793 0.9084131 0.3926137 0.9035858 0.3880183 0.9087983 0.395793 0.9084131 0.3880183 0.9087983 0.3933039 0.9108561 0.3926137 0.9035858 0.3875885 0.8981456 0.382555 0.9064527 0.3926137 0.9035858 0.382555 0.9064527 0.3880183 0.9087983 0.3875885 0.8981456 0.3751472 0.8904372 0.3696504 0.9021022 0.3875885 0.8981456 0.3696504 0.9021022 0.382555 0.9064527 0.3696504 0.9021022 0.3751472 0.8904372 0.3658958 0.8860924 0.3696504 0.9021022 0.3658958 0.8860924 0.3615921 0.9004659 0.3615921 0.9004659 0.3658958 0.8860924 0.3546065 0.8834639 0.3615921 0.9004659 0.3546065 0.8834639 0.3525969 0.8997496 0.3525969 0.8997496 0.3546065 0.8834639 0.3461491 0.888661 0.3525969 0.8997496 0.3461491 0.888661 0.3449637 0.9022682 0.9665414 0.7595897 0.9663313 0.7516751 0.9651045 0.7516751 0.9665414 0.7595897 0.9651045 0.7516751 0.964928 0.7595897 0.7103124 0.205264 0.7114352 0.2065241 0.71274 0.1988923 0.7103124 0.205264 0.71274 0.1988923 0.7115886 0.1980745 0.9663313 0.7516751 0.9666312 0.7482916 0.9655121 0.7482916 0.9663313 0.7516751 0.9655121 0.7482916 0.9651045 0.7516751 0.7103124 0.205264 0.7058383 0.2083382 0.7068291 0.2098666 0.7103124 0.205264 0.7068291 0.2098666 0.7114352 0.2065241 0.7444216 0.9736075 0.7444195 0.9663366 0.742417 0.9664778 0.7444216 0.9736075 0.742417 0.9664778 0.7426891 0.9738296 0.7058383 0.2083382 0.6979125 0.2098014 0.6986187 0.2113459 0.7058383 0.2083382 0.6986187 0.2113459 0.7068291 0.2098666 0.7444195 0.9663366 0.7444252 0.9598398 0.7422649 0.9599087 0.7444195 0.9663366 0.7422649 0.9599087 0.742417 0.9664778 0.6979125 0.2098014 0.6910502 0.2108361 0.6914828 0.2123839 0.6979125 0.2098014 0.6914828 0.2123839 0.6986187 0.2113459 0.7444252 0.9598398 0.7444251 0.9469979 0.7422844 0.9469238 0.7444252 0.9598398 0.7422844 0.9469238 0.7422649 0.9599087 0.6910502 0.2108361 0.6776985 0.2121109 0.6775401 0.2136877 0.6910502 0.2108361 0.6775401 0.2136877 0.6914828 0.2123839 0.7444195 0.9401898 0.7424462 0.9400401 0.7422844 0.9469238 0.7444195 0.9401898 0.7422844 0.9469238 0.7444251 0.9469979 0.6706607 0.2121716 0.6701844 0.2137245 0.6775401 0.2136877 0.6706607 0.2121716 0.6775401 0.2136877 0.6776985 0.2121109 0.7444218 0.9332302 0.7427085 0.9330028 0.7424462 0.9400401 0.7444218 0.9332302 0.7424462 0.9400401 0.7444195 0.9401898 0.95864 0.7639734 0.9574037 0.7639734 0.9572011 0.7718088 0.95864 0.7639734 0.9572011 0.7718088 0.9587982 0.7718088 0.663759 0.211847 0.662964 0.2132828 0.6701844 0.2137245 0.663759 0.211847 0.6701844 0.2137245 0.6706607 0.2121716 0.6565044 0.2028347 0.6586519 0.2102742 0.6596379 0.2089326 0.6565044 0.2028347 0.6596379 0.2089326 0.6576085 0.2018414 0.9574037 0.7639734 0.95864 0.7639734 0.9582654 0.7606572 0.9574037 0.7639734 0.9582654 0.7606572 0.9571153 0.7606572 0.6596379 0.2089326 0.6586519 0.2102742 0.662964 0.2132828 0.6596379 0.2089326 0.662964 0.2132828 0.663759 0.211847 0.9852437 0.1760192 0.9956605 0.1761389 0.9920395 0.165812 0.9852437 0.1760192 0.9920395 0.165812 0.9834712 0.164792 0.6342034 0.9058377 0.6316241 0.9153639 0.6384686 0.9160238 0.6342034 0.9058377 0.6384686 0.9160238 0.6399812 0.9049677 0.9956605 0.1761389 0.9852437 0.1760192 0.9856577 0.1961323 0.9956605 0.1761389 0.9856577 0.1961323 0.9962789 0.1965764 0.6399812 0.9049677 0.6384686 0.9160238 0.6456592 0.9170612 0.6399812 0.9049677 0.6456592 0.9170612 0.6478444 0.9053821 0.6332893 0.9357696 0.6384686 0.9160238 0.6316241 0.9153639 0.6332893 0.9357696 0.6316241 0.9153639 0.626277 0.9342171 0.6478444 0.9053821 0.6456592 0.9170612 0.6520308 0.9182869 0.6478444 0.9053821 0.6520308 0.9182869 0.6550945 0.9062896 0.6456592 0.9170612 0.6384686 0.9160238 0.6332893 0.9357696 0.6456592 0.9170612 0.6332893 0.9357696 0.6386315 0.9372905 0.9856577 0.1961323 0.9859922 0.216347 0.9966492 0.2169193 0.9856577 0.1961323 0.9966492 0.2169193 0.9962789 0.1965764 0.6550945 0.9062896 0.6520308 0.9182869 0.6648121 0.9216917 0.6550945 0.9062896 0.6648121 0.9216917 0.6678799 0.9092246 0.6275168 0.9554194 0.6332893 0.9357696 0.626277 0.9342171 0.6275168 0.9554194 0.626277 0.9342171 0.6207355 0.9529828 0.6678799 0.9092246 0.6648121 0.9216917 0.6716486 0.9239972 0.6678799 0.9092246 0.6716486 0.9239972 0.6753565 0.9116258 0.9944595 0.2311551 0.9966492 0.2169193 0.9859922 0.216347 0.9944595 0.2311551 0.9859922 0.216347 0.9864266 0.2308042 0.6753565 0.9116258 0.6716486 0.9239972 0.6787188 0.9267338 0.6753565 0.9116258 0.6787188 0.9267338 0.6827951 0.9145998 0.6332893 0.9357696 0.6275168 0.9554194 0.6343439 0.9585125 0.6332893 0.9357696 0.6343439 0.9585125 0.6386315 0.9372905 0.5356014 0.1518909 0.5318246 0.1630002 0.5423843 0.1639648 0.5356014 0.1518909 0.5423843 0.1639648 0.5442904 0.1515352 0.6827951 0.9145998 0.6787188 0.9267338 0.6858001 0.9290598 0.6827951 0.9145998 0.6858001 0.9290598 0.6884981 0.9175572 0.1777825 0.9811936 0.1784701 0.9901167 0.1877887 0.9901167 0.1777825 0.9811936 0.1877887 0.9901167 0.1881968 0.9811979 0.7124139 0.09001183 0.7145451 0.08806031 0.7151491 0.08390325 0.7124139 0.09001183 0.7151491 0.08390325 0.7120623 0.08444947 0.6225034 0.9678813 0.6275168 0.9554194 0.6207355 0.9529828 0.6225034 0.9678813 0.6207355 0.9529828 0.6172588 0.9661151 0.7086104 0.09092527 0.7124139 0.09001183 0.7120623 0.08444947 0.7086104 0.09092527 0.7120623 0.08444947 0.7081522 0.08511662 0.5420088 0.1841698 0.5423843 0.1639648 0.5318246 0.1630002 0.5420088 0.1841698 0.5318246 0.1630002 0.5314781 0.1833395 0.6295775 0.9706995 0.6343439 0.9585125 0.6275168 0.9554194 0.6295775 0.9706995 0.6275168 0.9554194 0.6225034 0.9678813 0.6809505 0.9501177 0.6858001 0.9290598 0.6787188 0.9267338 0.6809505 0.9501177 0.6787188 0.9267338 0.6736811 0.9482237 0.7051737 0.09159088 0.7086104 0.09092527 0.7081522 0.08511662 0.7051737 0.09159088 0.7081522 0.08511662 0.7046303 0.08563369 0.6404483 0.9611005 0.6343439 0.9585125 0.6295775 0.9706995 0.6404483 0.9611005 0.6295775 0.9706995 0.6359055 0.9732046 0.4718796 0.0578649 0.4719296 0.05009156 0.4629538 0.05009156 0.4718796 0.0578649 0.4629538 0.05009156 0.4629542 0.0578649 0.7046303 0.08563369 0.6975574 0.08623152 0.698186 0.09233897 0.7046303 0.08563369 0.698186 0.09233897 0.7051737 0.09159088 0.07276004 0.07780253 0.07350599 0.06888139 0.06254202 0.06888836 0.07276004 0.07780253 0.06254202 0.06888836 0.06296187 0.07780253 0.5313168 0.2035728 0.5416604 0.2042703 0.5420088 0.1841698 0.5313168 0.2035728 0.5420088 0.1841698 0.5314781 0.1833395 0.6486639 0.9780847 0.6529485 0.9655978 0.6404483 0.9611005 0.6486639 0.9780847 0.6404483 0.9611005 0.6359055 0.9732046 0.6744853 0.9710668 0.6809505 0.9501177 0.6736811 0.9482237 0.6744853 0.9710668 0.6736811 0.9482237 0.6672732 0.9695997 0.6943603 0.09245461 0.698186 0.09233897 0.6975574 0.08623152 0.6943603 0.09245461 0.6975574 0.08623152 0.6937469 0.08633351 0.6558088 0.9806506 0.6598864 0.967687 0.6529485 0.9655978 0.6558088 0.9806506 0.6529485 0.9655978 0.6486639 0.9780847 0.6898006 0.08624947 0.690336 0.09227603 0.6943603 0.09245461 0.6898006 0.08624947 0.6943603 0.09245461 0.6937469 0.08633351 0.5416604 0.2042703 0.5313168 0.2035728 0.5331403 0.2166649 0.5416604 0.2042703 0.5331403 0.2166649 0.5410091 0.2175236 0.686818 0.08606177 0.6879068 0.09053826 0.690336 0.09227603 0.686818 0.08606177 0.690336 0.09227603 0.6898006 0.08624947 0.6635482 0.9832577 0.6672732 0.9695997 0.6598864 0.967687 0.6635482 0.9832577 0.6598864 0.967687 0.6558088 0.9806506 0.6689641 0.9846213 0.6744853 0.9710668 0.6672732 0.9695997 0.6689641 0.9846213 0.6672732 0.9695997 0.6635482 0.9832577 0.1784703 0.972279 0.1777825 0.9811936 0.1881968 0.9811979 0.1784703 0.972279 0.1881968 0.9811979 0.1877887 0.972279 0.07275986 0.05997407 0.07177716 0.05344837 0.06339424 0.05344837 0.07275986 0.05997407 0.06339424 0.05344837 0.06296163 0.05997407 0.07350599 0.06888139 0.07275986 0.05997407 0.06296163 0.05997407 0.07350599 0.06888139 0.06296163 0.05997407 0.06254202 0.06888836 0.4719296 0.05009156 0.4722149 0.04231822 0.4629548 0.04231822 0.4719296 0.05009156 0.4629548 0.04231822 0.4629538 0.05009156 0.07177728 0.08432829 0.07276004 0.07780253 0.06296187 0.07780253 0.07177728 0.08432829 0.06296187 0.07780253 0.06339424 0.08432829 0.1793224 0.9657499 0.1784703 0.972279 0.1877887 0.972279 0.1793224 0.9657499 0.1877887 0.972279 0.1873821 0.9657499 0.1784701 0.9901167 0.1793224 0.9966458 0.1873821 0.9966458 0.1784701 0.9901167 0.1873821 0.9966458 0.1877887 0.9901167 0.6787188 0.9267338 0.6690357 0.9386119 0.6692568 0.9468584 0.6787188 0.9267338 0.6692568 0.9468584 0.6736811 0.9482237 0.6651096 0.9538302 0.6672732 0.9695997 0.6736811 0.9482237 0.6651096 0.9538302 0.6736811 0.9482237 0.6692568 0.9468584 0.6716486 0.9239972 0.6649915 0.9314726 0.6690357 0.9386119 0.6716486 0.9239972 0.6690357 0.9386119 0.6787188 0.9267338 0.6648121 0.9216917 0.6584214 0.9274247 0.6649915 0.9314726 0.6648121 0.9216917 0.6649915 0.9314726 0.6716486 0.9239972 0.6584214 0.9274247 0.6648121 0.9216917 0.6520308 0.9182869 0.6584214 0.9274247 0.6520308 0.9182869 0.6509945 0.9274268 0.6456592 0.9170612 0.6446151 0.9313099 0.6509945 0.9274268 0.6456592 0.9170612 0.6509945 0.9274268 0.6520308 0.9182869 0.6386315 0.9372905 0.6409704 0.9379683 0.6446151 0.9313099 0.6386315 0.9372905 0.6446151 0.9313099 0.6456592 0.9170612 0.6343439 0.9585125 0.6407669 0.9457343 0.6409704 0.9379683 0.6343439 0.9585125 0.6409704 0.9379683 0.6386315 0.9372905 0.6404483 0.9611005 0.6443607 0.9526895 0.6407669 0.9457343 0.6404483 0.9611005 0.6407669 0.9457343 0.6343439 0.9585125 0.6443607 0.9526895 0.6404483 0.9611005 0.6529485 0.9655978 0.6443607 0.9526895 0.6529485 0.9655978 0.6506831 0.9570466 0.6598864 0.967687 0.6582323 0.9575289 0.6506831 0.9570466 0.6598864 0.967687 0.6506831 0.9570466 0.6529485 0.9655978 0.6672732 0.9695997 0.6651096 0.9538302 0.6582323 0.9575289 0.6672732 0.9695997 0.6582323 0.9575289 0.6598864 0.967687 0.6528452 0.2043277 0.6434579 0.1983822 0.6426423 0.2030811 0.6528452 0.2043277 0.6426423 0.2030811 0.6520095 0.2113711 0.6520095 0.2113711 0.6426423 0.2030811 0.6401999 0.2054423 0.6520095 0.2113711 0.6401999 0.2054423 0.6483675 0.2147187 0.6483675 0.2147187 0.6401999 0.2054423 0.6357533 0.2066751 0.6483675 0.2147187 0.6357533 0.2066751 0.6417546 0.2165594 0.6417546 0.2165594 0.6357533 0.2066751 0.6317806 0.2076359 0.6417546 0.2165594 0.6317806 0.2076359 0.635674 0.2181442 0.635674 0.2181442 0.6317806 0.2076359 0.6238142 0.2088802 0.635674 0.2181442 0.6238142 0.2088802 0.6229537 0.2203366 0.6229537 0.2203366 0.6238142 0.2088802 0.6195248 0.2091057 0.6229537 0.2203366 0.6195248 0.2091057 0.6158439 0.2208549 0.6158439 0.2208549 0.6195248 0.2091057 0.6151433 0.209068 0.6158439 0.2208549 0.6151433 0.209068 0.6083823 0.2206862 0.6083823 0.2206862 0.6151433 0.209068 0.6124541 0.2072141 0.6083823 0.2206862 0.6124541 0.2072141 0.6038523 0.2177643 0.6038523 0.2177643 0.6124541 0.2072141 0.611308 0.2023557 0.6038523 0.2177643 0.611308 0.2023557 0.6016063 0.2100943 0.1423683 0.8192817 0.1586191 0.8192816 0.158619 0.8143311 0.1423683 0.8192817 0.158619 0.8143311 0.1423683 0.8143311 0.1423683 0.8143311 0.158619 0.8143311 0.158619 0.8109149 0.1423683 0.8143311 0.158619 0.8109149 0.1423683 0.8109149 0.1423683 0.8109149 0.158619 0.8109149 0.158619 0.8061134 0.1423683 0.8109149 0.158619 0.8061134 0.1423683 0.8061134 0.1423683 0.8061134 0.158619 0.8061134 0.158619 0.8017666 0.1423683 0.8061134 0.158619 0.8017666 0.1423683 0.8017666 0.1423683 0.8017666 0.158619 0.8017666 0.1586191 0.7930269 0.1423683 0.8017666 0.1586191 0.7930269 0.1423683 0.7930269 0.1423683 0.7930269 0.1586191 0.7930269 0.158619 0.7882739 0.1423683 0.7930269 0.158619 0.7882739 0.1423683 0.7882739 0.1423683 0.7882739 0.158619 0.7882739 0.1586191 0.783289 0.1423683 0.7882739 0.1586191 0.783289 0.1423683 0.783289 0.1423683 0.783289 0.1586191 0.783289 0.1586191 0.7794879 0.1423683 0.783289 0.1586191 0.7794879 0.1423683 0.7794879 0.1423683 0.7794879 0.1586191 0.7794879 0.1586191 0.7734764 0.1423683 0.7794879 0.1586191 0.7734764 0.1423683 0.7734764 0.1649475 0.03529757 0.1649475 0.05656319 0.1715531 0.05660361 0.1649475 0.03529757 0.1715531 0.05660361 0.1716447 0.03350257 0.1582502 0.03350257 0.1583414 0.05660361 0.1649475 0.05656319 0.1582502 0.03350257 0.1649475 0.05656319 0.1649475 0.03529757 0.7610531 0.04863768 0.7589133 0.04863768 0.7591261 0.05563521 0.7610531 0.04863768 0.7591261 0.05563521 0.7612168 0.05655115 0.7612168 0.05655115 0.7591261 0.05563521 0.7545161 0.05563521 0.7612168 0.05655115 0.7545161 0.05563521 0.7523572 0.05655115 0.7523572 0.05655115 0.7545161 0.05563521 0.7546969 0.04863768 0.7523572 0.05655115 0.7546969 0.04863768 0.7524639 0.04863768 0.7520308 0.04072397 0.754343 0.04164004 0.7591235 0.04164004 0.7520308 0.04072397 0.7591235 0.04164004 0.7612137 0.04072397 0.7612137 0.04072397 0.7591235 0.04164004 0.7589133 0.04863768 0.7612137 0.04072397 0.7589133 0.04863768 0.7610531 0.04863768 0.7524639 0.04863768 0.7546969 0.04863768 0.754343 0.04164004 0.7524639 0.04863768 0.754343 0.04164004 0.7520308 0.04072397 0.4903069 0.09356385 0.4950011 0.09356385 0.4951887 0.07066637 0.4903069 0.09356385 0.4951887 0.07066637 0.4904947 0.07043373 0.870002 0.9751054 0.8633624 0.9733262 0.8633624 0.9964572 0.870002 0.9751054 0.8633624 0.9964572 0.870002 0.9964591 0.2092223 0.09540927 0.2140879 0.09540927 0.2139002 0.07226651 0.2092223 0.09540927 0.2139002 0.07226651 0.2090342 0.07251173 0.8766419 0.9733262 0.870002 0.9751054 0.870002 0.9964591 0.8766419 0.9733262 0.870002 0.9964591 0.8766419 0.9964699 0.1649475 0.05656319 0.1649475 0.05978131 0.1714783 0.05982172 0.1649475 0.05656319 0.1714783 0.05982172 0.1715531 0.05660361 0.4951887 0.07066637 0.4939683 0.06747639 0.4904947 0.06651842 0.4951887 0.07066637 0.4904947 0.06651842 0.4904947 0.07043373 0.2139002 0.07226651 0.2139002 0.06835108 0.2102548 0.06932187 0.2139002 0.07226651 0.2102548 0.06932187 0.2090342 0.07251173 0.1583414 0.05660361 0.1584162 0.05982172 0.1649475 0.05978131 0.1583414 0.05660361 0.1649475 0.05978131 0.1649475 0.05656319 0.6406976 0.03550738 0.6412035 0.06154781 0.6473918 0.05950623 0.6406976 0.03550738 0.6473918 0.05950623 0.647344 0.03553217 0.5496806 0.05148929 0.5496348 0.07571142 0.5558315 0.0777738 0.5496806 0.05148929 0.5558315 0.0777738 0.5563238 0.05146443 0.4904947 0.06651842 0.4649071 0.06076163 0.4649071 0.06576055 0.4904947 0.06651842 0.4649071 0.06576055 0.4904947 0.07043373 0.647344 0.03553217 0.6473918 0.05950623 0.6535797 0.06154781 0.647344 0.03553217 0.6535797 0.06154781 0.6539901 0.03568243 0.2139002 0.07226651 0.2393161 0.06760591 0.2393161 0.06260728 0.2139002 0.07226651 0.2393161 0.06260728 0.2139002 0.06835108 0.5430361 0.05164092 0.543439 0.0777738 0.5496348 0.07571142 0.5430361 0.05164092 0.5496348 0.07571142 0.5496806 0.05148929 0.5430531 0.04789274 0.5430361 0.05164092 0.5496806 0.05148929 0.5430531 0.04789274 0.5496806 0.05148929 0.5496815 0.04789274 0.5496815 0.04789274 0.5496806 0.05148929 0.5563238 0.05146443 0.5496815 0.04789274 0.5563238 0.05146443 0.556306 0.04789274 0.9883305 0.09701591 0.9888965 0.09035551 0.9771073 0.09035551 0.9883305 0.09701591 0.9771073 0.09035551 0.9776734 0.09701591 0.9888965 0.09035551 0.9893569 0.08121758 0.9766471 0.08121758 0.9888965 0.09035551 0.9766471 0.08121758 0.9771073 0.09035551 0.2987529 0.0700187 0.2987548 0.07645583 0.3038155 0.07645583 0.2987529 0.0700187 0.3038155 0.07645583 0.3038278 0.0700187 0.1918845 0.09112781 0.1922549 0.0980826 0.2029898 0.0980826 0.1918845 0.09112781 0.2029898 0.0980826 0.2033585 0.09112781 0.933677 0.9671062 0.9341115 0.9748899 0.9375886 0.9748899 0.933677 0.9671062 0.9375886 0.9748899 0.9371542 0.9684564 0.3609566 0.9828287 0.361391 0.975045 0.3579138 0.9763952 0.3609566 0.9828287 0.3579138 0.9763952 0.3574795 0.9828287 0.2029898 0.0980826 0.1922549 0.0980826 0.1953533 0.0992515 0.2029898 0.0980826 0.1953533 0.0992515 0.199891 0.0992515 0.9341115 0.9748899 0.933677 0.9826737 0.9371542 0.9813234 0.9341115 0.9748899 0.9371542 0.9813234 0.9375886 0.9748899 0.9883305 0.09701591 0.9776734 0.09701591 0.9807528 0.09813541 0.9883305 0.09701591 0.9807528 0.09813541 0.985251 0.09813541 0.361391 0.9906123 0.3609566 0.9828287 0.3574795 0.9828287 0.361391 0.9906123 0.3574795 0.9828287 0.3579138 0.9892621 0.945456 0.1654628 0.9368959 0.1667839 0.9336771 0.1772335 0.945456 0.1654628 0.9336771 0.1772335 0.944113 0.1767452 0.3926935 0.9455618 0.3949034 0.9424775 0.3901692 0.9436982 0.3926935 0.9455618 0.3901692 0.9436982 0.3912178 0.9463208 0.3912178 0.9463208 0.3901692 0.9436982 0.3847506 0.9445985 0.3912178 0.9463208 0.3847506 0.9445985 0.3877804 0.9499452 0.05608719 0.1823785 0.05029779 0.1816409 0.0518952 0.1928196 0.05608719 0.1823785 0.0518952 0.1928196 0.0587722 0.1920029 0.3877804 0.9499452 0.3847506 0.9445985 0.3791831 0.9458718 0.3877804 0.9499452 0.3791831 0.9458718 0.3825907 0.9542354 0.05029779 0.1816409 0.04245316 0.1821056 0.04472863 0.1939131 0.05029779 0.1816409 0.04472863 0.1939131 0.0518952 0.1928196 0.04245316 0.1821056 0.03521484 0.1830471 0.0383234 0.1951756 0.04245316 0.1821056 0.0383234 0.1951756 0.04472863 0.1939131 0.3615921 0.9004659 0.3582156 0.9485488 0.3662301 0.9480876 0.3615921 0.9004659 0.3662301 0.9480876 0.3696504 0.9021022 0.3825907 0.9542354 0.3791831 0.9458718 0.3662301 0.9480876 0.3825907 0.9542354 0.3662301 0.9480876 0.3700678 0.9598529 0.03521484 0.1830471 0.02246606 0.1860052 0.02556085 0.1986073 0.03521484 0.1830471 0.02556085 0.1986073 0.0383234 0.1951756 0.3662301 0.9480876 0.3582156 0.9485488 0.3608737 0.9629524 0.3662301 0.9480876 0.3608737 0.9629524 0.3700678 0.9598529 0.3582156 0.9485488 0.3493173 0.948042 0.3497425 0.9643247 0.3582156 0.9485488 0.3497425 0.9643247 0.3608737 0.9629524 0.02246606 0.1860052 0.01503032 0.1883983 0.01873511 0.2009049 0.02246606 0.1860052 0.01873511 0.2009049 0.02556085 0.1986073 0.3493173 0.948042 0.3420677 0.944553 0.3418536 0.9583305 0.3493173 0.948042 0.3418536 0.9583305 0.3497425 0.9643247 0.01503032 0.1883983 0.007676005 0.191348 0.01168817 0.2036163 0.01503032 0.1883983 0.01168817 0.2036163 0.01873511 0.2009049 0.5907863 0.1528504 0.5821043 0.1522018 0.5835863 0.1646946 0.5907863 0.1528504 0.5835863 0.1646946 0.5941658 0.16409 0.964928 0.8021661 0.9665414 0.8021661 0.9665414 0.7595897 0.964928 0.8021661 0.9665414 0.7595897 0.964928 0.7595897 0.007676005 0.191348 0.001992046 0.194177 0.004600882 0.2057951 0.007676005 0.191348 0.004600882 0.2057951 0.01168817 0.2036163 0.9368886 0.2321565 0.9449074 0.2315322 0.9448442 0.2170665 0.9368886 0.2321565 0.9448442 0.2170665 0.9341979 0.2180038 0.9665414 0.8021661 0.964928 0.8021661 0.9651045 0.8100807 0.9665414 0.8021661 0.9651045 0.8100807 0.9663313 0.8100807 0.7077934 0.1539434 0.7097589 0.1609064 0.7108215 0.159982 0.7077934 0.1539434 0.7108215 0.159982 0.7087807 0.1525835 0.06813204 0.2444673 0.07336342 0.2425875 0.06978368 0.2295528 0.06813204 0.2444673 0.06978368 0.2295528 0.06301301 0.232141 0.9663313 0.8100807 0.9651045 0.8100807 0.9655121 0.8134643 0.9663313 0.8100807 0.9655121 0.8134643 0.9666312 0.8134643 0.7077934 0.1539434 0.7087807 0.1525835 0.703845 0.1496971 0.7077934 0.1539434 0.703845 0.1496971 0.7030076 0.1513239 0.2930266 0.984485 0.2947592 0.9847072 0.2950313 0.9773554 0.2930266 0.984485 0.2950313 0.9773554 0.2930288 0.9772142 0.7030076 0.1513239 0.703845 0.1496971 0.6954941 0.1490479 0.7030076 0.1513239 0.6954941 0.1490479 0.6949461 0.1506612 0.06102496 0.2473307 0.06813204 0.2444673 0.06301301 0.232141 0.06102496 0.2473307 0.06301301 0.232141 0.05620008 0.2352858 0.2930288 0.9772142 0.2950313 0.9773554 0.2951834 0.9707863 0.2930288 0.9772142 0.2951834 0.9707863 0.293023 0.9707174 0.6949461 0.1506612 0.6954941 0.1490479 0.6882616 0.1487295 0.6949461 0.1506612 0.6882616 0.1487295 0.6879866 0.1503159 0.05463993 0.2498661 0.06102496 0.2473307 0.05620008 0.2352858 0.05463993 0.2498661 0.05620008 0.2352858 0.05005931 0.2379071 0.293023 0.9707174 0.2951834 0.9707863 0.2951639 0.9578016 0.293023 0.9707174 0.2951639 0.9578016 0.2930232 0.9578757 0.6879866 0.1503159 0.6882616 0.1487295 0.6742382 0.1488442 0.6879866 0.1503159 0.6742382 0.1488442 0.674559 0.1503989 0.03747195 0.2424295 0.0417481 0.2547673 0.05463993 0.2498661 0.03747195 0.2424295 0.05463993 0.2498661 0.05005931 0.2379071 0.9572011 0.7718088 0.9572011 0.8140462 0.9587982 0.8140462 0.9572011 0.7718088 0.9587982 0.8140462 0.9587982 0.7718088 0.2930288 0.9510678 0.2930232 0.9578757 0.2951639 0.9578016 0.2930288 0.9510678 0.2951639 0.9578016 0.2950022 0.950918 0.6675371 0.1510796 0.674559 0.1503989 0.6742382 0.1488442 0.6675371 0.1510796 0.6742382 0.1488442 0.6668969 0.1495817 0.03453916 0.2573254 0.0417481 0.2547673 0.03747195 0.2424295 0.03453916 0.2573254 0.03747195 0.2424295 0.03050589 0.2445111 0.2930265 0.9441081 0.2930288 0.9510678 0.2950022 0.950918 0.2930265 0.9441081 0.2950022 0.950918 0.2947399 0.9438808 0.95864 0.8218814 0.9587982 0.8140462 0.9572011 0.8140462 0.95864 0.8218814 0.9572011 0.8140462 0.9574037 0.8218814 0.660685 0.1521608 0.6675371 0.1510796 0.6668969 0.1495817 0.660685 0.1521608 0.6668969 0.1495817 0.6597226 0.1508107 0.6543701 0.1620309 0.6555719 0.1629057 0.6568538 0.1555679 0.6543701 0.1620309 0.6568538 0.1555679 0.6557127 0.1543285 0.5829997 0.2182472 0.5908558 0.2176537 0.5931722 0.2046511 0.5829997 0.2182472 0.5931722 0.2046511 0.5828453 0.2049921 0.02675247 0.25991 0.03453916 0.2573254 0.03050589 0.2445111 0.02675247 0.25991 0.03050589 0.2445111 0.02311795 0.2464002 0.9574037 0.8218814 0.9571153 0.8251976 0.9582654 0.8251976 0.9574037 0.8218814 0.9582654 0.8251976 0.95864 0.8218814 0.6568538 0.1555679 0.660685 0.1521608 0.6597226 0.1508107 0.6568538 0.1555679 0.6597226 0.1508107 0.6557127 0.1543285 0.02134096 0.2611644 0.02675247 0.25991 0.02311795 0.2464002 0.02134096 0.2611644 0.02311795 0.2464002 0.01592141 0.2477237 0.9336771 0.1772335 0.9338142 0.1976663 0.9444354 0.196855 0.9336771 0.1772335 0.9444354 0.196855 0.944113 0.1767452 0.0571587 0.2125282 0.06414943 0.2108215 0.0587722 0.1920029 0.0571587 0.2125282 0.0587722 0.1920029 0.0518952 0.1928196 0.04472863 0.1939131 0.0518223 0.2140886 0.0571587 0.2125282 0.04472863 0.1939131 0.0571587 0.2125282 0.0518952 0.1928196 0.9444354 0.196855 0.9338142 0.1976663 0.9341979 0.2180038 0.9444354 0.196855 0.9341979 0.2180038 0.9448442 0.2170665 0.06301301 0.232141 0.06978368 0.2295528 0.06414943 0.2108215 0.06301301 0.232141 0.06414943 0.2108215 0.0571587 0.2125282 0.0571587 0.2125282 0.0518223 0.2140886 0.05620008 0.2352858 0.0571587 0.2125282 0.05620008 0.2352858 0.06301301 0.232141 0.8503385 0.07882088 0.8399242 0.07882529 0.8403323 0.08774405 0.8503385 0.07882088 0.8403323 0.08774405 0.8496509 0.08774405 0.7104765 0.05515247 0.7108202 0.06088531 0.713979 0.06106251 0.7104765 0.05515247 0.713979 0.06106251 0.7129345 0.05683571 0.7064589 0.05480742 0.7068126 0.06071019 0.7108202 0.06088531 0.7064589 0.05480742 0.7108202 0.06088531 0.7104765 0.05515247 0.5832301 0.1848956 0.5937596 0.1844238 0.5941658 0.16409 0.5832301 0.1848956 0.5941658 0.16409 0.5835863 0.1646946 0.009518027 0.2268142 0.01679104 0.2250652 0.01168817 0.2036163 0.009518027 0.2268142 0.01168817 0.2036163 0.004600882 0.2057951 0.7028952 0.05468589 0.7032306 0.06070858 0.7068126 0.06071019 0.7028952 0.05468589 0.7068126 0.06071019 0.7064589 0.05480742 0.9340124 0.05786466 0.9429379 0.05786466 0.9429383 0.0500912 0.9340124 0.05786466 0.9429383 0.0500912 0.9339622 0.0500912 0.7032306 0.06070858 0.7028952 0.05468589 0.6958887 0.05506563 0.7032306 0.06070858 0.6958887 0.05506563 0.6961495 0.06114232 0.6277711 0.08825796 0.6375699 0.08825796 0.6379896 0.07934319 0.6277711 0.08825796 0.6379896 0.07934319 0.6270249 0.0793364 0.5931722 0.2046511 0.5937596 0.1844238 0.5832301 0.1848956 0.5931722 0.2046511 0.5832301 0.1848956 0.5828453 0.2049921 0.01592141 0.2477237 0.02311795 0.2464002 0.01679104 0.2250652 0.01592141 0.2477237 0.01679104 0.2250652 0.009518027 0.2268142 0.6921729 0.05553621 0.6923966 0.06157958 0.6961495 0.06114232 0.6921729 0.05553621 0.6961495 0.06114232 0.6958887 0.05506563 0.6885369 0.0621801 0.6923966 0.06157958 0.6921729 0.05553621 0.6885369 0.0621801 0.6921729 0.05553621 0.6883432 0.05627954 0.6856217 0.06269574 0.6885369 0.0621801 0.6883432 0.05627954 0.6856217 0.06269574 0.6883432 0.05627954 0.6862362 0.05828267 0.8496507 0.06990647 0.8403323 0.06990647 0.8399242 0.07882529 0.8496507 0.06990647 0.8399242 0.07882529 0.8503385 0.07882088 0.6277714 0.07042849 0.6375702 0.07042849 0.6371374 0.06390243 0.6277714 0.07042849 0.6371374 0.06390243 0.628754 0.06390243 0.6270249 0.0793364 0.6379896 0.07934319 0.6375702 0.07042849 0.6270249 0.0793364 0.6375702 0.07042849 0.6277714 0.07042849 0.9339622 0.0500912 0.9429383 0.0500912 0.9429373 0.0423178 0.9339622 0.0500912 0.9429373 0.0423178 0.933677 0.0423178 0.6287539 0.0947842 0.6371374 0.0947842 0.6375699 0.08825796 0.6287539 0.0947842 0.6375699 0.08825796 0.6277711 0.08825796 0.8487985 0.06337743 0.8407388 0.06337743 0.8403323 0.06990647 0.8487985 0.06337743 0.8403323 0.06990647 0.8496507 0.06990647 0.8496509 0.08774405 0.8403323 0.08774405 0.8407388 0.09427314 0.8496509 0.08774405 0.8407388 0.09427314 0.8487985 0.09427314 0.01168817 0.2036163 0.01679104 0.2250652 0.02121818 0.2237141 0.01168817 0.2036163 0.02121818 0.2237141 0.02140766 0.2154886 0.02531749 0.230678 0.02121818 0.2237141 0.01679104 0.2250652 0.02531749 0.230678 0.01679104 0.2250652 0.02311795 0.2464002 0.01873511 0.2009049 0.01168817 0.2036163 0.02140766 0.2154886 0.01873511 0.2009049 0.02140766 0.2154886 0.02542239 0.208368 0.02556085 0.1986073 0.01873511 0.2009049 0.02542239 0.208368 0.02556085 0.1986073 0.02542239 0.208368 0.031982 0.204317 0.031982 0.204317 0.03942722 0.2043007 0.0383234 0.1951756 0.031982 0.204317 0.0383234 0.1951756 0.02556085 0.1986073 0.04472863 0.1939131 0.0383234 0.1951756 0.03942722 0.2043007 0.04472863 0.1939131 0.03942722 0.2043007 0.04582065 0.2081473 0.0518223 0.2140886 0.04472863 0.1939131 0.04582065 0.2081473 0.0518223 0.2140886 0.04582065 0.2081473 0.0495038 0.21478 0.05620008 0.2352858 0.0518223 0.2140886 0.0495038 0.21478 0.05620008 0.2352858 0.0495038 0.21478 0.04972821 0.2225447 0.05005931 0.2379071 0.05620008 0.2352858 0.04972821 0.2225447 0.05005931 0.2379071 0.04972821 0.2225447 0.04613494 0.2295149 0.04613494 0.2295149 0.0397529 0.2338822 0.03747195 0.2424295 0.04613494 0.2295149 0.03747195 0.2424295 0.05005931 0.2379071 0.03050589 0.2445111 0.03747195 0.2424295 0.0397529 0.2338822 0.03050589 0.2445111 0.0397529 0.2338822 0.03217834 0.2343745 0.02311795 0.2464002 0.03050589 0.2445111 0.03217834 0.2343745 0.02311795 0.2464002 0.03217834 0.2343745 0.02531749 0.230678 0.3933039 0.9108561 0.3901692 0.9436982 0.3949034 0.9424775 0.3933039 0.9108561 0.3949034 0.9424775 0.397647 0.9130586 0.3880183 0.9087983 0.3847506 0.9445985 0.3901692 0.9436982 0.3880183 0.9087983 0.3901692 0.9436982 0.3933039 0.9108561 0.3525969 0.8997496 0.3493173 0.948042 0.3582156 0.9485488 0.3525969 0.8997496 0.3582156 0.9485488 0.3615921 0.9004659 0.3449637 0.9022682 0.3420677 0.944553 0.3493173 0.948042 0.3449637 0.9022682 0.3493173 0.948042 0.3525969 0.8997496 0.945456 0.1654628 0.944113 0.1767452 0.9852437 0.1760192 0.945456 0.1654628 0.9852437 0.1760192 0.9834712 0.164792 0.9852437 0.1760192 0.944113 0.1767452 0.9444354 0.196855 0.9852437 0.1760192 0.9444354 0.196855 0.9856577 0.1961323 0.9856577 0.1961323 0.9444354 0.196855 0.9448442 0.2170665 0.9856577 0.1961323 0.9448442 0.2170665 0.9859922 0.216347 0.9864266 0.2308042 0.9859922 0.216347 0.9448442 0.2170665 0.9864266 0.2308042 0.9448442 0.2170665 0.9449074 0.2315322 0.5442904 0.1515352 0.5423843 0.1639648 0.5835863 0.1646946 0.5442904 0.1515352 0.5835863 0.1646946 0.5821043 0.1522018 0.7151491 0.08390325 0.713979 0.06106251 0.7108202 0.06088531 0.7151491 0.08390325 0.7108202 0.06088531 0.7120623 0.08444947 0.7120623 0.08444947 0.7108202 0.06088531 0.7068126 0.06071019 0.7120623 0.08444947 0.7068126 0.06071019 0.7081522 0.08511662 0.5420088 0.1841698 0.5832301 0.1848956 0.5835863 0.1646946 0.5420088 0.1841698 0.5835863 0.1646946 0.5423843 0.1639648 0.7081522 0.08511662 0.7068126 0.06071019 0.7032306 0.06070858 0.7081522 0.08511662 0.7032306 0.06070858 0.7046303 0.08563369 0.7046303 0.08563369 0.7032306 0.06070858 0.6961495 0.06114232 0.7046303 0.08563369 0.6961495 0.06114232 0.6975574 0.08623152 0.5416604 0.2042703 0.5828453 0.2049921 0.5832301 0.1848956 0.5416604 0.2042703 0.5832301 0.1848956 0.5420088 0.1841698 0.6975574 0.08623152 0.6961495 0.06114232 0.6923966 0.06157958 0.6975574 0.08623152 0.6923966 0.06157958 0.6937469 0.08633351 0.6937469 0.08633351 0.6923966 0.06157958 0.6885369 0.0621801 0.6937469 0.08633351 0.6885369 0.0621801 0.6898006 0.08624947 0.5829997 0.2182472 0.5828453 0.2049921 0.5416604 0.2042703 0.5829997 0.2182472 0.5416604 0.2042703 0.5410091 0.2175236 0.6898006 0.08624947 0.6885369 0.0621801 0.6856217 0.06269574 0.6898006 0.08624947 0.6856217 0.06269574 0.686818 0.08606177 0.6510771 0.1670696 0.6494339 0.1601701 0.6411452 0.16932 0.6510771 0.1670696 0.6411452 0.16932 0.6423217 0.1739096 0.6494339 0.1601701 0.6454047 0.157279 0.6385167 0.167452 0.6494339 0.1601701 0.6385167 0.167452 0.6411452 0.16932 0.6454047 0.157279 0.6385944 0.1563135 0.6340648 0.1668063 0.6454047 0.157279 0.6340648 0.1668063 0.6385167 0.167452 0.6385944 0.1563135 0.6323785 0.1556333 0.630079 0.1665214 0.6385944 0.1563135 0.630079 0.1665214 0.6340648 0.1668063 0.6323785 0.1556333 0.6195901 0.1553874 0.6220747 0.1665579 0.6323785 0.1556333 0.6220747 0.1665579 0.630079 0.1665214 0.6195901 0.1553874 0.6125358 0.1558451 0.6177766 0.1669994 0.6195901 0.1553874 0.6177766 0.1669994 0.6220747 0.1665579 0.611308 0.2023557 0.6100942 0.1750187 0.5996797 0.1682127 0.611308 0.2023557 0.5996797 0.1682127 0.6016063 0.2100943 0.6125358 0.1558451 0.6051964 0.1569138 0.6133569 0.1677567 0.6125358 0.1558451 0.6133569 0.1677567 0.6177766 0.1669994 0.6051964 0.1569138 0.6010423 0.1603294 0.6108417 0.1699191 0.6051964 0.1569138 0.6108417 0.1699191 0.6133569 0.1677567 0.6010423 0.1603294 0.5996797 0.1682127 0.6100942 0.1750187 0.6010423 0.1603294 0.6100942 0.1750187 0.6108417 0.1699191 0.6528452 0.2043277 0.6510771 0.1670696 0.6423217 0.1739096 0.6528452 0.2043277 0.6423217 0.1739096 0.6434579 0.1983822 0.1423683 0.8462356 0.1423683 0.8513782 0.1586191 0.8513782 0.1423683 0.8462356 0.1586191 0.8513782 0.1586191 0.8462356 0.1423683 0.7034147 0.1423683 0.7069053 0.158619 0.7069053 0.1423683 0.7034147 0.158619 0.7069053 0.158619 0.7034147 0.1423683 0.7069053 0.1423683 0.7118032 0.1586191 0.7118032 0.1423683 0.7069053 0.1586191 0.7118032 0.158619 0.7069053 0.1423683 0.7118032 0.1423683 0.7129722 0.1586191 0.7129722 0.1423683 0.7118032 0.1586191 0.7129722 0.1586191 0.7118032 0.1423683 0.7129722 0.1423683 0.7217922 0.158619 0.7217922 0.1423683 0.7129722 0.158619 0.7217922 0.1586191 0.7129722 0.1423683 0.7217922 0.1423683 0.7265811 0.158619 0.7265811 0.1423683 0.7217922 0.158619 0.7265811 0.158619 0.7217922 0.1586191 0.7734764 0.1586191 0.7414754 0.1423683 0.7414753 0.1586191 0.7734764 0.1423683 0.7414753 0.1423683 0.7734764 0.1423683 0.7265811 0.1423683 0.7315859 0.158619 0.7315859 0.1423683 0.7265811 0.158619 0.7315859 0.158619 0.7265811 0.1423683 0.7315859 0.1423683 0.7354161 0.158619 0.735416 0.1423683 0.7315859 0.158619 0.735416 0.158619 0.7315859 0.1423683 0.7354161 0.1423683 0.7414753 0.1586191 0.7414754 0.1423683 0.7354161 0.1586191 0.7414754 0.158619 0.735416 0.1423683 0.8192817 0.1423683 0.8462356 0.1586191 0.8462356 0.1423683 0.8192817 0.1586191 0.8462356 0.1586191 0.8192816 0.382555 0.9064527 0.3791831 0.9458718 0.3847506 0.9445985 0.382555 0.9064527 0.3847506 0.9445985 0.3880183 0.9087983 0.3696504 0.9021022 0.3662301 0.9480876 0.3791831 0.9458718 0.3696504 0.9021022 0.3791831 0.9458718 0.382555 0.9064527 0.1122107 0.03620296 0.105513 0.03440797 0.1056042 0.05750995 0.1122107 0.03620296 0.1056042 0.05750995 0.1122107 0.05746954 0.118908 0.03440797 0.1122107 0.03620296 0.1122107 0.05746954 0.118908 0.03440797 0.1122107 0.05746954 0.1188168 0.05750995 0.6174226 0.05003035 0.6172588 0.05794745 0.6193506 0.05703103 0.6174226 0.05003035 0.6193506 0.05703103 0.6195636 0.05003035 0.6172588 0.05794745 0.6261225 0.05794745 0.6239625 0.05703103 0.6172588 0.05794745 0.6239625 0.05703103 0.6193506 0.05703103 0.6261225 0.05794745 0.6260159 0.05003035 0.6237816 0.05003035 0.6261225 0.05794745 0.6237816 0.05003035 0.6239625 0.05703103 0.6264491 0.04211318 0.617262 0.04211318 0.6193532 0.0430296 0.6264491 0.04211318 0.6193532 0.0430296 0.6241357 0.0430296 0.617262 0.04211318 0.6174226 0.05003035 0.6195636 0.05003035 0.617262 0.04211318 0.6195636 0.05003035 0.6193532 0.0430296 0.6260159 0.05003035 0.6264491 0.04211318 0.6241357 0.0430296 0.6260159 0.05003035 0.6241357 0.0430296 0.6237816 0.05003035 0.3506424 0.9955664 0.3504544 0.9724358 0.3457601 0.9726685 0.3506424 0.9955664 0.3457601 0.9726685 0.3459483 0.9955664 0.2859901 0.03827404 0.2859901 0.05962783 0.29263 0.0596258 0.2859901 0.03827404 0.29263 0.0596258 0.29263 0.03649497 0.1160754 0.0946272 0.1162633 0.07172936 0.1113973 0.07148456 0.1160754 0.0946272 0.1113973 0.07148456 0.1112094 0.0946272 0.2793503 0.03649497 0.2793503 0.0596385 0.2859901 0.05962783 0.2793503 0.03649497 0.2859901 0.05962783 0.2859901 0.03827404 0.1122107 0.05746954 0.1056042 0.05750995 0.1056791 0.06072801 0.1122107 0.05746954 0.1056791 0.06072801 0.1122106 0.06068772 0.3457601 0.9726685 0.3504544 0.9724358 0.3504544 0.9685204 0.3457601 0.9726685 0.3504544 0.9685204 0.3469808 0.9694786 0.1113973 0.07148456 0.1162633 0.07172936 0.1150427 0.06853932 0.1113973 0.07148456 0.1150427 0.06853932 0.1113973 0.06756901 0.1188168 0.05750995 0.1122107 0.05746954 0.1122106 0.06068772 0.1188168 0.05750995 0.1122106 0.06068772 0.1187419 0.06072801 0.5606152 0.05882412 0.5672616 0.05879926 0.5673093 0.03482556 0.5606152 0.05882412 0.5673093 0.03482556 0.5611215 0.03278428 0.5067092 0.07413095 0.513352 0.07415592 0.5128595 0.0478487 0.5067092 0.07413095 0.5128595 0.0478487 0.5066635 0.04991108 0.3504544 0.9685204 0.3504544 0.9724358 0.3760424 0.9677627 0.3504544 0.9685204 0.3760424 0.9677627 0.3760424 0.9627637 0.5672616 0.05879926 0.5739079 0.0586493 0.5734971 0.03278428 0.5672616 0.05879926 0.5734971 0.03278428 0.5673093 0.03482556 0.1113973 0.07148456 0.1113973 0.06756901 0.08598077 0.06182432 0.1113973 0.07148456 0.08598077 0.06182432 0.08598077 0.06682348 0.5000651 0.07397937 0.5067092 0.07413095 0.5066635 0.04991108 0.5000651 0.07397937 0.5066635 0.04991108 0.5004683 0.0478487 0.5000823 0.07772696 0.5067102 0.07772696 0.5067092 0.07413095 0.5000823 0.07772696 0.5067092 0.07413095 0.5000651 0.07397937 0.5067102 0.07772696 0.513334 0.07772696 0.513352 0.07415592 0.5067102 0.07772696 0.513352 0.07415592 0.5067092 0.07413095 0.2037891 0.08158618 0.2033592 0.07204473 0.2002148 0.07341533 0.2037891 0.08158618 0.2002148 0.07341533 0.1999557 0.08158618 0.2033592 0.07204473 0.1918863 0.07204473 0.1950281 0.07341533 0.2033592 0.07204473 0.1950281 0.07341533 0.2002148 0.07341533 0.1918863 0.07204473 0.1914551 0.08158618 0.1952887 0.08158618 0.1918863 0.07204473 0.1952887 0.08158618 0.1950281 0.07341533 0.1914551 0.08158618 0.1918845 0.09112781 0.1950303 0.08975732 0.1914551 0.08158618 0.1950303 0.08975732 0.1952887 0.08158618 0.1918845 0.09112781 0.2033585 0.09112781 0.2002155 0.08975732 0.1918845 0.09112781 0.2002155 0.08975732 0.1950303 0.08975732 0.2033585 0.09112781 0.2037891 0.08158618 0.1999557 0.08158618 0.2033585 0.09112781 0.1999557 0.08158618 0.2002155 0.08975732 0.9225773 0.03849488 0.9290094 0.03877907 0.928944 0.03519028 0.9225773 0.03849488 0.928944 0.03519028 0.9225776 0.03519028 0.8606324 0.04378479 0.8660864 0.04352134 0.8671823 0.03968048 0.8606324 0.04378479 0.8671823 0.03968048 0.8621616 0.04037332 0.34921 0.04387509 0.3546646 0.04413843 0.3531354 0.04072642 0.34921 0.04387509 0.3531354 0.04072642 0.3481143 0.04003387 0.9161455 0.03877907 0.9225773 0.03849488 0.9225776 0.03519028 0.9161455 0.03877907 0.9225776 0.03519028 0.9162107 0.03519028 0.1822779 0.0578382 0.1887264 0.05993217 0.1887245 0.03450667 0.1822779 0.0578382 0.1887245 0.03450667 0.1822779 0.03449958 0.3562465 0.0682311 0.3617009 0.0682311 0.3546646 0.04413843 0.3562465 0.0682311 0.3546646 0.04413843 0.34921 0.04387509 0.9160985 0.06411856 0.9225773 0.06200867 0.9225773 0.03849488 0.9160985 0.06411856 0.9225773 0.03849488 0.9161455 0.03877907 0.9225773 0.06200867 0.9290564 0.06411856 0.9290094 0.03877907 0.9225773 0.06200867 0.9290094 0.03877907 0.9225773 0.03849488 0.8535965 0.06787514 0.8590505 0.06787514 0.8660864 0.04352134 0.8535965 0.06787514 0.8660864 0.04352134 0.8606324 0.04378479 0.1758292 0.05993217 0.1822779 0.0578382 0.1822779 0.03449958 0.1758292 0.05993217 0.1822779 0.03449958 0.1758312 0.03450667 0.2981956 0.07010227 0.2969307 0.07657027 0.2987548 0.07645583 0.2981956 0.07010227 0.2987548 0.07645583 0.2987529 0.0700187 0.3463141 0.03968626 0.3457601 0.04355239 0.34921 0.04387509 0.3463141 0.03968626 0.34921 0.04387509 0.3481143 0.04003387 0.6832239 0.9884602 0.681379 0.9819844 0.6797621 0.9819011 0.6832239 0.9884602 0.6797621 0.9819011 0.6797667 0.9883456 0.681379 0.9819844 0.6832239 0.9755086 0.679767 0.9754567 0.681379 0.9819844 0.679767 0.9754567 0.6797621 0.9819011 0.8695362 0.04319864 0.8689824 0.03933304 0.8671823 0.03968048 0.8695362 0.04319864 0.8671823 0.03968048 0.8660864 0.04352134 0.2969294 0.06363373 0.2981956 0.07010227 0.2987529 0.0700187 0.2969294 0.06363373 0.2987529 0.0700187 0.2987548 0.0635817 0.7097589 0.1609064 0.7115886 0.1980745 0.71274 0.1988923 0.7097589 0.1609064 0.71274 0.1988923 0.7108215 0.159982 0.6543701 0.1620309 0.6565044 0.2028347 0.6576085 0.2018414 0.6543701 0.1620309 0.6576085 0.2018414 0.6555719 0.1629057 0.1353777 0.2293193 0.1462858 0.2280305 0.1404599 0.1760686 0.1353777 0.2293193 0.1404599 0.1760686 0.1299027 0.1773574 0.1462858 0.2280305 0.1571442 0.2265741 0.1510859 0.1746122 0.1462858 0.2280305 0.1510859 0.1746122 0.1404599 0.1760686 0.9382582 0.4919291 0.9373764 0.4787369 0.8712288 0.4831083 0.9382582 0.4919291 0.8712288 0.4831083 0.8721108 0.4963006 0.9373764 0.4787369 0.9361529 0.4626467 0.8705367 0.4670182 0.9373764 0.4787369 0.8705367 0.4670182 0.8712288 0.4831083 0.7168735 0.2116568 0.7276259 0.2127426 0.7335243 0.1609401 0.7168735 0.2116568 0.7335243 0.1609401 0.7227717 0.1598544 0.7276259 0.2127426 0.7383946 0.2141521 0.7442779 0.1623495 0.7276259 0.2127426 0.7442779 0.1623495 0.7335243 0.1609401 0.001992046 0.1728594 0.01291733 0.174277 0.01673823 0.1221959 0.001992046 0.1728594 0.01673823 0.1221959 0.006079137 0.1207782 0.01291733 0.174277 0.02401471 0.1753706 0.02723461 0.1232895 0.01291733 0.174277 0.02723461 0.1232895 0.01673823 0.1221959 0.02401471 0.1753706 0.03515362 0.1758897 0.03772473 0.1238087 0.02401471 0.1753706 0.03772473 0.1238087 0.02723461 0.1232895 0.03515362 0.1758897 0.04613351 0.1757154 0.04838621 0.1236342 0.03515362 0.1758897 0.04838621 0.1236342 0.03772473 0.1238087 0.1245143 0.2301455 0.1353777 0.2293193 0.1299027 0.1773574 0.1245143 0.2301455 0.1299027 0.1773574 0.1192269 0.1781836 0.9361529 0.4626467 0.9350185 0.4473444 0.9322415 0.4471876 0.9361529 0.4626467 0.9322415 0.4471876 0.9327242 0.4607619 0.3175539 0.1125431 0.3066955 0.1127203 0.307952 0.1416346 0.3175539 0.1125431 0.307952 0.1416346 0.3175552 0.1414398 0.8705367 0.4670182 0.9361529 0.4626467 0.9327242 0.4607619 0.8705367 0.4670182 0.9327242 0.4607619 0.9071738 0.462554 0.9350185 0.4473444 0.9348055 0.4363363 0.9324879 0.4374196 0.9350185 0.4473444 0.9324879 0.4374196 0.9322415 0.4471876 0.3282786 0.1650508 0.3283954 0.1130584 0.3272274 0.1418969 0.3282786 0.1650508 0.3272274 0.1418969 0.3271724 0.1626959 0.3283954 0.1130584 0.3175539 0.1125431 0.3175552 0.1414398 0.3283954 0.1130584 0.3175552 0.1414398 0.3272274 0.1418969 0.7626253 0.3318349 0.7235476 0.3252429 0.7073227 0.4461731 0.7626253 0.3318349 0.7073227 0.4461731 0.7335074 0.4507212 0.9118086 0.209476 0.9033686 0.2111325 0.973912 0.3120757 0.9118086 0.209476 0.973912 0.3120757 0.9801616 0.3077711 0.9260611 0.3394361 0.891839 0.3401435 0.9014207 0.4390136 0.9260611 0.3394361 0.9014207 0.4390136 0.9246642 0.4389522 0.09399127 0.2346954 0.08551824 0.2330659 0.01701623 0.3315287 0.09399127 0.2346954 0.01701623 0.3315287 0.02338248 0.3357641 0.7335074 0.4507212 0.7073227 0.4461731 0.7012476 0.4714691 0.7335074 0.4507212 0.7012476 0.4714691 0.722629 0.4743922 0.9801616 0.3077711 0.973912 0.3120757 0.9883603 0.3295427 0.9801616 0.3077711 0.9883603 0.3295427 0.9968606 0.3261031 0.9246642 0.4389522 0.9014207 0.4390136 0.9071738 0.462554 0.9246642 0.4389522 0.9071738 0.462554 0.9327242 0.4607619 0.02975434 0.3399995 0.02338248 0.3357641 0.01104539 0.3543397 0.02975434 0.3399995 0.01104539 0.3543397 0.01754248 0.361629 0.01104539 0.3543397 0.02338248 0.3357641 0.01701623 0.3315287 0.01104539 0.3543397 0.01701623 0.3315287 0.001991987 0.3509555 0.9883603 0.3295427 0.973912 0.3120757 0.9676474 0.3163803 0.9883603 0.3295427 0.9676474 0.3163803 0.9823004 0.3369508 0.1022629 0.2365985 0.09399127 0.2346954 0.02338248 0.3357641 0.1022629 0.2365985 0.02338248 0.3357641 0.02975434 0.3399995 0.9033686 0.2111325 0.8951053 0.2130665 0.9676474 0.3163803 0.9033686 0.2111325 0.9676474 0.3163803 0.973912 0.3120757 0.1299027 0.1773574 0.1404599 0.1760686 0.1396331 0.1700614 0.1299027 0.1773574 0.1396331 0.1700614 0.1294233 0.1713141 0.1404599 0.1760686 0.1510859 0.1746122 0.1496363 0.1686459 0.1404599 0.1760686 0.1496363 0.1686459 0.1396331 0.1700614 0.8721108 0.4963006 0.8712288 0.4831083 0.8632046 0.483309 0.8721108 0.4963006 0.8632046 0.483309 0.8643916 0.4961312 0.8712288 0.4831083 0.8705367 0.4670182 0.8619919 0.4676701 0.8712288 0.4831083 0.8619919 0.4676701 0.8632046 0.483309 0.8705367 0.4670182 0.8684543 0.451716 0.8611133 0.4527973 0.8705367 0.4670182 0.8611133 0.4527973 0.8619919 0.4676701 0.8684543 0.451716 0.8657446 0.4407078 0.859456 0.4420978 0.8684543 0.451716 0.859456 0.4420978 0.8611133 0.4527973 0.7227717 0.1598544 0.7335243 0.1609401 0.7342112 0.1550114 0.7227717 0.1598544 0.7342112 0.1550114 0.723634 0.1539559 0.7335243 0.1609401 0.7442779 0.1623495 0.7448251 0.1563812 0.7335243 0.1609401 0.7448251 0.1563812 0.7342112 0.1550114 0.006079137 0.1207782 0.01673823 0.1221959 0.01746666 0.1161558 0.006079137 0.1207782 0.01746666 0.1161558 0.007348179 0.1147779 0.01673823 0.1221959 0.02723461 0.1232895 0.02762597 0.1172189 0.01673823 0.1221959 0.02762597 0.1172189 0.01746666 0.1161558 0.02723461 0.1232895 0.03772473 0.1238087 0.03775918 0.1177234 0.02723461 0.1232895 0.03775918 0.1177234 0.02762597 0.1172189 0.03772473 0.1238087 0.04838621 0.1236342 0.04792815 0.1175539 0.03772473 0.1238087 0.04792815 0.1175539 0.03775918 0.1177234 0.1192269 0.1781836 0.1299027 0.1773574 0.1294233 0.1713141 0.1192269 0.1781836 0.1294233 0.1713141 0.1191856 0.1721171 0.02086937 0.9800005 0.01978152 0.9689065 0.01510429 0.9699814 0.02086937 0.9800005 0.01510429 0.9699814 0.0162124 0.9798858 0.01978152 0.9689065 0.0159192 0.9590212 0.01175814 0.9611557 0.01978152 0.9689065 0.01175814 0.9611557 0.01510429 0.9699814 0.7850314 0.06775897 0.7765825 0.06139516 0.7749175 0.06419581 0.7850314 0.06775897 0.7749175 0.06419581 0.7823352 0.06987738 0.7765825 0.06139516 0.7656118 0.05993604 0.766067 0.06289321 0.7765825 0.06139516 0.766067 0.06289321 0.7749175 0.06419581 0.7656118 0.05993604 0.7551282 0.06371617 0.7576407 0.06626796 0.7656118 0.05993604 0.7576407 0.06626796 0.766067 0.06289321 0.7551282 0.06371617 0.747473 0.07186943 0.7514705 0.07354718 0.7551282 0.06371617 0.7514705 0.07354718 0.7576407 0.06626796 0.747473 0.07186943 0.7442181 0.08252811 0.7488169 0.08306306 0.747473 0.07186943 0.7488169 0.08306306 0.7514705 0.07354718 0.7442181 0.08252811 0.7452945 0.09325009 0.7501153 0.09263575 0.7442181 0.08252811 0.7501153 0.09263575 0.7488169 0.08306306 0.5084476 0.0831992 0.5031853 0.09079247 0.5072917 0.09254211 0.5084476 0.0831992 0.5072917 0.09254211 0.5115481 0.08576279 0.5031853 0.09079247 0.5000651 0.1016578 0.5050379 0.1022424 0.5031853 0.09079247 0.5050379 0.1022424 0.5072917 0.09254211 0.5000651 0.1016578 0.5001955 0.1133057 0.5049538 0.1126418 0.5000651 0.1016578 0.5049538 0.1126418 0.5050379 0.1022424 0.5001955 0.1133057 0.5030078 0.1230682 0.5071892 0.1213575 0.5001955 0.1133057 0.5071892 0.1213575 0.5049538 0.1126418 0.01929676 0.9897615 0.02086937 0.9800005 0.0162124 0.9798858 0.01929676 0.9897615 0.0162124 0.9798858 0.01504731 0.9886004 0.7875999 0.08846622 0.7874051 0.0786364 0.7739975 0.08191102 0.7875999 0.08846622 0.7739975 0.08191102 0.7740388 0.08503323 0.7874051 0.0786364 0.7823352 0.06987738 0.7725707 0.07912898 0.7874051 0.0786364 0.7725707 0.07912898 0.7739975 0.08191102 0.7823352 0.06987738 0.7749175 0.06419581 0.7702048 0.07732445 0.7823352 0.06987738 0.7702048 0.07732445 0.7725707 0.07912898 0.7749175 0.06419581 0.766067 0.06289321 0.7673972 0.07691067 0.7749175 0.06419581 0.7673972 0.07691067 0.7702048 0.07732445 0.766067 0.06289321 0.7576407 0.06626796 0.7647421 0.07798266 0.766067 0.06289321 0.7647421 0.07798266 0.7673972 0.07691067 0.7576407 0.06626796 0.7514705 0.07354718 0.762799 0.08029443 0.7576407 0.06626796 0.762799 0.08029443 0.7647421 0.07798266 0.7514705 0.07354718 0.7488169 0.08306306 0.761997 0.08331704 0.7514705 0.07354718 0.761997 0.08331704 0.762799 0.08029443 0.7488169 0.08306306 0.7501153 0.09263575 0.7625499 0.08635753 0.7488169 0.08306306 0.7625499 0.08635753 0.761997 0.08331704 0.7501153 0.09263575 0.7564471 0.100072 0.7644518 0.08871966 0.7501153 0.09263575 0.7644518 0.08871966 0.7625499 0.08635753 0.7564471 0.100072 0.7654771 0.1036686 0.7672238 0.08986192 0.7564471 0.100072 0.7672238 0.08986192 0.7644518 0.08871966 0.7654771 0.1036686 0.7751179 0.1026015 0.7701959 0.08952301 0.7654771 0.1036686 0.7701959 0.08952301 0.7672238 0.08986192 0.7751179 0.1026015 0.7831236 0.09711509 0.7726642 0.08778035 0.7751179 0.1026015 0.7726642 0.08778035 0.7701959 0.08952301 0.7831236 0.09711509 0.7875999 0.08846622 0.7740388 0.08503323 0.7831236 0.09711509 0.7740388 0.08503323 0.7726642 0.08778035 0.904908 0.2980774 0.8971534 0.2990035 0.8987628 0.3113921 0.904908 0.2980774 0.8987628 0.3113921 0.9039407 0.3104029 0.8826871 0.1809265 0.8850003 0.184055 0.8920324 0.1826345 0.8826871 0.1809265 0.8920324 0.1826345 0.8890975 0.1793581 0.8850003 0.184055 0.8878136 0.1883195 0.8959261 0.1871609 0.8850003 0.184055 0.8959261 0.1871609 0.8920324 0.1826345 0.8878136 0.1883195 0.8911294 0.193266 0.9000037 0.192458 0.8878136 0.1883195 0.9000037 0.192458 0.8959261 0.1871609 0.8911294 0.193266 0.894583 0.1983681 0.9038936 0.1979759 0.8911294 0.193266 0.9038936 0.1979759 0.9000037 0.192458 0.9089141 0.3103112 0.9142265 0.3110247 0.9153446 0.2986766 0.9089141 0.3103112 0.9153446 0.2986766 0.9080958 0.298031 0.9142265 0.3110247 0.9190701 0.3132972 0.923035 0.3007621 0.9142265 0.3110247 0.923035 0.3007621 0.9153446 0.2986766 0.1049751 0.2083748 0.1022378 0.2114582 0.1088123 0.2127097 0.1049751 0.2083748 0.1088123 0.2127097 0.1109357 0.2099461 0.1022378 0.2114582 0.09851711 0.2157076 0.106275 0.2165773 0.1022378 0.2114582 0.106275 0.2165773 0.1088123 0.2127097 0.09851711 0.2157076 0.09446275 0.2207279 0.1032662 0.2211977 0.09851711 0.2157076 0.1032662 0.2211977 0.106275 0.2165773 0.9089141 0.3103112 0.9080958 0.298031 0.904908 0.2980774 0.9089141 0.3103112 0.904908 0.2980774 0.9039407 0.3104029 0.903855 0.2860677 0.904908 0.2980774 0.9080958 0.298031 0.903855 0.2860677 0.9080958 0.298031 0.9101863 0.2859761 0.1032662 0.2211977 0.09399127 0.2346954 0.1022629 0.2365985 0.1032662 0.2211977 0.1022629 0.2365985 0.1100576 0.2244656 0.1032662 0.2211977 0.09446275 0.2207279 0.08551824 0.2330659 0.1032662 0.2211977 0.08551824 0.2330659 0.09399127 0.2346954 0.894583 0.1983681 0.9033686 0.2111325 0.9118086 0.209476 0.894583 0.1983681 0.9118086 0.209476 0.9038936 0.1979759 0.894583 0.1983681 0.8873872 0.2017796 0.8951053 0.2130665 0.894583 0.1983681 0.8951053 0.2130665 0.9033686 0.2111325 0.7657201 0.3188468 0.7267605 0.311053 0.7235476 0.3252429 0.7657201 0.3188468 0.7235476 0.3252429 0.7626253 0.3318349 0.9190701 0.3132972 0.8948811 0.3140543 0.8920379 0.318103 0.9190701 0.3132972 0.8920379 0.318103 0.9223417 0.3169246 0.903855 0.2860677 0.8969393 0.2870575 0.8971534 0.2990035 0.903855 0.2860677 0.8971534 0.2990035 0.904908 0.2980774 0.8770347 0.1831675 0.8788406 0.1864435 0.8850003 0.184055 0.8770347 0.1831675 0.8850003 0.184055 0.8826871 0.1809265 0.8788406 0.1864435 0.8809174 0.1909689 0.8878136 0.1883195 0.8788406 0.1864435 0.8878136 0.1883195 0.8850003 0.184055 0.8809174 0.1909689 0.8838534 0.1962642 0.8911294 0.193266 0.8809174 0.1909689 0.8911294 0.193266 0.8878136 0.1883195 0.8838534 0.1962642 0.8873872 0.2017796 0.894583 0.1983681 0.8838534 0.1962642 0.894583 0.1983681 0.8911294 0.193266 0.106275 0.2165773 0.1032662 0.2211977 0.1100576 0.2244656 0.106275 0.2165773 0.1100576 0.2244656 0.1125162 0.2194487 0.1088123 0.2127097 0.106275 0.2165773 0.1125162 0.2194487 0.1088123 0.2127097 0.1125162 0.2194487 0.1144238 0.215202 0.1109357 0.2099461 0.1088123 0.2127097 0.1144238 0.215202 0.1109357 0.2099461 0.1144238 0.215202 0.1162199 0.2121214 0.9080958 0.298031 0.9153446 0.2986766 0.9170573 0.2866895 0.9080958 0.298031 0.9170573 0.2866895 0.9101863 0.2859761 0.9153446 0.2986766 0.923035 0.3007621 0.925289 0.2889623 0.9153446 0.2986766 0.925289 0.2889623 0.9170573 0.2866895 0.925436 0.3268141 0.8904496 0.3285557 0.891839 0.3401435 0.925436 0.3268141 0.891839 0.3401435 0.9260611 0.3394361 0.9245336 0.3215743 0.8905003 0.32311 0.8904496 0.3285557 0.9245336 0.3215743 0.8904496 0.3285557 0.925436 0.3268141 0.9223417 0.3169246 0.8920379 0.318103 0.8905003 0.32311 0.9223417 0.3169246 0.8905003 0.32311 0.9245336 0.3215743 0.8987628 0.3113921 0.8948811 0.3140543 0.9190701 0.3132972 0.8987628 0.3113921 0.9190701 0.3132972 0.9142265 0.3110247 0.8987628 0.3113921 0.9142265 0.3110247 0.9089141 0.3103112 0.8987628 0.3113921 0.9089141 0.3103112 0.9039407 0.3104029 0.7663072 0.3125 0.7289062 0.3051856 0.7267605 0.311053 0.7663072 0.3125 0.7267605 0.311053 0.7657201 0.3188468 0.7650775 0.3064063 0.732441 0.300219 0.7289062 0.3051856 0.7650775 0.3064063 0.7289062 0.3051856 0.7663072 0.3125 0.7621907 0.301199 0.7370617 0.2966161 0.732441 0.300219 0.7621907 0.301199 0.732441 0.300219 0.7650775 0.3064063 0.742322 0.2947072 0.7370617 0.2966161 0.7621907 0.301199 0.742322 0.2947072 0.7621907 0.301199 0.7579185 0.2974291 0.9170573 0.2866895 0.8969393 0.2870575 0.903855 0.2860677 0.9170573 0.2866895 0.903855 0.2860677 0.9101863 0.2859761 0.08821505 0.2013183 0.09368991 0.1493566 0.08313274 0.1480678 0.08821505 0.2013183 0.08313274 0.1480678 0.07730686 0.2000294 0.07730686 0.2000294 0.08313274 0.1480678 0.07250678 0.1466114 0.07730686 0.2000294 0.07250678 0.1466114 0.0664485 0.1985731 0.1511065 0.1610032 0.1545146 0.1089087 0.1436334 0.107615 0.1511065 0.1610032 0.1436334 0.107615 0.1403823 0.1597096 0.1403823 0.1597096 0.1436334 0.107615 0.1326815 0.1067843 0.1403823 0.1597096 0.1326815 0.1067843 0.1297921 0.1588789 0.2135469 0.1625541 0.2076488 0.1107515 0.1968961 0.1118373 0.2135469 0.1625541 0.1968961 0.1118373 0.2027946 0.1636399 0.2027946 0.1636399 0.1968961 0.1118373 0.1861425 0.1132467 0.2027946 0.1636399 0.1861425 0.1132467 0.1920258 0.1650493 0.9273355 0.1689684 0.9232484 0.116887 0.9125894 0.1183047 0.9273355 0.1689684 0.9125894 0.1183047 0.9164101 0.170386 0.9164101 0.170386 0.9125894 0.1183047 0.9020925 0.1193984 0.9164101 0.170386 0.9020925 0.1193984 0.9053128 0.1714797 0.9053128 0.1714797 0.9020925 0.1193984 0.891603 0.1199175 0.9053128 0.1714797 0.891603 0.1199175 0.8941736 0.1719988 0.8941736 0.1719988 0.891603 0.1199175 0.880941 0.1197432 0.8941736 0.1719988 0.880941 0.1197432 0.8831937 0.1718243 0.09907829 0.2021444 0.1043657 0.1501827 0.09368991 0.1493566 0.09907829 0.2021444 0.09368991 0.1493566 0.08821505 0.2013183 0.1297921 0.1588789 0.1285055 0.1565952 0.1195774 0.1564002 0.1297921 0.1588789 0.1195774 0.1564002 0.1197649 0.1587014 0.1215379 0.1066067 0.120524 0.1355604 0.1297055 0.1357555 0.1215379 0.1066067 0.1297055 0.1357555 0.1326815 0.1067843 0.1326815 0.1067843 0.1297055 0.1357555 0.1285055 0.1565952 0.1326815 0.1067843 0.1285055 0.1565952 0.1297921 0.1588789 0.1197649 0.1587014 0.1195774 0.1564002 0.1105503 0.1568583 0.1197649 0.1587014 0.1105503 0.1568583 0.1094195 0.1592176 0.1094195 0.1592176 0.1105503 0.1568583 0.1110438 0.1360183 0.1094195 0.1592176 0.1110438 0.1360183 0.1106079 0.1071231 0.1106079 0.1071231 0.1110438 0.1360183 0.120524 0.1355604 0.1106079 0.1071231 0.120524 0.1355604 0.1215379 0.1066067 0.4383774 0.4605594 0.4092276 0.3416659 0.3830423 0.3462142 0.4383774 0.4605594 0.3830423 0.3462142 0.3992957 0.4671518 0.8160002 0.3499394 0.8842446 0.2516378 0.8779929 0.2473331 0.8160002 0.3499394 0.8779929 0.2473331 0.8075602 0.3482829 0.6025059 0.4436079 0.6043528 0.5538589 0.62976 0.5539268 0.6025059 0.4436079 0.62976 0.5539268 0.6404268 0.4443916 0.2541584 0.2817593 0.1835469 0.1806889 0.1771813 0.1849243 0.2541584 0.2817593 0.1771813 0.1849243 0.2456849 0.2833892 0.4092276 0.3416659 0.3983284 0.3179935 0.3770117 0.3209168 0.4092276 0.3416659 0.3770117 0.3209168 0.3830423 0.3462142 0.8842446 0.2516378 0.9010136 0.2333048 0.8925285 0.2298647 0.8842446 0.2516378 0.8925285 0.2298647 0.8779929 0.2473331 0.6043528 0.5538589 0.5996797 0.5780211 0.6208927 0.5800065 0.6043528 0.5538589 0.6208927 0.5800065 0.62976 0.5539268 0.18992 0.1764534 0.1777074 0.1548238 0.1712104 0.1621131 0.18992 0.1764534 0.1712104 0.1621131 0.1835469 0.1806889 0.1712104 0.1621131 0.1621567 0.1654972 0.1771813 0.1849243 0.1712104 0.1621131 0.1771813 0.1849243 0.1835469 0.1806889 0.8925285 0.2298647 0.8864903 0.2224564 0.8717297 0.2430282 0.8925285 0.2298647 0.8717297 0.2430282 0.8779929 0.2473331 0.2624277 0.2798565 0.18992 0.1764534 0.1835469 0.1806889 0.2624277 0.2798565 0.1835469 0.1806889 0.2541584 0.2817593 0.8075602 0.3482829 0.8779929 0.2473331 0.8717297 0.2430282 0.8075602 0.3482829 0.8717297 0.2430282 0.7992979 0.3463486 0.09368991 0.1493566 0.09416931 0.1433133 0.08395951 0.1420606 0.09368991 0.1493566 0.08395951 0.1420606 0.08313274 0.1480678 0.08313274 0.1480678 0.08395951 0.1420606 0.07395631 0.140645 0.08313274 0.1480678 0.07395631 0.140645 0.07250678 0.1466114 0.1545146 0.1089087 0.1549489 0.102927 0.144155 0.1016697 0.1545146 0.1089087 0.144155 0.1016697 0.1436334 0.107615 0.1436334 0.107615 0.144155 0.1016697 0.1329346 0.1008623 0.1436334 0.107615 0.1329346 0.1008623 0.1326815 0.1067843 0.1326815 0.1067843 0.1329346 0.1008623 0.1215398 0.10069 0.1326815 0.1067843 0.1215398 0.10069 0.1215379 0.1066067 0.1215379 0.1066067 0.1215398 0.10069 0.1106546 0.1011918 0.1215379 0.1066067 0.1106546 0.1011918 0.1106079 0.1071231 0.2076488 0.1107515 0.2067864 0.1048532 0.1962093 0.1059086 0.2076488 0.1107515 0.1962093 0.1059086 0.1968961 0.1118373 0.1968961 0.1118373 0.1962093 0.1059086 0.1855954 0.1072783 0.1968961 0.1118373 0.1855954 0.1072783 0.1861425 0.1132467 0.9232484 0.116887 0.9219793 0.1108866 0.9118608 0.1122646 0.9232484 0.116887 0.9118608 0.1122646 0.9125894 0.1183047 0.9125894 0.1183047 0.9118608 0.1122646 0.9017015 0.1133275 0.9125894 0.1183047 0.9017015 0.1133275 0.9020925 0.1193984 0.9020925 0.1193984 0.9017015 0.1133275 0.8915681 0.1138321 0.9020925 0.1193984 0.8915681 0.1138321 0.891603 0.1199175 0.891603 0.1199175 0.8915681 0.1138321 0.8813992 0.1136627 0.891603 0.1199175 0.8813992 0.1136627 0.880941 0.1197432 0.1043657 0.1501827 0.1044068 0.1441161 0.09416931 0.1433133 0.1043657 0.1501827 0.09416931 0.1433133 0.09368991 0.1493566 0.3411973 0.9730647 0.336541 0.9731793 0.3354333 0.9830824 0.3411973 0.9730647 0.3354333 0.9830824 0.3401097 0.9841569 0.3401097 0.9841569 0.3354333 0.9830824 0.3320875 0.9919065 0.3401097 0.9841569 0.3320875 0.9919065 0.336248 0.9940407 0.9686171 0.09566611 0.9659267 0.09354776 0.9585144 0.09922897 0.9686171 0.09566611 0.9585144 0.09922897 0.9601776 0.1020293 0.9601776 0.1020293 0.9585144 0.09922897 0.9496697 0.1005315 0.9601776 0.1020293 0.9496697 0.1005315 0.9492128 0.1034883 0.9492128 0.1034883 0.9496697 0.1005315 0.9412398 0.09715688 0.9492128 0.1034883 0.9412398 0.09715688 0.9387235 0.09970849 0.9387235 0.09970849 0.9412398 0.09715688 0.9350641 0.08987838 0.9387235 0.09970849 0.9350641 0.08987838 0.9310656 0.09155589 0.9310656 0.09155589 0.9350641 0.08987838 0.9324133 0.08036297 0.9310656 0.09155589 0.9324133 0.08036297 0.9278175 0.08089804 0.9278175 0.08089804 0.9324133 0.08036297 0.9337086 0.07079118 0.9278175 0.08089804 0.9337086 0.07079118 0.9288876 0.07017672 0.4191768 0.954204 0.4160763 0.9567677 0.4203326 0.9635468 0.4191768 0.954204 0.4203326 0.9635468 0.424439 0.9617971 0.424439 0.9617971 0.4203326 0.9635468 0.4225865 0.973247 0.424439 0.9617971 0.4225865 0.973247 0.4275591 0.9726624 0.4275591 0.9726624 0.4225865 0.973247 0.4226706 0.9836463 0.4275591 0.9726624 0.4226706 0.9836463 0.4274289 0.9843103 0.4274289 0.9843103 0.4226706 0.9836463 0.4204351 0.9923619 0.4274289 0.9843103 0.4204351 0.9923619 0.4246164 0.9940726 0.339625 0.9633051 0.3353762 0.964466 0.336541 0.9731793 0.339625 0.9633051 0.336541 0.9731793 0.3411973 0.9730647 0.9712025 0.07496017 0.9576333 0.07839286 0.9575906 0.08151495 0.9712025 0.07496017 0.9575906 0.08151495 0.9710065 0.08478933 0.9710065 0.08478933 0.9575906 0.08151495 0.9561653 0.08429676 0.9710065 0.08478933 0.9561653 0.08429676 0.9659267 0.09354776 0.9659267 0.09354776 0.9561653 0.08429676 0.9538037 0.08610129 0.9659267 0.09354776 0.9538037 0.08610129 0.9585144 0.09922897 0.9585144 0.09922897 0.9538037 0.08610129 0.9509952 0.08651512 0.9585144 0.09922897 0.9509952 0.08651512 0.9496697 0.1005315 0.9496697 0.1005315 0.9509952 0.08651512 0.948336 0.08544325 0.9496697 0.1005315 0.948336 0.08544325 0.9412398 0.09715688 0.9412398 0.09715688 0.948336 0.08544325 0.9463919 0.08313119 0.9412398 0.09715688 0.9463919 0.08313119 0.9350641 0.08987838 0.9350641 0.08987838 0.9463919 0.08313119 0.9455941 0.08010894 0.9350641 0.08987838 0.9455941 0.08010894 0.9324133 0.08036297 0.9324133 0.08036297 0.9455941 0.08010894 0.9461465 0.07706874 0.9324133 0.08036297 0.9461465 0.07706874 0.9337086 0.07079118 0.9337086 0.07079118 0.9461465 0.07706874 0.9480435 0.07470691 0.9337086 0.07079118 0.9480435 0.07470691 0.9400402 0.06335508 0.9400402 0.06335508 0.9480435 0.07470691 0.9508146 0.07356464 0.9400402 0.06335508 0.9508146 0.07356464 0.9490719 0.05975884 0.9490719 0.05975884 0.9508146 0.07356464 0.9537912 0.07390356 0.9490719 0.05975884 0.9537912 0.07390356 0.9587152 0.06082582 0.9587152 0.06082582 0.9537912 0.07390356 0.9562613 0.07564604 0.9587152 0.06082582 0.9562613 0.07564604 0.9667178 0.06631177 0.9667178 0.06631177 0.9562613 0.07564604 0.9576333 0.07839286 0.9667178 0.06631177 0.9576333 0.07839286 0.9712025 0.07496017 0.6261501 0.3977878 0.6269935 0.4114428 0.6327581 0.4125387 0.6261501 0.3977878 0.6327581 0.4125387 0.634977 0.3988137 0.7869426 0.3784907 0.7933727 0.3800593 0.7962793 0.3767825 0.7869426 0.3784907 0.7962793 0.3767825 0.7892311 0.3753618 0.7892311 0.3753618 0.7962793 0.3767825 0.8001206 0.3722558 0.7892311 0.3753618 0.8001206 0.3722558 0.7920052 0.3710972 0.7920052 0.3710972 0.8001206 0.3722558 0.8041635 0.3669583 0.7920052 0.3710972 0.8041635 0.3669583 0.7952695 0.3661504 0.7952695 0.3661504 0.8041635 0.3669583 0.8080629 0.3614403 0.7952695 0.3661504 0.8080629 0.3614403 0.7987062 0.361048 0.6214436 0.4113412 0.6224404 0.3977364 0.6140443 0.3984515 0.6214436 0.4113412 0.6140443 0.3984515 0.6155115 0.4121317 0.6155115 0.4121317 0.6140443 0.3984515 0.6054731 0.4007622 0.6155115 0.4121317 0.6054731 0.4007622 0.6101355 0.4146493 0.2651419 0.3080803 0.2711024 0.3065091 0.2689791 0.3037456 0.2651419 0.3080803 0.2689791 0.3037456 0.2624046 0.3049972 0.2624046 0.3049972 0.2689791 0.3037456 0.2664418 0.2998778 0.2624046 0.3049972 0.2664418 0.2998778 0.2586836 0.3007477 0.2586836 0.3007477 0.2664418 0.2998778 0.2634328 0.2952573 0.2586836 0.3007477 0.2634328 0.2952573 0.254629 0.2957272 0.6214436 0.4113412 0.6269935 0.4114428 0.6261501 0.3977878 0.6214436 0.4113412 0.6261501 0.3977878 0.6224404 0.3977364 0.6280199 0.3844826 0.6199198 0.3843811 0.6224404 0.3977364 0.6280199 0.3844826 0.6224404 0.3977364 0.6261501 0.3977878 0.2634328 0.2952573 0.2702243 0.2919895 0.2624277 0.2798565 0.2634328 0.2952573 0.2624277 0.2798565 0.2541584 0.2817593 0.2634328 0.2952573 0.2541584 0.2817593 0.2456849 0.2833892 0.2634328 0.2952573 0.2456849 0.2833892 0.254629 0.2957272 0.7987062 0.361048 0.8080629 0.3614403 0.8160002 0.3499394 0.7987062 0.361048 0.8160002 0.3499394 0.8075602 0.3482829 0.7987062 0.361048 0.8075602 0.3482829 0.7992979 0.3463486 0.7987062 0.361048 0.7992979 0.3463486 0.7915126 0.3576363 0.4414736 0.4735486 0.4383774 0.4605594 0.3992957 0.4671518 0.4414736 0.4735486 0.3992957 0.4671518 0.4025037 0.4813426 0.6101355 0.4146493 0.606537 0.418668 0.640205 0.4199736 0.6101355 0.4146493 0.640205 0.4199736 0.6370494 0.4154881 0.6280199 0.3844826 0.6261501 0.3977878 0.634977 0.3988137 0.6280199 0.3844826 0.634977 0.3988137 0.6367931 0.385579 0.7813286 0.3762496 0.7869426 0.3784907 0.7892311 0.3753618 0.7813286 0.3762496 0.7892311 0.3753618 0.7831078 0.3729734 0.7831078 0.3729734 0.7892311 0.3753618 0.7920052 0.3710972 0.7831078 0.3729734 0.7920052 0.3710972 0.7851489 0.3684478 0.7851489 0.3684478 0.7920052 0.3710972 0.7952695 0.3661504 0.7851489 0.3684478 0.7952695 0.3661504 0.7879897 0.363152 0.7879897 0.363152 0.7952695 0.3661504 0.7987062 0.361048 0.7879897 0.363152 0.7987062 0.361048 0.7915126 0.3576363 0.2664418 0.2998778 0.2726832 0.2970065 0.2702243 0.2919895 0.2664418 0.2998778 0.2702243 0.2919895 0.2634328 0.2952573 0.2689791 0.3037456 0.2745905 0.3012531 0.2726832 0.2970065 0.2689791 0.3037456 0.2726832 0.2970065 0.2664418 0.2998778 0.2711024 0.3065091 0.2763866 0.3043339 0.2745905 0.3012531 0.2711024 0.3065091 0.2745905 0.3012531 0.2689791 0.3037456 0.6224404 0.3977364 0.6199198 0.3843811 0.6111813 0.3851715 0.6224404 0.3977364 0.6111813 0.3851715 0.6140443 0.3984515 0.6140443 0.3984515 0.6111813 0.3851715 0.6023944 0.3876895 0.6140443 0.3984515 0.6023944 0.3876895 0.6054731 0.4007622 0.603156 0.4296243 0.6025059 0.4436079 0.6404268 0.4443916 0.603156 0.4296243 0.6404268 0.4443916 0.6419692 0.4315537 0.6041322 0.4238194 0.603156 0.4296243 0.6419692 0.4315537 0.6041322 0.4238194 0.6419692 0.4315537 0.6419124 0.4255207 0.606537 0.418668 0.6041322 0.4238194 0.6419124 0.4255207 0.606537 0.418668 0.6419124 0.4255207 0.640205 0.4199736 0.6327581 0.4125387 0.6155115 0.4121317 0.6101355 0.4146493 0.6327581 0.4125387 0.6101355 0.4146493 0.6370494 0.4154881 0.6327581 0.4125387 0.6269935 0.4114428 0.6214436 0.4113412 0.6327581 0.4125387 0.6214436 0.4113412 0.6155115 0.4121317 0.4420614 0.4798957 0.4414736 0.4735486 0.4025037 0.4813426 0.4420614 0.4798957 0.4025037 0.4813426 0.4046623 0.4872105 0.4408384 0.4859896 0.4420614 0.4798957 0.4046623 0.4872105 0.4408384 0.4859896 0.4046623 0.4872105 0.4082079 0.4921772 0.4379347 0.4911974 0.4408384 0.4859896 0.4082079 0.4921772 0.4379347 0.4911974 0.4082079 0.4921772 0.4128158 0.4957805 0.4180826 0.4976896 0.4336744 0.4949674 0.4379347 0.4911974 0.4180826 0.4976896 0.4379347 0.4911974 0.4128158 0.4957805 0.4180826 0.4976896 0.4235225 0.4977322 0.428514 0.496892 0.4180826 0.4976896 0.428514 0.496892 0.4336744 0.4949674 0.4739519 0.2456765 0.4634768 0.2460689 0.4648127 0.2961897 0.4739519 0.2456765 0.4648127 0.2961897 0.4752701 0.2960511 0.4634768 0.2460689 0.4530329 0.2465129 0.4544937 0.2965137 0.4634768 0.2460689 0.4544937 0.2965137 0.4648127 0.2961897 0.4530329 0.2465129 0.442613 0.2469534 0.4441519 0.2970124 0.4530329 0.2465129 0.4441519 0.2970124 0.4544937 0.2965137 0.442613 0.2469534 0.4322067 0.2473711 0.433696 0.2976074 0.442613 0.2469534 0.433696 0.2976074 0.4441519 0.2970124 0.411967 0.2459884 0.4009765 0.2456224 0.4005835 0.2989878 0.411967 0.2459884 0.4005835 0.2989878 0.4117999 0.2989134 0.4009765 0.2456224 0.3899016 0.2452859 0.3892577 0.2988599 0.4009765 0.2456224 0.3892577 0.2988599 0.4005835 0.2989878 0.3899016 0.2452859 0.3788048 0.2450739 0.3779382 0.2985076 0.3899016 0.2452859 0.3779382 0.2985076 0.3892577 0.2988599 0.3788048 0.2450739 0.3677689 0.2450774 0.3667293 0.2979788 0.3788048 0.2450739 0.3667293 0.2979788 0.3779382 0.2985076 0.3677689 0.2450774 0.357077 0.2453607 0.3557036 0.2973618 0.3677689 0.2450774 0.3557036 0.2973618 0.3667293 0.2979788 0.357077 0.2453607 0.3464229 0.2450727 0.3448496 0.29677 0.357077 0.2453607 0.3448496 0.29677 0.3557036 0.2973618 0.3464229 0.2450727 0.3357236 0.2443127 0.3340407 0.2963272 0.3464229 0.2450727 0.3340407 0.2963272 0.3448496 0.29677 0.5047711 0.6524465 0.5135989 0.6476731 0.5132732 0.6476168 0.5047711 0.6524465 0.5132732 0.6476168 0.5050886 0.651869 0.4229159 0.2983217 0.433696 0.2976074 0.431514 0.2696839 0.4229159 0.2983217 0.431514 0.2696839 0.4223363 0.2698173 0.433696 0.2976074 0.4322067 0.2473711 0.4308927 0.2495943 0.433696 0.2976074 0.4308927 0.2495943 0.431514 0.2696839 0.5135989 0.6476731 0.523438 0.6480223 0.5223724 0.647928 0.5135989 0.6476731 0.5223724 0.647928 0.5132732 0.6476168 0.411967 0.2459884 0.4117999 0.2989134 0.4129854 0.2695354 0.411967 0.2459884 0.4129854 0.2695354 0.4130986 0.2483345 0.4117999 0.2989134 0.4229159 0.2983217 0.4223363 0.2698173 0.4117999 0.2989134 0.4223363 0.2698173 0.4129854 0.2695354 0.3082407 0.7954142 0.3039104 0.9553776 0.3304342 0.9564649 0.3082407 0.7954142 0.3304342 0.9564649 0.3482415 0.797071 0.933909 0.7790973 0.9056927 0.9482075 0.9132448 0.9497858 0.933909 0.7790973 0.9132448 0.9497858 0.9422834 0.7757449 0.8699147 0.6069152 0.851619 0.4367523 0.8248844 0.4378267 0.8699147 0.6069152 0.8248844 0.4378267 0.8297345 0.6085683 0.4702495 0.4582005 0.500786 0.6274999 0.508224 0.6259192 0.4702495 0.4582005 0.508224 0.6259192 0.4787617 0.4614411 0.3082407 0.7954142 0.3482415 0.797071 0.3401811 0.78757 0.3082407 0.7954142 0.3401811 0.78757 0.3179063 0.7867885 0.9335007 0.772003 0.933909 0.7790973 0.9422834 0.7757449 0.9335007 0.772003 0.9422834 0.7757449 0.9434663 0.7679503 0.8699147 0.6069152 0.8297345 0.6085683 0.8378914 0.6193566 0.8699147 0.6069152 0.8378914 0.6193566 0.8621858 0.6183774 0.4702495 0.4582005 0.4787617 0.4614411 0.4782821 0.4485001 0.4702495 0.4582005 0.4782821 0.4485001 0.4670514 0.4449059 0.3179063 0.7867885 0.3401811 0.78757 0.3436347 0.7753906 0.3179063 0.7867885 0.3436347 0.7753906 0.316779 0.7744767 0.9421896 0.7480036 0.9335007 0.772003 0.9434663 0.7679503 0.9421896 0.7480036 0.9434663 0.7679503 0.9673425 0.7334904 0.8621858 0.6183774 0.8378914 0.6193566 0.8374502 0.655786 0.8621858 0.6183774 0.8374502 0.655786 0.8631928 0.6561412 0.4670514 0.4449059 0.4782821 0.4485001 0.4699174 0.4260399 0.4670514 0.4449059 0.4699174 0.4260399 0.4473279 0.4117456 0.3304342 0.9564649 0.3039104 0.9553776 0.3008359 0.9808716 0.3304342 0.9564649 0.3008359 0.9808716 0.3222637 0.9813814 0.9132448 0.9497858 0.9056927 0.9482075 0.9017828 0.9700493 0.9132448 0.9497858 0.9017828 0.9700493 0.9098482 0.9742426 0.8248844 0.4378267 0.851619 0.4367523 0.8420174 0.4114987 0.8248844 0.4378267 0.8420174 0.4114987 0.8203923 0.4124489 0.515658 0.6243414 0.508224 0.6259192 0.5132732 0.6476168 0.515658 0.6243414 0.5132732 0.6476168 0.5223724 0.647928 0.5132732 0.6476168 0.508224 0.6259192 0.500786 0.6274999 0.5132732 0.6476168 0.500786 0.6274999 0.5050886 0.651869 0.9017828 0.9700493 0.9056927 0.9482075 0.898144 0.9466323 0.9017828 0.9700493 0.898144 0.9466323 0.8926602 0.9703564 0.4787617 0.4614411 0.508224 0.6259192 0.515658 0.6243414 0.4787617 0.4614411 0.515658 0.6243414 0.4872584 0.4646747 0.4782821 0.4485001 0.4787617 0.4614411 0.4872584 0.4646747 0.4782821 0.4485001 0.4872584 0.4646747 0.4894215 0.4520989 0.4699174 0.4260399 0.4782821 0.4485001 0.4894215 0.4520989 0.4699174 0.4260399 0.4894215 0.4520989 0.4923483 0.440339 0.9237157 0.7760382 0.9335007 0.772003 0.9421896 0.7480036 0.9237157 0.7760382 0.9421896 0.7480036 0.9189956 0.7625229 0.9255372 0.7824412 0.933909 0.7790973 0.9335007 0.772003 0.9255372 0.7824412 0.9335007 0.772003 0.9237157 0.7760382 0.9255372 0.7824412 0.898144 0.9466323 0.9056927 0.9482075 0.9255372 0.7824412 0.9056927 0.9482075 0.933909 0.7790973 0.4752701 0.2960511 0.4648127 0.2961897 0.4647859 0.3018208 0.4752701 0.2960511 0.4647859 0.3018208 0.4750211 0.3022266 0.4648127 0.2961897 0.4544937 0.2965137 0.4547284 0.302125 0.4648127 0.2961897 0.4547284 0.302125 0.4647859 0.3018208 0.4544937 0.2965137 0.4441519 0.2970124 0.444535 0.3027294 0.4544937 0.2965137 0.444535 0.3027294 0.4547284 0.302125 0.4441519 0.2970124 0.433696 0.2976074 0.4341247 0.3035275 0.4441519 0.2970124 0.4341247 0.3035275 0.444535 0.3027294 0.433696 0.2976074 0.4229159 0.2983217 0.4233257 0.3044505 0.433696 0.2976074 0.4233257 0.3044505 0.4341247 0.3035275 0.4229159 0.2983217 0.4117999 0.2989134 0.4121097 0.3052236 0.4229159 0.2983217 0.4121097 0.3052236 0.4233257 0.3044505 0.4117999 0.2989134 0.4005835 0.2989878 0.4006758 0.3055341 0.4117999 0.2989134 0.4006758 0.3055341 0.4121097 0.3052236 0.4005835 0.2989878 0.3892577 0.2988599 0.3891363 0.3054841 0.4005835 0.2989878 0.3891363 0.3054841 0.4006758 0.3055341 0.3892577 0.2988599 0.3779382 0.2985076 0.3776276 0.3050706 0.3892577 0.2988599 0.3776276 0.3050706 0.3891363 0.3054841 0.3779382 0.2985076 0.3667293 0.2979788 0.3662949 0.3043557 0.3779382 0.2985076 0.3662949 0.3043557 0.3776276 0.3050706 0.3667293 0.2979788 0.3557036 0.2973618 0.3552589 0.3034854 0.3667293 0.2979788 0.3552589 0.3034854 0.3662949 0.3043557 0.3557036 0.2973618 0.3448496 0.29677 0.3445877 0.3026697 0.3557036 0.2973618 0.3445877 0.3026697 0.3552589 0.3034854 0.3448496 0.29677 0.3340407 0.2963272 0.334056 0.3023577 0.3448496 0.29677 0.334056 0.3023577 0.3445877 0.3026697 0.4750211 0.3022266 0.4647859 0.3018208 0.4647154 0.3063148 0.4750211 0.3022266 0.4647154 0.3063148 0.4741959 0.3067994 0.4647859 0.3018208 0.4547284 0.302125 0.4549171 0.3066841 0.4647859 0.3018208 0.4549171 0.3066841 0.4647154 0.3063148 0.4547284 0.302125 0.444535 0.3027294 0.4448447 0.3073901 0.4547284 0.302125 0.4448447 0.3073901 0.4549171 0.3066841 0.444535 0.3027294 0.4341247 0.3035275 0.4345031 0.3083602 0.444535 0.3027294 0.4345031 0.3083602 0.4448447 0.3073901 0.4341247 0.3035275 0.4233257 0.3044505 0.4236978 0.3094978 0.4341247 0.3035275 0.4236978 0.3094978 0.4345031 0.3083602 0.4233257 0.3044505 0.4121097 0.3052236 0.4123721 0.3104686 0.4233257 0.3044505 0.4123721 0.3104686 0.4236978 0.3094978 0.4121097 0.3052236 0.4006758 0.3055341 0.4007657 0.3109477 0.4121097 0.3052236 0.4007657 0.3109477 0.4123721 0.3104686 0.4006758 0.3055341 0.3891363 0.3054841 0.3890537 0.3109667 0.4006758 0.3055341 0.3890537 0.3109667 0.4007657 0.3109477 0.3891363 0.3054841 0.3776276 0.3050706 0.3773837 0.3104984 0.3891363 0.3054841 0.3773837 0.3104984 0.3890537 0.3109667 0.3776276 0.3050706 0.3662949 0.3043557 0.3659378 0.3096149 0.3776276 0.3050706 0.3659378 0.3096149 0.3773837 0.3104984 0.3662949 0.3043557 0.3552589 0.3034854 0.3548762 0.3085073 0.3662949 0.3043557 0.3548762 0.3085073 0.3659378 0.3096149 0.3552589 0.3034854 0.3445877 0.3026697 0.3443833 0.3074236 0.3552589 0.3034854 0.3443833 0.3074236 0.3548762 0.3085073 0.3445877 0.3026697 0.334056 0.3023577 0.3345772 0.3070548 0.3445877 0.3026697 0.3345772 0.3070548 0.3443833 0.3074236 0.7975397 0.08748376 0.8039911 0.09432876 0.8112572 0.08294546 0.7975397 0.08748376 0.8112572 0.08294546 0.8092048 0.08076894 0.8039911 0.09432876 0.8128799 0.09738999 0.8140841 0.08391815 0.8039911 0.09432876 0.8140841 0.08391815 0.8112572 0.08294546 0.8128799 0.09738999 0.8221727 0.09596371 0.8170384 0.08346378 0.8128799 0.09738999 0.8170384 0.08346378 0.8140841 0.08391815 0.8221727 0.09596371 0.8297396 0.09037393 0.8194432 0.08168601 0.8221727 0.09596371 0.8194432 0.08168601 0.8170384 0.08346378 0.8297396 0.09037393 0.8338445 0.08189976 0.8207476 0.078992 0.8297396 0.09037393 0.8207476 0.078992 0.8194432 0.08168601 0.8338445 0.08189976 0.833544 0.07248347 0.8206518 0.07599967 0.8338445 0.08189976 0.8206518 0.07599967 0.8207476 0.078992 0.833544 0.07248347 0.8289068 0.06428635 0.8191782 0.07339382 0.833544 0.07248347 0.8191782 0.07339382 0.8206518 0.07599967 0.8289068 0.06428635 0.8209976 0.05918812 0.8166646 0.07177221 0.8289068 0.06428635 0.8166646 0.07177221 0.8191782 0.07339382 0.8209976 0.05918812 0.8116317 0.05835527 0.8136872 0.07150673 0.8209976 0.05918812 0.8136872 0.07150673 0.8166646 0.07177221 0.8116317 0.05835527 0.8029554 0.06197595 0.8109282 0.07265704 0.8116317 0.05835527 0.8109282 0.07265704 0.8136872 0.07150673 0.8029554 0.06197595 0.7969545 0.06921815 0.809019 0.07495975 0.8029554 0.06197595 0.809019 0.07495975 0.8109282 0.07265704 0.7969545 0.06921815 0.7950009 0.07842266 0.8083971 0.07788711 0.7969545 0.06921815 0.8083971 0.07788711 0.809019 0.07495975 0.7950009 0.07842266 0.7975397 0.08748376 0.8092048 0.08076894 0.7950009 0.07842266 0.8092048 0.08076894 0.8083971 0.07788711 0.4993044 0.6823865 0.5071647 0.6898878 0.5093237 0.6861314 0.4993044 0.6823865 0.5093237 0.6861314 0.5029469 0.6800393 0.4958505 0.6720507 0.4993044 0.6823865 0.5029469 0.6800393 0.4958505 0.6720507 0.5029469 0.6800393 0.5001604 0.6716456 0.4976583 0.6612454 0.4958505 0.6720507 0.5001604 0.6716456 0.4976583 0.6612454 0.5001604 0.6716456 0.5016419 0.6628715 0.5047711 0.6524465 0.4976583 0.6612454 0.5016419 0.6628715 0.5047711 0.6524465 0.5016419 0.6628715 0.5070835 0.6557274 0.5135989 0.6476731 0.5047711 0.6524465 0.5070835 0.6557274 0.5135989 0.6476731 0.5070835 0.6557274 0.5145105 0.6518523 0.523438 0.6480223 0.5135989 0.6476731 0.5145105 0.6518523 0.523438 0.6480223 0.5145105 0.6518523 0.5228046 0.6521357 0.5336281 0.6534141 0.523438 0.6480223 0.5228046 0.6521357 0.5336281 0.6534141 0.5228046 0.6521357 0.5307279 0.6565133 0.5397065 0.6626107 0.5336281 0.6534141 0.5307279 0.6565133 0.5397065 0.6626107 0.5307279 0.6565133 0.5356785 0.6639802 0.5407551 0.6735011 0.5397065 0.6626107 0.5356785 0.6639802 0.5407551 0.6735011 0.5356785 0.6639802 0.5365473 0.6728233 0.5365687 0.6835897 0.5407551 0.6735011 0.5365473 0.6728233 0.5365687 0.6835897 0.5365473 0.6728233 0.533177 0.6810161 0.670298 0.07540255 0.677222 0.08374184 0.6797749 0.0803548 0.670298 0.07540255 0.6797749 0.0803548 0.6741518 0.07358336 0.6680428 0.06480234 0.670298 0.07540255 0.6741518 0.07358336 0.6680428 0.06480234 0.6741518 0.07358336 0.6723198 0.06497526 0.6709707 0.05436819 0.6680428 0.06480234 0.6723198 0.06497526 0.6709707 0.05436819 0.6723198 0.06497526 0.6746978 0.05650234 0.357077 0.2453607 0.3677689 0.2450774 0.3674014 0.1514021 0.357077 0.2453607 0.3674014 0.1514021 0.3564296 0.1517824 0.3677689 0.2450774 0.3718492 0.2443578 0.3716388 0.1507583 0.3677689 0.2450774 0.3716388 0.1507583 0.3674014 0.1514021 0.3718492 0.2443578 0.3804464 0.2446179 0.3805282 0.151214 0.3718492 0.2443578 0.3805282 0.151214 0.3716388 0.1507583 0.3464229 0.2450727 0.357077 0.2453607 0.3564296 0.1517824 0.3464229 0.2450727 0.3564296 0.1517824 0.345515 0.1515358 0.3804464 0.2446179 0.389042 0.2442794 0.3893505 0.1510742 0.3804464 0.2446179 0.3893505 0.1510742 0.3805282 0.151214 0.3357236 0.2443127 0.3464229 0.2450727 0.345515 0.1515358 0.3357236 0.2443127 0.345515 0.1515358 0.3347425 0.1506145 0.389042 0.2442794 0.3976224 0.2434377 0.3980519 0.1503605 0.389042 0.2442794 0.3980519 0.1503605 0.3893505 0.1510742 0.3976224 0.2434377 0.4018452 0.243963 0.4022932 0.1509036 0.3976224 0.2434377 0.4022932 0.1509036 0.3980519 0.1503605 0.06463432 0.9812783 0.06449526 0.9941415 0.0704953 0.9946036 0.06463432 0.9812783 0.0704953 0.9946036 0.07063436 0.9817404 0.8184391 0.9764459 0.8184391 0.9893094 0.8215757 0.9893094 0.8184391 0.9764459 0.8215757 0.9893094 0.8215757 0.9764459 0.9777913 0.04643088 0.964928 0.04652106 0.9652643 0.06015372 0.9777913 0.04643088 0.9652643 0.06015372 0.9781228 0.06006401 0.7186693 0.9599806 0.7051541 0.9600098 0.7051671 0.9633317 0.7186693 0.9599806 0.7051671 0.9633317 0.7186695 0.9633024 0.01560986 0.08419567 0.002097964 0.08417689 0.001992046 0.08731186 0.01560986 0.08419567 0.001992046 0.08731186 0.01563036 0.08733248 0.3256992 0.08660727 0.3255933 0.08347249 0.3120806 0.0834636 0.3256992 0.08660727 0.3120806 0.0834636 0.3120597 0.08660024 0.7183046 0.9852033 0.7056039 0.9852328 0.7061161 0.9964091 0.7183046 0.9852033 0.7061161 0.9964091 0.7179459 0.9964091 0.002797842 0.06350809 0.01560968 0.06351524 0.0156129 0.05430436 0.002797842 0.06350809 0.0156129 0.05430436 0.009746313 0.05296075 0.3120806 0.06278234 0.3248934 0.06280314 0.3179441 0.05222749 0.3120806 0.06278234 0.3179441 0.05222749 0.3120775 0.05357134 0.002797842 0.06350809 0.002097964 0.08417689 0.01560986 0.08419567 0.002797842 0.06350809 0.01560986 0.08419567 0.01560968 0.06351524 0.7186695 0.9633024 0.7051671 0.9633317 0.7056039 0.9852328 0.7186695 0.9633024 0.7056039 0.9852328 0.7183046 0.9852033 0.3120806 0.0834636 0.3255933 0.08347249 0.3248934 0.06280314 0.3120806 0.0834636 0.3248934 0.06280314 0.3120806 0.06278234 0.01560986 0.08419567 0.01563036 0.08733248 0.02490103 0.08733248 0.01560986 0.08419567 0.02490103 0.08733248 0.02490103 0.08419567 0.964928 0.04652106 0.9777913 0.04643088 0.9783195 0.03717565 0.964928 0.04652106 0.9783195 0.03717565 0.9654496 0.03726601 0.3120597 0.08660024 0.3120806 0.0834636 0.3027891 0.0834636 0.3120597 0.08660024 0.3027891 0.0834636 0.3027891 0.08660024 0.7287268 0.9813247 0.722733 0.9817869 0.7230361 0.994651 0.7287268 0.9813247 0.7230361 0.994651 0.7290299 0.9941889 0.1594336 0.9763051 0.156297 0.9763051 0.156297 0.9891682 0.1594336 0.9763051 0.156297 0.9891682 0.1594336 0.9891682 0.7857941 0.04377466 0.7852349 0.05740797 0.7981137 0.05749762 0.7857941 0.04377466 0.7981137 0.05749762 0.7986558 0.04386502 0.2793503 0.06411409 0.2793556 0.06743562 0.2928574 0.06746506 0.2793503 0.06411409 0.2928574 0.06746506 0.292865 0.06414359 0.5245665 0.09062498 0.5245535 0.09377712 0.5380286 0.09375631 0.5245665 0.09062498 0.5380286 0.09375631 0.5380298 0.09060591 0.5996799 0.9958226 0.6131544 0.9958156 0.6131479 0.9926638 0.5996799 0.9958226 0.6131479 0.9926638 0.5996797 0.9926726 0.279805 0.08933442 0.2801854 0.1005392 0.2920134 0.1005392 0.279805 0.08933442 0.2920134 0.1005392 0.2925043 0.08936405 0.5373068 0.06983506 0.5305054 0.05923563 0.5246506 0.06058585 0.5373068 0.06983506 0.5246506 0.06058585 0.5244857 0.06984221 0.6132238 0.9718821 0.6130588 0.9626262 0.6072029 0.961276 0.6132238 0.9718821 0.6072029 0.961276 0.6004012 0.9719029 0.5373068 0.06983506 0.5244857 0.06984221 0.5245665 0.09062498 0.5373068 0.06983506 0.5245665 0.09062498 0.5380298 0.09060591 0.2793556 0.06743562 0.279805 0.08933442 0.2925043 0.08936405 0.2793556 0.06743562 0.2925043 0.08936405 0.2928574 0.06746506 0.6131479 0.9926638 0.6132238 0.9718821 0.6004012 0.9719029 0.6131479 0.9926638 0.6004012 0.9719029 0.5996797 0.9926726 0.5245665 0.09062498 0.5157276 0.09062498 0.5156909 0.09377712 0.5245665 0.09062498 0.5156909 0.09377712 0.5245535 0.09377712 0.7986558 0.04386502 0.7981193 0.03460967 0.7852805 0.03451931 0.7986558 0.04386502 0.7852805 0.03451931 0.7857941 0.04377466 0.6131544 0.9958156 0.6220136 0.9958155 0.621975 0.9926638 0.6131544 0.9958156 0.621975 0.9926638 0.6131479 0.9926638 0.5171802 0.2804602 0.5620176 0.2791886 0.5620203 0.271758 0.5171802 0.2804602 0.5620203 0.271758 0.5260061 0.2721886 0.5620203 0.271758 0.5620176 0.2791886 0.6055342 0.2791587 0.5620203 0.271758 0.6055342 0.2791587 0.5979009 0.2723149 0.5226781 0.3418447 0.5619984 0.3306317 0.5620061 0.3099502 0.5226781 0.3418447 0.5620061 0.3099502 0.5168164 0.3313562 0.6084991 0.326547 0.5620061 0.3099502 0.5619984 0.3306317 0.6084991 0.326547 0.5619984 0.3306317 0.6026546 0.3416491 0.5168164 0.3313562 0.5620061 0.3099502 0.562014 0.288813 0.5168164 0.3313562 0.562014 0.288813 0.5173971 0.291232 0.6061927 0.2915098 0.562014 0.288813 0.5620061 0.3099502 0.6061927 0.2915098 0.5620061 0.3099502 0.6084991 0.326547 0.5305994 0.3450116 0.5619928 0.3457587 0.5619984 0.3306317 0.5305994 0.3450116 0.5619984 0.3306317 0.5226781 0.3418447 0.6026546 0.3416491 0.5619984 0.3306317 0.5619928 0.3457587 0.6026546 0.3416491 0.5619928 0.3457587 0.5931701 0.3448365 0.5173971 0.291232 0.562014 0.288813 0.5620176 0.2791886 0.5173971 0.291232 0.5620176 0.2791886 0.5171802 0.2804602 0.6055342 0.2791587 0.5620176 0.2791886 0.562014 0.288813 0.6055342 0.2791587 0.562014 0.288813 0.6061927 0.2915098</float_array>
          <technique_common>
            <accessor source="#Wing8_FinalDJI_0-mesh-map-0-array" count="12864" stride="2">
              <param name="S" type="float"/>
              <param name="T" type="float"/>
            </accessor>
          </technique_common>
        </source>
        <vertices id="Wing8_FinalDJI_0-mesh-vertices">
          <input semantic="POSITION" source="#Wing8_FinalDJI_0-mesh-positions"/>
        </vertices>
        <triangles material="FinalDJI-material" count="4288">
          <input semantic="VERTEX" source="#Wing8_FinalDJI_0-mesh-vertices" offset="0"/>
          <input semantic="NORMAL" source="#Wing8_FinalDJI_0-mesh-normals" offset="1"/>
          <input semantic="TEXCOORD" source="#Wing8_FinalDJI_0-mesh-map-0" offset="2" set="0"/>
          <p>0 0 0 1 1 1 2 2 2 3 3 3 1 1 4 0 0 5 4 4 6 1 1 7 3 3 8 5 5 9 1 6 10 4 7 11 6 8 12 1 9 13 5 10 14 7 11 15 1 9 16 6 8 17 8 12 18 1 9 19 7 11 20 9 13 21 1 9 22 8 12 23 10 14 24 1 9 25 9 13 26 11 15 27 1 9 28 10 14 29 12 16 30 1 16 31 11 17 32 13 18 33 1 18 34 12 18 35 2 19 36 1 19 37 13 19 38 14 20 39 15 20 40 16 20 41 15 21 42 17 21 43 16 21 44 17 22 45 18 22 46 16 22 47 18 23 48 19 23 49 16 23 50 19 24 51 20 24 52 16 24 53 20 25 54 21 25 55 16 25 56 21 26 57 22 26 58 16 26 59 22 27 60 23 27 61 16 27 62 23 28 63 24 28 64 16 28 65 24 29 66 25 29 67 16 29 68 25 30 69 26 30 70 16 30 71 26 31 72 14 31 73 16 31 74 27 32 75 28 32 76 29 32 77 29 33 78 28 33 79 30 33 80 30 34 81 28 34 82 31 34 83 31 35 84 28 35 85 32 35 86 32 36 87 28 36 88 33 36 89 33 37 90 28 37 91 34 37 92 34 38 93 28 38 94 35 38 95 35 39 96 28 39 97 36 39 98 36 40 99 28 40 100 37 40 101 37 41 102 28 41 103 38 41 104 38 42 105 28 42 106 39 42 107 39 43 108 28 43 109 27 43 110 40 44 111 41 44 112 42 44 113 41 45 114 43 45 115 42 45 116 43 45 117 44 45 118 42 45 119 44 46 120 45 46 121 42 46 122 45 45 123 46 45 124 42 45 125 46 45 126 47 45 127 42 45 128 47 45 129 48 45 130 42 45 131 48 45 132 49 45 133 42 45 134 49 45 135 50 45 136 42 45 137 50 45 138 51 45 139 42 45 140 51 45 141 52 45 142 42 45 143 52 47 144 40 47 145 42 47 146 53 48 147 54 48 148 55 48 149 56 49 150 53 49 151 55 49 152 57 50 153 56 50 154 55 50 155 58 51 156 57 51 157 55 51 158 59 52 159 58 52 160 55 52 161 60 53 162 59 53 163 55 53 164 61 51 165 60 51 166 55 51 167 62 54 168 61 54 169 55 54 170 63 55 171 62 55 172 55 55 173 64 56 174 63 56 175 55 56 176 65 57 177 64 57 178 55 57 179 54 58 180 65 58 181 55 58 182 66 59 183 67 59 184 68 59 185 69 59 186 67 59 187 66 59 188 70 59 189 67 59 190 71 59 191 72 59 192 67 59 193 70 59 194 73 59 195 67 59 196 72 59 197 68 60 198 67 60 199 73 60 200 74 61 201 75 61 202 76 61 203 76 61 204 75 61 205 77 61 206 78 61 207 75 61 208 79 61 209 79 61 210 75 61 211 80 61 212 80 61 213 75 61 214 81 61 215 81 61 216 75 61 217 74 61 218 82 62 219 83 62 220 84 62 221 84 63 222 83 63 223 85 63 224 86 63 225 83 63 226 82 63 227 87 63 228 83 63 229 86 63 230 85 63 231 83 63 232 88 63 233 89 63 234 83 63 235 87 63 236 88 63 237 83 63 238 90 63 239 91 64 240 83 64 241 89 64 242 90 63 243 83 63 244 92 63 245 92 63 246 83 63 247 93 63 248 94 65 249 83 65 250 91 65 251 93 66 252 83 66 253 94 66 254 95 59 255 96 59 256 67 59 257 69 59 258 95 59 259 67 59 260 97 59 261 71 59 262 67 59 263 98 59 264 97 59 265 67 59 266 99 59 267 98 59 268 67 59 269 96 59 270 99 59 271 67 59 272 100 61 273 101 61 274 75 61 275 101 61 276 77 61 277 75 61 278 78 61 279 102 61 280 75 61 281 102 61 282 103 61 283 75 61 284 103 61 285 104 61 286 75 61 287 104 61 288 100 61 289 75 61 290 105 67 291 106 67 292 107 67 293 106 67 294 108 67 295 107 67 296 109 68 297 105 68 298 107 68 299 110 67 300 109 67 301 107 67 302 108 67 303 111 67 304 107 67 305 112 67 306 110 67 307 107 67 308 111 67 309 113 67 310 107 67 311 114 67 312 112 67 313 107 67 314 113 67 315 115 67 316 107 67 317 115 69 318 116 69 319 107 69 320 117 67 321 114 67 322 107 67 323 116 67 324 117 67 325 107 67 326 118 70 327 119 70 328 120 71 329 121 72 330 118 72 331 120 73 332 122 74 333 121 74 334 120 74 335 123 75 336 122 75 337 120 75 338 124 76 339 123 76 340 120 76 341 125 77 342 124 77 343 120 77 344 126 78 345 125 78 346 120 78 347 127 79 348 126 79 349 120 79 350 128 80 351 127 80 352 120 81 353 129 82 354 128 82 355 120 83 356 120 84 357 119 84 358 130 84 359 120 85 360 130 85 361 131 85 362 120 86 363 131 86 364 129 86 365 132 87 366 133 88 367 134 87 368 135 89 369 133 89 370 132 89 371 136 90 372 133 91 373 135 90 374 137 92 375 133 92 376 136 92 377 138 93 378 133 94 379 137 93 380 139 95 381 133 96 382 138 95 383 140 97 384 133 97 385 139 97 386 141 98 387 133 99 388 140 98 389 142 100 390 133 100 391 141 100 392 143 101 393 133 102 394 142 101 395 133 103 396 144 103 397 134 103 398 133 104 399 145 104 400 144 104 401 133 105 402 143 105 403 145 105 404 146 106 405 147 107 406 148 108 407 149 109 408 146 106 409 148 108 410 150 110 411 149 109 412 148 108 413 151 111 414 150 111 415 148 111 416 152 112 417 151 113 418 148 114 419 153 115 420 152 112 421 148 114 422 154 116 423 153 115 424 148 114 425 155 117 426 154 116 427 148 114 428 156 118 429 155 117 430 148 114 431 157 119 432 156 118 433 148 114 434 158 120 435 157 121 436 148 120 437 159 122 438 158 122 439 148 122 440 147 123 441 159 124 442 148 124 443 160 125 444 161 126 445 162 127 446 160 125 447 162 127 448 163 128 449 163 128 450 162 127 451 164 129 452 163 128 453 164 129 454 165 130 455 165 130 456 164 129 457 166 131 458 165 130 459 166 131 460 167 132 461 167 132 462 166 131 463 168 133 464 167 132 465 168 133 466 169 134 467 170 135 468 171 136 469 172 137 470 170 135 471 172 137 472 173 138 473 173 138 474 172 137 475 174 139 476 173 138 477 174 139 478 175 140 479 175 140 480 174 139 481 176 141 482 175 140 483 176 141 484 177 142 485 177 142 486 176 141 487 178 143 488 177 142 489 178 143 490 179 144 491 179 144 492 178 143 493 180 145 494 179 144 495 180 145 496 181 146 497 181 146 498 180 145 499 182 147 500 181 146 501 182 147 502 183 148 503 183 148 504 182 147 505 184 149 506 183 148 507 184 149 508 185 150 509 186 151 510 187 152 511 188 153 512 186 151 513 188 153 514 189 154 515 190 155 516 191 156 517 192 157 518 190 155 519 192 157 520 168 133 521 168 133 522 192 157 523 193 158 524 168 133 525 193 158 526 169 134 527 189 154 528 188 153 529 194 159 530 189 154 531 194 159 532 195 160 533 170 135 534 196 161 535 197 162 536 170 135 537 197 162 538 171 136 539 171 136 540 197 162 541 191 156 542 171 136 543 191 156 544 190 155 545 198 163 546 199 164 547 200 165 548 198 163 549 200 165 550 201 166 551 202 167 552 203 168 553 204 169 554 202 167 555 204 169 556 205 170 557 206 171 558 207 172 559 208 173 560 206 171 561 208 173 562 209 174 563 210 175 564 211 176 565 212 177 566 210 175 567 212 177 568 213 178 569 198 163 570 214 179 571 215 180 572 198 163 573 215 180 574 199 164 575 216 181 576 217 182 577 218 183 578 216 181 579 218 183 580 219 184 581 206 171 582 220 185 583 221 186 584 206 171 585 221 186 586 207 172 587 222 187 588 223 188 589 224 189 590 222 187 591 224 189 592 225 190 593 214 179 594 226 191 595 227 192 596 214 179 597 227 192 598 215 180 599 228 193 600 229 194 601 230 195 602 228 193 603 230 195 604 231 196 605 220 185 606 232 197 607 233 198 608 220 185 609 233 198 610 221 186 611 234 199 612 235 200 613 236 201 614 234 199 615 236 201 616 237 202 617 200 165 618 238 203 619 239 204 620 200 165 621 239 204 622 201 166 623 204 169 624 240 205 625 241 206 626 204 169 627 241 206 628 205 170 629 208 173 630 242 207 631 243 208 632 208 173 633 243 208 634 209 174 635 244 209 636 245 210 637 246 211 638 244 209 639 246 211 640 212 177 641 246 211 642 247 212 643 213 178 644 246 211 645 213 178 646 212 177 647 241 206 648 248 213 649 249 214 650 241 206 651 249 214 652 205 170 653 211 176 654 250 215 655 244 209 656 211 176 657 244 209 658 212 177 659 224 189 660 251 216 661 252 217 662 224 189 663 252 217 664 225 190 665 236 201 666 253 218 667 254 219 668 236 201 669 254 219 670 237 202 671 255 220 672 256 221 673 228 193 674 255 220 675 228 193 676 231 196 677 257 222 678 258 223 679 216 181 680 257 222 681 216 181 682 219 184 683 259 224 684 202 167 685 205 170 686 259 224 687 205 170 688 249 214 689 161 126 690 260 225 691 261 226 692 161 126 693 261 226 694 162 127 695 162 127 696 261 226 697 262 227 698 162 127 699 262 227 700 164 129 701 164 129 702 262 227 703 263 228 704 164 129 705 263 228 706 166 131 707 166 131 708 263 228 709 264 229 710 166 131 711 264 229 712 168 133 713 168 133 714 264 229 715 265 230 716 168 133 717 265 230 718 190 155 719 190 155 720 265 230 721 266 231 722 190 155 723 266 231 724 171 136 725 171 136 726 266 231 727 267 232 728 171 136 729 267 232 730 172 137 731 172 137 732 267 232 733 268 233 734 172 137 735 268 233 736 174 139 737 174 139 738 268 233 739 269 234 740 174 139 741 269 234 742 176 141 743 176 141 744 269 234 745 270 235 746 176 141 747 270 235 748 178 143 749 178 143 750 270 235 751 271 236 752 178 143 753 271 236 754 180 145 755 180 145 756 271 236 757 272 237 758 180 145 759 272 237 760 182 147 761 182 147 762 272 237 763 273 238 764 182 147 765 273 238 766 184 149 767 260 225 768 274 239 769 275 240 770 260 225 771 275 240 772 261 226 773 261 226 774 275 240 775 276 241 776 261 226 777 276 241 778 262 227 779 262 227 780 276 241 781 277 242 782 262 227 783 277 242 784 263 228 785 263 228 786 277 242 787 278 243 788 263 228 789 278 243 790 264 229 791 264 229 792 278 243 793 279 244 794 264 229 795 279 244 796 265 230 797 265 230 798 279 244 799 280 245 800 265 230 801 280 245 802 266 231 803 266 231 804 280 245 805 281 246 806 266 231 807 281 246 808 267 232 809 267 232 810 281 246 811 282 247 812 267 232 813 282 247 814 268 233 815 268 233 816 282 247 817 283 248 818 268 233 819 283 248 820 269 234 821 269 234 822 283 248 823 284 249 824 269 234 825 284 249 826 270 235 827 270 235 828 284 249 829 285 250 830 270 235 831 285 250 832 271 236 833 271 236 834 285 250 835 286 251 836 271 236 837 286 251 838 272 237 839 272 237 840 286 251 841 287 252 842 272 237 843 287 252 844 273 238 845 288 253 846 289 254 847 290 255 848 288 253 849 290 255 850 291 256 851 291 256 852 290 255 853 292 257 854 291 256 855 292 257 856 293 258 857 293 258 858 292 257 859 294 259 860 293 258 861 294 259 862 295 260 863 295 260 864 294 259 865 296 261 866 295 260 867 296 261 868 297 262 869 297 262 870 296 261 871 298 263 872 297 262 873 298 263 874 299 264 875 299 264 876 298 263 877 300 265 878 299 264 879 300 265 880 301 266 881 301 266 882 300 265 883 302 267 884 301 266 885 302 267 886 303 268 887 303 268 888 302 267 889 304 269 890 303 268 891 304 269 892 305 270 893 305 270 894 304 269 895 306 271 896 305 270 897 306 271 898 307 272 899 307 272 900 306 271 901 308 273 902 307 272 903 308 273 904 309 274 905 309 274 906 308 273 907 310 275 908 309 274 909 310 275 910 311 276 911 311 276 912 310 275 913 312 277 914 311 276 915 312 277 916 313 278 917 313 278 918 312 277 919 289 254 920 313 278 921 289 254 922 288 253 923 314 279 924 0 0 925 2 2 926 314 279 927 2 2 928 315 280 929 316 281 930 3 3 931 0 0 932 316 281 933 0 0 934 314 279 935 317 282 936 4 4 937 3 3 938 317 282 939 3 3 940 316 281 941 318 283 942 5 10 943 4 4 944 318 283 945 4 4 946 317 282 947 319 284 948 6 8 949 5 10 950 319 284 951 5 10 952 318 283 953 320 285 954 7 11 955 6 8 956 320 285 957 6 8 958 319 284 959 321 286 960 8 12 961 7 11 962 321 286 963 7 11 964 320 285 965 322 287 966 9 13 967 8 12 968 322 287 969 8 12 970 321 286 971 323 288 972 10 14 973 9 13 974 323 288 975 9 13 976 322 287 977 324 289 978 11 15 979 10 14 980 324 289 981 10 14 982 323 288 983 325 290 984 326 290 985 327 290 986 325 291 987 327 291 988 328 291 989 329 292 990 330 292 991 326 292 992 329 293 993 326 293 994 325 293 995 331 294 996 332 294 997 330 294 998 331 295 999 330 296 1000 329 297 1001 181 146 1002 333 298 1003 334 299 1004 181 146 1005 334 299 1006 179 144 1007 335 300 1008 336 300 1009 337 300 1010 335 301 1011 337 301 1012 338 301 1013 339 302 1014 340 303 1015 341 304 1016 339 302 1017 341 304 1018 342 305 1019 183 148 1020 343 306 1021 333 298 1022 183 148 1023 333 298 1024 181 146 1025 342 305 1026 341 304 1027 344 307 1028 342 305 1029 344 307 1030 345 308 1031 185 150 1032 346 309 1033 343 306 1034 185 150 1035 343 306 1036 183 148 1037 345 308 1038 344 307 1039 347 310 1040 345 308 1041 347 310 1042 348 311 1043 349 312 1044 350 312 1045 351 312 1046 349 313 1047 351 313 1048 352 313 1049 353 314 1050 354 315 1051 355 316 1052 353 314 1053 355 316 1054 356 317 1055 357 318 1056 358 319 1057 359 320 1058 357 318 1059 359 320 1060 360 321 1061 361 322 1062 362 323 1063 363 324 1064 361 322 1065 363 324 1066 364 325 1067 365 326 1068 366 327 1069 367 328 1070 365 326 1071 367 328 1072 368 329 1073 369 330 1074 370 331 1075 371 332 1076 369 330 1077 371 332 1078 372 333 1079 373 334 1080 374 335 1081 375 336 1082 373 334 1083 375 336 1084 376 337 1085 377 338 1086 378 339 1087 379 340 1088 377 338 1089 379 340 1090 380 341 1091 381 342 1092 382 343 1093 383 344 1094 381 342 1095 383 344 1096 384 345 1097 385 346 1098 386 347 1099 387 348 1100 385 346 1101 387 348 1102 388 349 1103 389 350 1104 390 351 1105 391 352 1106 389 350 1107 391 352 1108 392 353 1109 393 354 1110 394 355 1111 395 356 1112 393 354 1113 395 356 1114 396 357 1115 397 358 1116 398 359 1117 399 360 1118 397 358 1119 399 360 1120 400 361 1121 401 362 1122 402 363 1123 403 364 1124 401 362 1125 403 364 1126 404 365 1127 405 366 1128 406 367 1129 407 368 1130 405 366 1131 407 368 1132 408 369 1133 409 370 1134 381 342 1135 384 345 1136 409 370 1137 384 345 1138 410 371 1139 387 348 1140 386 347 1141 411 372 1142 387 348 1143 411 372 1144 412 373 1145 413 374 1146 389 350 1147 392 353 1148 413 374 1149 392 353 1150 414 375 1151 415 376 1152 416 377 1153 417 378 1154 415 376 1155 417 378 1156 418 379 1157 419 380 1158 420 381 1159 421 382 1160 419 380 1161 421 382 1162 422 383 1163 423 384 1164 424 385 1165 425 386 1166 423 384 1167 425 386 1168 426 387 1169 427 388 1170 428 389 1171 429 390 1172 427 388 1173 429 390 1174 430 391 1175 431 392 1176 432 393 1177 433 394 1178 431 392 1179 433 394 1180 434 395 1181 435 396 1182 436 397 1183 432 393 1184 435 396 1185 432 393 1186 431 392 1187 437 398 1188 438 399 1189 422 383 1190 437 398 1191 422 383 1192 439 400 1193 422 383 1194 438 399 1195 440 401 1196 422 383 1197 440 401 1198 419 380 1199 425 386 1200 441 402 1201 442 403 1202 425 386 1203 442 403 1204 426 387 1205 443 404 1206 444 405 1207 445 406 1208 443 404 1209 445 406 1210 446 407 1211 447 408 1212 448 409 1213 449 410 1214 447 408 1215 449 410 1216 450 411 1217 449 410 1218 451 412 1219 452 413 1220 449 410 1221 452 413 1222 450 411 1223 453 414 1224 454 415 1225 455 416 1226 453 414 1227 455 416 1228 456 417 1229 457 418 1230 458 419 1231 459 420 1232 457 418 1233 459 420 1234 460 421 1235 461 422 1236 462 423 1237 463 424 1238 461 422 1239 463 424 1240 464 425 1241 421 382 1242 465 426 1243 466 427 1244 421 382 1245 466 427 1246 422 383 1247 467 428 1248 468 429 1249 469 430 1250 467 428 1251 469 430 1252 470 431 1253 471 432 1254 472 433 1255 473 434 1256 471 432 1257 473 434 1258 474 435 1259 475 436 1260 476 437 1261 477 438 1262 475 436 1263 477 438 1264 478 439 1265 479 440 1266 480 441 1267 481 442 1268 479 440 1269 481 442 1270 482 443 1271 483 444 1272 484 445 1273 485 446 1274 483 444 1275 485 446 1276 486 447 1277 487 448 1278 488 449 1279 467 428 1280 487 448 1281 467 428 1282 470 431 1283 489 450 1284 490 451 1285 405 366 1286 489 450 1287 405 366 1288 408 369 1289 379 340 1290 491 452 1291 492 453 1292 379 340 1293 492 453 1294 380 341 1295 481 442 1296 480 441 1297 493 454 1298 481 442 1299 493 454 1300 494 455 1301 495 456 1302 496 457 1303 481 442 1304 495 456 1305 481 442 1306 494 455 1307 484 445 1308 396 357 1309 395 356 1310 484 445 1311 395 356 1312 485 446 1313 368 329 1314 367 328 1315 479 440 1316 368 329 1317 479 440 1318 482 443 1319 477 438 1320 476 437 1321 373 334 1322 477 438 1323 373 334 1324 376 337 1325 404 365 1326 403 364 1327 472 433 1328 404 365 1329 472 433 1330 471 432 1331 469 430 1332 468 429 1333 497 458 1334 469 430 1335 497 458 1336 357 318 1337 498 459 1338 499 460 1339 500 461 1340 498 459 1341 500 461 1342 501 462 1343 502 463 1344 503 464 1345 504 465 1346 502 463 1347 504 465 1348 505 466 1349 506 467 1350 507 468 1351 508 469 1352 506 467 1353 508 469 1354 509 470 1355 510 471 1356 445 406 1357 444 405 1358 510 471 1359 444 405 1360 511 472 1361 449 410 1362 448 409 1363 512 473 1364 449 410 1365 512 473 1366 513 474 1367 451 412 1368 449 410 1369 513 474 1370 451 412 1371 513 474 1372 514 475 1373 515 476 1374 516 477 1375 517 478 1376 515 476 1377 517 478 1378 518 479 1379 519 480 1380 515 476 1381 518 479 1382 519 480 1383 518 479 1384 520 481 1385 364 325 1386 521 482 1387 522 483 1388 364 325 1389 522 483 1390 361 322 1391 523 484 1392 524 485 1393 525 486 1394 523 484 1395 525 486 1396 526 487 1397 527 488 1398 528 489 1399 529 490 1400 527 488 1401 529 490 1402 530 491 1403 531 492 1404 532 493 1405 527 488 1406 531 492 1407 527 488 1408 530 491 1409 533 494 1410 532 493 1411 531 492 1412 533 494 1413 531 492 1414 534 495 1415 535 496 1416 536 497 1417 537 498 1418 535 496 1419 537 498 1420 538 499 1421 539 500 1422 540 501 1423 535 496 1424 539 500 1425 535 496 1426 541 502 1427 494 455 1428 493 454 1429 542 503 1430 494 455 1431 542 503 1432 543 504 1433 544 505 1434 495 456 1435 494 455 1436 544 505 1437 494 455 1438 543 504 1439 446 407 1440 427 388 1441 430 391 1442 446 407 1443 430 391 1444 443 404 1445 545 506 1446 546 507 1447 547 508 1448 545 506 1449 547 508 1450 548 509 1451 431 392 1452 434 395 1453 447 408 1454 431 392 1455 447 408 1456 450 411 1457 452 413 1458 435 396 1459 431 392 1460 452 413 1461 431 392 1462 450 411 1463 546 507 1464 545 506 1465 549 510 1466 546 507 1467 549 510 1468 550 511 1469 551 512 1470 552 513 1471 388 349 1472 551 512 1473 388 349 1474 387 348 1475 412 373 1476 553 514 1477 551 512 1478 412 373 1479 551 512 1480 387 348 1481 356 317 1482 554 515 1483 555 516 1484 356 317 1485 555 516 1486 353 314 1487 399 360 1488 556 517 1489 557 518 1490 399 360 1491 557 518 1492 400 361 1493 558 519 1494 559 520 1495 556 517 1496 558 519 1497 556 517 1498 399 360 1499 560 521 1500 561 522 1501 562 523 1502 560 521 1503 562 523 1504 563 524 1505 564 525 1506 565 526 1507 566 527 1508 564 525 1509 566 527 1510 567 528 1511 366 327 1512 568 529 1513 569 530 1514 366 327 1515 569 530 1516 367 328 1517 479 440 1518 367 328 1519 569 530 1520 479 440 1521 569 530 1522 570 531 1523 480 441 1524 479 440 1525 570 531 1526 480 441 1527 570 531 1528 571 532 1529 493 454 1530 480 441 1531 571 532 1532 493 454 1533 571 532 1534 572 533 1535 542 503 1536 493 454 1537 572 533 1538 542 503 1539 572 533 1540 573 534 1541 390 351 1542 574 535 1543 575 536 1544 390 351 1545 575 536 1546 391 352 1547 576 537 1548 451 412 1549 514 475 1550 576 537 1551 514 475 1552 577 538 1553 451 412 1554 576 537 1555 578 539 1556 451 412 1557 578 539 1558 452 413 1559 579 540 1560 435 396 1561 452 413 1562 579 540 1563 452 413 1564 578 539 1565 579 540 1566 580 541 1567 436 397 1568 579 540 1569 436 397 1570 435 396 1571 388 349 1572 552 513 1573 581 542 1574 388 349 1575 581 542 1576 582 543 1577 583 544 1578 385 346 1579 388 349 1580 583 544 1581 388 349 1582 582 543 1583 517 478 1584 516 477 1585 584 545 1586 517 478 1587 584 545 1588 585 546 1589 382 343 1590 586 547 1591 587 548 1592 382 343 1593 587 548 1594 383 344 1595 588 549 1596 589 550 1597 590 551 1598 588 549 1599 590 551 1600 591 552 1601 379 340 1602 378 339 1603 592 553 1604 379 340 1605 592 553 1606 593 554 1607 594 555 1608 491 452 1609 379 340 1610 594 555 1611 379 340 1612 593 554 1613 595 556 1614 476 437 1615 475 436 1616 595 556 1617 475 436 1618 596 557 1619 597 558 1620 373 334 1621 476 437 1622 597 558 1623 476 437 1624 595 556 1625 598 559 1626 374 335 1627 373 334 1628 598 559 1629 373 334 1630 597 558 1631 599 560 1632 539 500 1633 541 502 1634 599 560 1635 541 502 1636 600 561 1637 371 332 1638 370 331 1639 601 562 1640 371 332 1641 601 562 1642 602 563 1643 603 564 1644 604 565 1645 605 566 1646 603 564 1647 605 566 1648 606 567 1649 607 568 1650 608 569 1651 609 570 1652 607 568 1653 609 570 1654 610 571 1655 611 572 1656 612 573 1657 613 574 1658 611 572 1659 613 574 1660 614 575 1661 615 576 1662 463 424 1663 462 423 1664 615 576 1665 462 423 1666 616 577 1667 617 578 1668 437 398 1669 439 400 1670 617 578 1671 439 400 1672 618 579 1673 500 461 1674 499 460 1675 619 580 1676 500 461 1677 619 580 1678 620 581 1679 621 582 1680 622 583 1681 617 578 1682 621 582 1683 617 578 1684 618 579 1685 618 579 1686 623 584 1687 624 585 1688 618 579 1689 624 585 1690 621 582 1691 625 586 1692 626 587 1693 627 588 1694 625 586 1695 627 588 1696 602 563 1697 602 563 1698 601 562 1699 628 589 1700 602 563 1701 628 589 1702 625 586 1703 629 590 1704 630 591 1705 599 560 1706 629 590 1707 599 560 1708 600 561 1709 631 592 1710 598 559 1711 597 558 1712 631 592 1713 597 558 1714 632 593 1715 633 594 1716 632 593 1717 597 558 1718 633 594 1719 597 558 1720 595 556 1721 634 595 1722 633 594 1723 595 556 1724 634 595 1725 595 556 1726 596 557 1727 589 550 1728 635 596 1729 636 597 1730 589 550 1731 636 597 1732 590 551 1733 586 547 1734 637 598 1735 638 599 1736 586 547 1737 638 599 1738 587 548 1739 585 546 1740 584 545 1741 639 600 1742 585 546 1743 639 600 1744 640 601 1745 641 602 1746 642 603 1747 583 544 1748 641 602 1749 583 544 1750 582 543 1751 582 543 1752 581 542 1753 643 604 1754 582 543 1755 643 604 1756 641 602 1757 644 605 1758 580 541 1759 579 540 1760 644 605 1761 579 540 1762 645 606 1763 646 607 1764 645 606 1765 579 540 1766 646 607 1767 579 540 1768 578 539 1769 578 539 1770 576 537 1771 647 608 1772 578 539 1773 647 608 1774 646 607 1775 647 608 1776 576 537 1777 577 538 1778 647 608 1779 577 538 1780 648 609 1781 574 535 1782 649 610 1783 650 611 1784 574 535 1785 650 611 1786 575 536 1787 572 533 1788 651 612 1789 652 613 1790 572 533 1791 652 613 1792 573 534 1793 571 532 1794 653 614 1795 651 612 1796 571 532 1797 651 612 1798 572 533 1799 570 531 1800 654 615 1801 653 614 1802 570 531 1803 653 614 1804 571 532 1805 569 530 1806 655 616 1807 654 615 1808 569 530 1809 654 615 1810 570 531 1811 568 529 1812 656 617 1813 655 616 1814 568 529 1815 655 616 1816 569 530 1817 657 618 1818 496 457 1819 495 456 1820 657 618 1821 495 456 1822 658 619 1823 659 620 1824 396 357 1825 484 445 1826 659 620 1827 484 445 1828 660 621 1829 661 622 1830 393 354 1831 396 357 1832 661 622 1833 396 357 1834 659 620 1835 662 623 1836 502 463 1837 505 466 1838 662 623 1839 505 466 1840 663 624 1841 664 625 1842 665 626 1843 666 627 1844 664 625 1845 666 627 1846 667 628 1847 666 627 1848 668 629 1849 557 518 1850 666 627 1851 557 518 1852 667 628 1853 400 361 1854 557 518 1855 668 629 1856 400 361 1857 668 629 1858 669 630 1859 670 631 1860 397 358 1861 400 361 1862 670 631 1863 400 361 1864 669 630 1865 538 499 1866 537 498 1867 671 632 1868 538 499 1869 671 632 1870 672 633 1871 673 634 1872 534 495 1873 531 492 1874 673 634 1875 531 492 1876 674 635 1877 675 636 1878 674 635 1879 531 492 1880 675 636 1881 531 492 1882 530 491 1883 490 451 1884 675 636 1885 530 491 1886 490 451 1887 530 491 1888 529 490 1889 676 637 1890 529 490 1891 523 484 1892 676 637 1893 523 484 1894 526 487 1895 526 487 1896 677 638 1897 678 639 1898 526 487 1899 678 639 1900 676 637 1901 679 640 1902 680 641 1903 681 642 1904 679 640 1905 681 642 1906 682 643 1907 683 644 1908 409 370 1909 410 371 1910 683 644 1911 410 371 1912 684 645 1913 685 646 1914 519 480 1915 520 481 1916 685 646 1917 520 481 1918 686 647 1919 412 373 1920 411 372 1921 687 648 1922 412 373 1923 687 648 1924 688 649 1925 689 650 1926 553 514 1927 412 373 1928 689 650 1929 412 373 1930 688 649 1931 433 394 1932 690 651 1933 691 652 1934 433 394 1935 691 652 1936 434 395 1937 447 408 1938 434 395 1939 691 652 1940 447 408 1941 691 652 1942 692 653 1943 692 653 1944 693 654 1945 448 409 1946 692 653 1947 448 409 1948 447 408 1949 448 409 1950 693 654 1951 694 655 1952 448 409 1953 694 655 1954 512 473 1955 695 656 1956 696 657 1957 697 658 1958 695 656 1959 697 658 1960 698 659 1961 658 619 1962 495 456 1963 544 505 1964 658 619 1965 544 505 1966 699 660 1967 700 661 1968 701 662 1969 598 559 1970 700 661 1971 598 559 1972 631 592 1973 701 662 1974 702 663 1975 374 335 1976 701 662 1977 374 335 1978 598 559 1979 375 336 1980 374 335 1981 702 663 1982 375 336 1983 702 663 1984 703 664 1985 704 665 1986 705 666 1987 402 363 1988 704 665 1989 402 363 1990 401 362 1991 706 667 1992 534 495 1993 673 634 1994 706 667 1995 673 634 1996 707 668 1997 706 667 1998 708 669 1999 533 494 2000 706 667 2001 533 494 2002 534 495 2003 359 320 2004 358 319 2005 709 670 2006 359 320 2007 709 670 2008 710 671 2009 710 671 2010 711 672 2011 424 385 2012 710 671 2013 424 385 2014 359 320 2015 424 385 2016 711 672 2017 712 673 2018 424 385 2019 712 673 2020 425 386 2021 712 673 2022 713 674 2023 441 402 2024 712 673 2025 441 402 2026 425 386 2027 507 468 2028 714 675 2029 715 676 2030 507 468 2031 715 676 2032 508 469 2033 716 677 2034 393 354 2035 661 622 2036 716 677 2037 661 622 2038 717 678 2039 718 679 2040 394 355 2041 393 354 2042 718 679 2043 393 354 2044 716 677 2045 719 680 2046 720 681 2047 366 327 2048 719 680 2049 366 327 2050 365 326 2051 721 682 2052 568 529 2053 366 327 2054 721 682 2055 366 327 2056 720 681 2057 722 683 2058 656 617 2059 568 529 2060 722 683 2061 568 529 2062 721 682 2063 620 581 2064 619 580 2065 723 684 2066 620 581 2067 723 684 2068 724 685 2069 725 686 2070 726 687 2071 727 688 2072 725 686 2073 727 688 2074 728 689 2075 729 690 2076 725 686 2077 728 689 2078 729 690 2079 728 689 2080 730 691 2081 729 690 2082 730 691 2083 731 692 2084 729 690 2085 731 692 2086 732 693 2087 733 694 2088 732 693 2089 731 692 2090 733 694 2091 731 692 2092 734 695 2093 735 696 2094 736 697 2095 737 698 2096 735 696 2097 737 698 2098 738 699 2099 739 700 2100 740 701 2101 741 702 2102 739 700 2103 741 702 2104 742 703 2105 740 701 2106 739 700 2107 743 704 2108 740 701 2109 743 704 2110 744 705 2111 745 706 2112 746 707 2113 744 705 2114 745 706 2115 744 705 2116 743 704 2117 745 706 2118 747 708 2119 748 709 2120 745 706 2121 748 709 2122 746 707 2123 749 710 2124 750 711 2125 751 712 2126 749 710 2127 751 712 2128 752 713 2129 752 713 2130 753 714 2131 754 715 2132 752 713 2133 754 715 2134 749 710 2135 755 716 2136 756 717 2137 757 718 2138 755 716 2139 757 718 2140 758 719 2141 759 720 2142 760 721 2143 755 716 2144 759 720 2145 755 716 2146 758 719 2147 761 722 2148 762 723 2149 763 724 2150 761 722 2151 763 724 2152 764 725 2153 765 726 2154 766 727 2155 767 728 2156 765 726 2157 767 728 2158 768 729 2159 765 726 2160 769 730 2161 770 731 2162 765 726 2163 770 731 2164 766 727 2165 771 732 2166 772 733 2167 770 731 2168 771 732 2169 770 731 2170 769 730 2171 773 734 2172 774 735 2173 772 733 2174 773 734 2175 772 733 2176 771 732 2177 775 736 2178 776 737 2179 777 738 2180 775 736 2181 777 738 2182 778 739 2183 779 740 2184 775 736 2185 778 739 2186 779 740 2187 778 739 2188 780 741 2189 781 742 2190 779 740 2191 780 741 2192 781 742 2193 780 741 2194 782 743 2195 783 744 2196 781 742 2197 782 743 2198 783 744 2199 782 743 2200 784 745 2201 682 643 2202 681 642 2203 785 746 2204 682 643 2205 785 746 2206 786 747 2207 363 324 2208 787 748 2209 788 749 2210 363 324 2211 788 749 2212 364 325 2213 788 749 2214 789 750 2215 521 482 2216 788 749 2217 521 482 2218 364 325 2219 356 317 2220 355 316 2221 488 449 2222 356 317 2223 488 449 2224 487 448 2225 790 751 2226 554 515 2227 356 317 2228 790 751 2229 356 317 2230 487 448 2231 429 390 2232 791 752 2233 548 509 2234 429 390 2235 548 509 2236 430 391 2237 443 404 2238 430 391 2239 548 509 2240 443 404 2241 548 509 2242 547 508 2243 547 508 2244 546 507 2245 444 405 2246 547 508 2247 444 405 2248 443 404 2249 444 405 2250 546 507 2251 550 511 2252 444 405 2253 550 511 2254 511 472 2255 544 505 2256 696 657 2257 695 656 2258 544 505 2259 695 656 2260 699 660 2261 543 504 2262 389 350 2263 413 374 2264 543 504 2265 413 374 2266 544 505 2267 543 504 2268 542 503 2269 390 351 2270 543 504 2271 390 351 2272 389 350 2273 573 534 2274 574 535 2275 390 351 2276 573 534 2277 390 351 2278 542 503 2279 652 613 2280 649 610 2281 574 535 2282 652 613 2283 574 535 2284 573 534 2285 599 560 2286 630 591 2287 792 753 2288 599 560 2289 792 753 2290 793 754 2291 539 500 2292 599 560 2293 793 754 2294 539 500 2295 793 754 2296 794 755 2297 539 500 2298 794 755 2299 795 756 2300 539 500 2301 795 756 2302 540 501 2303 537 498 2304 536 497 2305 796 757 2306 537 498 2307 796 757 2308 797 758 2309 671 632 2310 537 498 2311 797 758 2312 671 632 2313 797 758 2314 798 759 2315 799 760 2316 800 761 2317 533 494 2318 799 760 2319 533 494 2320 708 669 2321 532 493 2322 533 494 2323 800 761 2324 532 493 2325 800 761 2326 801 762 2327 801 762 2328 802 763 2329 527 488 2330 801 762 2331 527 488 2332 532 493 2333 802 763 2334 803 764 2335 528 489 2336 802 763 2337 528 489 2338 527 488 2339 525 486 2340 524 485 2341 804 765 2342 525 486 2343 804 765 2344 805 766 2345 806 767 2346 807 768 2347 521 482 2348 806 767 2349 521 482 2350 789 750 2351 808 769 2352 809 769 2353 810 769 2354 808 770 2355 810 770 2356 811 770 2357 757 718 2358 756 717 2359 812 771 2360 757 718 2361 812 771 2362 813 772 2363 814 773 2364 815 774 2365 519 480 2366 814 773 2367 519 480 2368 685 646 2369 515 476 2370 519 480 2371 815 774 2372 515 476 2373 815 774 2374 816 775 2375 816 775 2376 817 776 2377 516 477 2378 816 775 2379 516 477 2380 515 476 2381 584 545 2382 516 477 2383 817 776 2384 584 545 2385 817 776 2386 818 777 2387 818 777 2388 819 778 2389 639 600 2390 818 777 2391 639 600 2392 584 545 2393 820 779 2394 821 780 2395 822 781 2396 820 779 2397 822 781 2398 823 782 2399 823 782 2400 824 783 2401 825 784 2402 823 782 2403 825 784 2404 820 779 2405 825 784 2406 824 783 2407 826 785 2408 825 784 2409 826 785 2410 827 786 2411 826 785 2412 828 787 2413 829 788 2414 826 785 2415 829 788 2416 827 786 2417 830 789 2418 829 788 2419 828 787 2420 830 789 2421 828 787 2422 831 790 2423 832 791 2424 833 792 2425 834 793 2426 832 791 2427 834 793 2428 835 794 2429 836 795 2430 837 796 2431 838 797 2432 836 795 2433 838 797 2434 839 798 2435 840 799 2436 841 800 2437 842 801 2438 840 799 2439 842 801 2440 843 802 2441 843 802 2442 844 803 2443 845 804 2444 843 802 2445 845 804 2446 840 799 2447 846 805 2448 845 804 2449 844 803 2450 846 805 2451 844 803 2452 847 806 2453 848 807 2454 846 805 2455 847 806 2456 848 807 2457 847 806 2458 849 808 2459 849 808 2460 850 809 2461 851 810 2462 849 808 2463 851 810 2464 848 807 2465 852 811 2466 851 810 2467 850 809 2468 852 811 2469 850 809 2470 853 812 2471 854 813 2472 855 814 2473 856 815 2474 854 813 2475 856 815 2476 857 816 2477 858 817 2478 856 815 2479 855 814 2480 858 817 2481 855 814 2482 859 818 2483 860 819 2484 861 820 2485 862 821 2486 860 819 2487 862 821 2488 863 822 2489 864 823 2490 862 821 2491 861 820 2492 864 823 2493 861 820 2494 865 824 2495 865 824 2496 866 825 2497 867 826 2498 865 824 2499 867 826 2500 864 823 2501 823 782 2502 822 781 2503 819 778 2504 823 782 2505 819 778 2506 818 777 2507 817 776 2508 824 783 2509 823 782 2510 817 776 2511 823 782 2512 818 777 2513 824 783 2514 817 776 2515 816 775 2516 824 783 2517 816 775 2518 826 785 2519 815 774 2520 828 787 2521 826 785 2522 815 774 2523 826 785 2524 816 775 2525 831 790 2526 828 787 2527 815 774 2528 831 790 2529 815 774 2530 814 773 2531 868 827 2532 869 828 2533 833 792 2534 868 827 2535 833 792 2536 832 791 2537 839 829 2538 838 829 2539 870 829 2540 839 830 2541 870 830 2542 871 830 2543 843 802 2544 842 801 2545 872 831 2546 843 802 2547 872 831 2548 873 832 2549 874 833 2550 803 764 2551 844 803 2552 874 833 2553 844 803 2554 875 834 2555 847 806 2556 844 803 2557 803 764 2558 847 806 2559 803 764 2560 802 763 2561 849 808 2562 847 806 2563 802 763 2564 849 808 2565 802 763 2566 801 762 2567 800 761 2568 850 809 2569 849 808 2570 800 761 2571 849 808 2572 801 762 2573 853 812 2574 850 809 2575 800 761 2576 853 812 2577 800 761 2578 799 760 2579 798 759 2580 797 758 2581 855 814 2582 798 759 2583 855 814 2584 854 813 2585 859 818 2586 855 814 2587 797 758 2588 859 818 2589 797 758 2590 796 757 2591 795 756 2592 794 755 2593 861 820 2594 795 756 2595 861 820 2596 860 819 2597 865 824 2598 861 820 2599 794 755 2600 865 824 2601 794 755 2602 793 754 2603 793 754 2604 792 753 2605 866 825 2606 793 754 2607 866 825 2608 865 824 2609 876 835 2610 877 836 2611 878 837 2612 876 835 2613 878 837 2614 879 838 2615 880 839 2616 876 835 2617 879 838 2618 880 839 2619 879 838 2620 881 840 2621 880 839 2622 881 840 2623 882 841 2624 880 839 2625 882 841 2626 883 842 2627 884 843 2628 883 842 2629 882 841 2630 884 843 2631 882 841 2632 885 844 2633 886 845 2634 887 846 2635 884 843 2636 886 845 2637 884 843 2638 885 844 2639 888 847 2640 889 848 2641 890 849 2642 888 847 2643 890 849 2644 891 850 2645 892 851 2646 893 852 2647 894 853 2648 892 851 2649 894 853 2650 895 854 2651 896 855 2652 897 856 2653 893 852 2654 896 855 2655 893 852 2656 892 851 2657 898 857 2658 899 858 2659 900 859 2660 898 857 2661 900 859 2662 901 860 2663 902 861 2664 903 862 2665 904 863 2666 902 861 2667 904 863 2668 905 864 2669 905 864 2670 906 865 2671 907 866 2672 905 864 2673 907 866 2674 902 861 2675 908 867 2676 907 866 2677 906 865 2678 908 867 2679 906 865 2680 909 868 2681 910 869 2682 908 867 2683 909 868 2684 910 869 2685 909 868 2686 911 870 2687 768 729 2688 767 728 2689 762 723 2690 768 729 2691 762 723 2692 761 722 2693 785 746 2694 681 642 2695 783 744 2696 785 746 2697 783 744 2698 784 745 2699 903 862 2700 899 858 2701 898 857 2702 903 862 2703 898 857 2704 904 863 2705 676 637 2706 678 639 2707 406 367 2708 676 637 2709 406 367 2710 405 366 2711 405 366 2712 490 451 2713 529 490 2714 405 366 2715 529 490 2716 676 637 2717 529 490 2718 528 489 2719 524 485 2720 529 490 2721 524 485 2722 523 484 2723 805 766 2724 804 765 2725 803 764 2726 805 766 2727 803 764 2728 874 833 2729 803 764 2730 804 765 2731 524 485 2732 803 764 2733 524 485 2734 528 489 2735 912 871 2736 807 768 2737 806 767 2738 912 871 2739 806 767 2740 913 872 2741 914 873 2742 915 873 2743 916 873 2744 914 874 2745 916 874 2746 917 874 2747 870 875 2748 809 875 2749 808 875 2750 870 876 2751 808 876 2752 871 876 2753 918 877 2754 756 717 2755 755 716 2756 918 877 2757 755 716 2758 919 878 2759 760 721 2760 920 879 2761 919 878 2762 760 721 2763 919 878 2764 755 716 2765 921 880 2766 922 881 2767 889 848 2768 921 880 2769 889 848 2770 888 847 2771 763 724 2772 762 723 2773 923 882 2774 763 724 2775 923 882 2776 924 883 2777 770 731 2778 772 733 2779 925 884 2780 770 731 2781 925 884 2782 926 885 2783 772 733 2784 774 735 2785 927 886 2786 772 733 2787 927 886 2788 925 884 2789 545 506 2790 928 887 2791 929 888 2792 545 506 2793 929 888 2794 549 510 2795 930 889 2796 506 467 2797 509 470 2798 930 889 2799 509 470 2800 931 890 2801 928 887 2802 545 506 2803 548 509 2804 928 887 2805 548 509 2806 932 891 2807 930 889 2808 933 892 2809 934 893 2810 930 889 2811 934 893 2812 935 894 2813 426 387 2814 442 403 2815 936 895 2816 426 387 2817 936 895 2818 937 896 2819 932 891 2820 548 509 2821 791 752 2822 932 891 2823 791 752 2824 938 897 2825 935 894 2826 934 893 2827 939 898 2828 935 894 2829 939 898 2830 940 899 2831 423 384 2832 426 387 2833 937 896 2834 423 384 2835 937 896 2836 941 900 2837 942 901 2838 790 751 2839 487 448 2840 942 901 2841 487 448 2842 470 431 2843 943 902 2844 944 903 2845 945 904 2846 943 902 2847 945 904 2848 946 905 2849 360 321 2850 947 906 2851 469 430 2852 360 321 2853 469 430 2854 357 318 2855 948 907 2856 928 887 2857 932 891 2858 948 907 2859 932 891 2860 949 908 2861 950 909 2862 951 910 2863 952 911 2864 950 909 2865 952 911 2866 953 912 2867 949 908 2868 932 891 2869 938 897 2870 949 908 2871 938 897 2872 954 913 2873 951 910 2874 955 914 2875 956 915 2876 951 910 2877 956 915 2878 952 911 2879 944 903 2880 942 901 2881 470 431 2882 944 903 2883 470 431 2884 945 904 2885 470 431 2886 469 430 2887 946 905 2888 470 431 2889 946 905 2890 945 904 2891 957 916 2892 958 917 2893 959 918 2894 957 916 2895 959 918 2896 960 919 2897 961 920 2898 887 846 2899 886 845 2900 961 920 2901 886 845 2902 962 921 2903 963 922 2904 683 644 2905 684 645 2906 963 922 2907 684 645 2908 964 923 2909 965 924 2910 966 925 2911 967 926 2912 965 924 2913 967 926 2914 968 927 2915 966 925 2916 969 928 2917 970 929 2918 966 925 2919 970 929 2920 967 926 2921 971 930 2922 972 931 2923 973 932 2924 971 930 2925 973 932 2926 974 933 2927 974 933 2928 975 934 2929 976 935 2930 974 933 2931 976 935 2932 971 930 2933 977 936 2934 978 937 2935 979 938 2936 977 936 2937 979 938 2938 980 939 2939 981 940 2940 977 936 2941 980 939 2942 981 940 2943 980 939 2944 982 941 2945 983 942 2946 981 940 2947 982 941 2948 983 942 2949 982 941 2950 984 943 2951 985 944 2952 986 945 2953 987 946 2954 985 944 2955 987 946 2956 988 947 2957 989 948 2958 987 946 2959 986 945 2960 989 948 2961 986 945 2962 990 949 2963 520 481 2964 991 950 2965 992 951 2966 520 481 2967 992 951 2968 686 647 2969 993 952 2970 994 953 2971 995 954 2972 993 952 2973 995 954 2974 996 955 2975 997 956 2976 998 957 2977 999 958 2978 997 956 2979 999 958 2980 1000 959 2981 1001 960 2982 1002 961 2983 837 796 2984 1001 960 2985 837 796 2986 836 795 2987 1003 962 2988 1004 963 2989 1005 964 2990 1003 962 2991 1005 964 2992 1006 965 2993 1007 966 2994 1008 967 2995 1009 968 2996 1007 966 2997 1009 968 2998 1010 969 2999 1004 963 3000 1011 970 3001 1012 971 3002 1004 963 3003 1012 971 3004 1005 964 3005 1013 972 3006 1007 966 3007 1010 969 3008 1013 972 3009 1010 969 3010 1014 973 3011 1011 970 3012 1015 974 3013 1016 975 3014 1011 970 3015 1016 975 3016 1012 971 3017 1017 976 3018 1018 977 3019 1019 978 3020 1017 976 3021 1019 978 3022 1020 979 3023 998 957 3024 1013 972 3025 1014 973 3026 998 957 3027 1014 973 3028 999 958 3029 496 457 3030 657 618 3031 1021 980 3032 496 457 3033 1021 980 3034 483 444 3035 928 887 3036 948 907 3037 1022 981 3038 928 887 3039 1022 981 3040 929 888 3041 660 621 3042 484 445 3043 483 444 3044 660 621 3045 483 444 3046 1023 982 3047 933 892 3048 930 889 3049 931 890 3050 933 892 3051 931 890 3052 1024 983 3053 365 326 3054 368 329 3055 395 356 3056 365 326 3057 395 356 3058 394 355 3059 482 443 3060 481 442 3061 486 447 3062 482 443 3063 486 447 3064 485 446 3065 481 442 3066 496 457 3067 483 444 3068 481 442 3069 483 444 3070 486 447 3071 368 329 3072 482 443 3073 485 446 3074 368 329 3075 485 446 3076 395 356 3077 503 464 3078 440 401 3079 438 399 3080 503 464 3081 438 399 3082 498 459 3083 503 464 3084 498 459 3085 501 462 3086 503 464 3087 501 462 3088 504 465 3089 1025 984 3090 441 402 3091 1026 985 3092 1025 984 3093 1026 985 3094 1027 986 3095 665 626 3096 664 625 3097 1028 987 3098 665 626 3099 1028 987 3100 1029 988 3101 441 402 3102 713 674 3103 1030 989 3104 441 402 3105 1030 989 3106 1026 985 3107 719 680 3108 365 326 3109 394 355 3110 719 680 3111 394 355 3112 718 679 3113 1031 990 3114 1025 984 3115 1027 986 3116 1031 990 3117 1027 986 3118 1032 991 3119 438 399 3120 437 398 3121 499 460 3122 438 399 3123 499 460 3124 498 459 3125 619 580 3126 499 460 3127 437 398 3128 619 580 3129 437 398 3130 617 578 3131 617 578 3132 622 583 3133 723 684 3134 617 578 3135 723 684 3136 619 580 3137 664 625 3138 440 401 3139 503 464 3140 664 625 3141 503 464 3142 502 463 3143 419 380 3144 440 401 3145 664 625 3146 419 380 3147 664 625 3148 667 628 3149 420 381 3150 557 518 3151 556 517 3152 420 381 3153 556 517 3154 421 382 3155 556 517 3156 559 520 3157 465 426 3158 556 517 3159 465 426 3160 421 382 3161 417 378 3162 416 377 3163 563 524 3164 417 378 3165 563 524 3166 562 523 3167 608 569 3168 607 568 3169 613 574 3170 608 569 3171 613 574 3172 612 573 3173 459 420 3174 458 419 3175 565 526 3176 459 420 3177 565 526 3178 564 525 3179 624 585 3180 623 584 3181 627 588 3182 624 585 3183 627 588 3184 626 587 3185 667 628 3186 557 518 3187 420 381 3188 667 628 3189 420 381 3190 419 380 3191 497 458 3192 1033 992 3193 358 319 3194 497 458 3195 358 319 3196 357 318 3197 709 670 3198 358 319 3199 1033 992 3200 709 670 3201 1033 992 3202 1034 993 3203 1035 994 3204 1036 995 3205 397 358 3206 1035 994 3207 397 358 3208 670 631 3209 1036 995 3210 1037 996 3211 398 359 3212 1036 995 3213 398 359 3214 397 358 3215 1038 997 3216 1039 998 3217 370 331 3218 1038 997 3219 370 331 3220 369 330 3221 601 562 3222 370 331 3223 1039 998 3224 601 562 3225 1039 998 3226 1040 999 3227 628 589 3228 601 562 3229 1040 999 3230 628 589 3231 1040 999 3232 1041 1000 3233 359 320 3234 424 385 3235 423 384 3236 359 320 3237 423 384 3238 360 321 3239 423 384 3240 941 900 3241 947 906 3242 423 384 3243 947 906 3244 360 321 3245 959 918 3246 958 917 3247 956 915 3248 959 918 3249 956 915 3250 955 914 3251 940 899 3252 939 898 3253 944 903 3254 940 899 3255 944 903 3256 943 902 3257 938 897 3258 942 901 3259 944 903 3260 938 897 3261 944 903 3262 954 913 3263 938 897 3264 791 752 3265 790 751 3266 938 897 3267 790 751 3268 942 901 3269 791 752 3270 429 390 3271 554 515 3272 791 752 3273 554 515 3274 790 751 3275 428 389 3276 555 516 3277 554 515 3278 428 389 3279 554 515 3280 429 390 3281 751 712 3282 750 711 3283 748 709 3284 751 712 3285 748 709 3286 747 708 3287 690 651 3288 433 394 3289 553 514 3290 690 651 3291 553 514 3292 689 650 3293 551 512 3294 553 514 3295 433 394 3296 551 512 3297 433 394 3298 432 393 3299 432 393 3300 436 397 3301 552 513 3302 432 393 3303 552 513 3304 551 512 3305 581 542 3306 552 513 3307 436 397 3308 581 542 3309 436 397 3310 580 541 3311 643 604 3312 581 542 3313 580 541 3314 643 604 3315 580 541 3316 644 605 3317 575 536 3318 650 611 3319 1042 1001 3320 575 536 3321 1042 1001 3322 1043 1002 3323 391 352 3324 575 536 3325 1043 1002 3326 391 352 3327 1043 1002 3328 1044 1003 3329 392 353 3330 391 352 3331 1044 1003 3332 392 353 3333 1044 1003 3334 1045 1004 3335 414 375 3336 392 353 3337 1045 1004 3338 414 375 3339 1045 1004 3340 1046 1005 3341 698 659 3342 697 658 3343 1047 1006 3344 698 659 3345 1047 1006 3346 1048 1007 3347 1049 1008 3348 1050 1009 3349 445 406 3350 1049 1008 3351 445 406 3352 510 471 3353 446 407 3354 445 406 3355 1050 1009 3356 446 407 3357 1050 1009 3358 1051 1010 3359 1051 1010 3360 1052 1011 3361 427 388 3362 1051 1010 3363 427 388 3364 446 407 3365 1052 1011 3366 1053 1012 3367 428 389 3368 1052 1011 3369 428 389 3370 427 388 3371 1053 1012 3372 1054 1013 3373 555 516 3374 1053 1012 3375 555 516 3376 428 389 3377 353 314 3378 555 516 3379 1054 1013 3380 353 314 3381 1054 1013 3382 1055 1014 3383 1055 1014 3384 1056 1015 3385 354 315 3386 1055 1014 3387 354 315 3388 353 314 3389 837 796 3390 1002 961 3391 1057 1016 3392 837 796 3393 1057 1016 3394 1058 1017 3395 838 797 3396 837 796 3397 1058 1017 3398 838 797 3399 1058 1017 3400 1059 1018 3401 870 1019 3402 838 1019 3403 1059 1019 3404 870 1020 3405 1059 1020 3406 1060 1020 3407 1060 1021 3408 1061 1021 3409 809 1021 3410 1060 1022 3411 809 1022 3412 870 1022 3413 810 1023 3414 809 1023 3415 1061 1023 3416 810 1024 3417 1061 1024 3418 1062 1024 3419 1063 1025 3420 1064 1026 3421 994 953 3422 1063 1025 3423 994 953 3424 993 952 3425 361 322 3426 522 483 3427 1065 1027 3428 361 322 3429 1065 1027 3430 1066 1028 3431 1066 1028 3432 1067 1029 3433 362 323 3434 1066 1028 3435 362 323 3436 361 322 3437 1068 1030 3438 973 932 3439 972 931 3440 1068 1030 3441 972 931 3442 1069 1031 3443 895 854 3444 894 853 3445 1070 1032 3446 895 854 3447 1070 1032 3448 1071 1033 3449 1072 1034 3450 1073 1035 3451 680 641 3452 1072 1034 3453 680 641 3454 679 640 3455 590 551 3456 636 597 3457 776 737 3458 590 551 3459 776 737 3460 775 736 3461 591 552 3462 590 551 3463 775 736 3464 591 552 3465 775 736 3466 779 740 3467 681 642 3468 680 641 3469 1074 1036 3470 681 642 3471 1074 1036 3472 783 744 3473 783 744 3474 1074 1036 3475 1075 1037 3476 783 744 3477 1075 1037 3478 781 742 3479 781 742 3480 1075 1037 3481 591 552 3482 781 742 3483 591 552 3484 779 740 3485 1076 1038 3486 1077 1039 3487 1078 1040 3488 1076 1038 3489 1078 1040 3490 1079 1041 3491 1080 1042 3492 1076 1038 3493 1079 1041 3494 1080 1042 3495 1079 1041 3496 1081 1043 3497 1082 1044 3498 1080 1042 3499 1081 1043 3500 1082 1044 3501 1081 1043 3502 1083 1045 3503 1084 1046 3504 1082 1044 3505 1083 1045 3506 1084 1046 3507 1083 1045 3508 1085 1047 3509 1086 1048 3510 1084 1046 3511 1085 1047 3512 1086 1048 3513 1085 1047 3514 1087 1049 3515 1088 1050 3516 1086 1048 3517 1087 1049 3518 1088 1050 3519 1087 1049 3520 1089 1051 3521 1090 1052 3522 1088 1050 3523 1089 1051 3524 1090 1052 3525 1089 1051 3526 1091 1053 3527 1092 1054 3528 1090 1052 3529 1091 1053 3530 1092 1054 3531 1091 1053 3532 1093 1055 3533 1094 1056 3534 1092 1054 3535 1093 1055 3536 1094 1056 3537 1093 1055 3538 1095 1057 3539 1096 1058 3540 1094 1056 3541 1095 1057 3542 1096 1058 3543 1095 1057 3544 1097 1059 3545 1098 1060 3546 1096 1058 3547 1097 1059 3548 1098 1060 3549 1097 1059 3550 1099 1061 3551 1077 1039 3552 1098 1060 3553 1099 1061 3554 1077 1039 3555 1099 1061 3556 1078 1040 3557 1043 1002 3558 1042 1001 3559 726 687 3560 1043 1002 3561 726 687 3562 725 686 3563 1044 1003 3564 1043 1002 3565 725 686 3566 1044 1003 3567 725 686 3568 729 690 3569 1045 1004 3570 1044 1003 3571 729 690 3572 1045 1004 3573 729 690 3574 732 693 3575 1046 1005 3576 1045 1004 3577 732 693 3578 1046 1005 3579 732 693 3580 733 694 3581 1048 1007 3582 1047 1006 3583 736 697 3584 1048 1007 3585 736 697 3586 735 696 3587 741 702 3588 740 701 3589 1050 1009 3590 741 702 3591 1050 1009 3592 1049 1008 3593 1051 1010 3594 1050 1009 3595 740 701 3596 1051 1010 3597 740 701 3598 744 705 3599 744 705 3600 746 707 3601 1052 1011 3602 744 705 3603 1052 1011 3604 1051 1010 3605 746 707 3606 748 709 3607 1053 1012 3608 746 707 3609 1053 1012 3610 1052 1011 3611 750 711 3612 1054 1013 3613 1053 1012 3614 750 711 3615 1053 1012 3616 748 709 3617 1055 1014 3618 1054 1013 3619 750 711 3620 1055 1014 3621 750 711 3622 749 710 3623 754 715 3624 1056 1015 3625 1055 1014 3626 754 715 3627 1055 1014 3628 749 710 3629 1058 1017 3630 1057 1016 3631 834 793 3632 1058 1017 3633 834 793 3634 1100 1062 3635 1059 1018 3636 1058 1017 3637 1100 1062 3638 1059 1018 3639 1100 1062 3640 1101 1063 3641 1060 1064 3642 1059 1064 3643 1101 1064 3644 1060 1065 3645 1101 1065 3646 914 1065 3647 914 1066 3648 917 1066 3649 1061 1066 3650 914 1067 3651 1061 1067 3652 1060 1067 3653 1062 1068 3654 1061 1068 3655 917 1068 3656 1062 1069 3657 917 1069 3658 916 1069 3659 1018 977 3660 1064 1026 3661 1063 1025 3662 1018 977 3663 1063 1025 3664 1019 978 3665 1066 1028 3666 1065 1027 3667 918 877 3668 1066 1028 3669 918 877 3670 919 878 3671 919 878 3672 920 879 3673 1067 1029 3674 919 878 3675 1067 1029 3676 1066 1028 3677 969 928 3678 1068 1030 3679 1069 1031 3680 969 928 3681 1069 1031 3682 970 929 3683 1071 1033 3684 1070 1032 3685 922 881 3686 1071 1033 3687 922 881 3688 921 880 3689 924 883 3690 923 882 3691 1073 1035 3692 924 883 3693 1073 1035 3694 1072 1034 3695 926 885 3696 925 884 3697 589 550 3698 926 885 3699 589 550 3700 588 549 3701 925 884 3702 927 886 3703 635 596 3704 925 884 3705 635 596 3706 589 550 3707 1075 1037 3708 1074 1036 3709 1102 1070 3710 1075 1037 3711 1102 1070 3712 1103 1071 3713 591 552 3714 1075 1037 3715 1103 1071 3716 591 552 3717 1103 1071 3718 1104 1072 3719 1074 1036 3720 680 641 3721 1105 1073 3722 1074 1036 3723 1105 1073 3724 1102 1070 3725 1106 1074 3726 1105 1073 3727 680 641 3728 1106 1074 3729 680 641 3730 1073 1035 3731 1073 1035 3732 923 882 3733 1107 1075 3734 1073 1035 3735 1107 1075 3736 1106 1074 3737 923 882 3738 762 723 3739 1108 1076 3740 923 882 3741 1108 1076 3742 1107 1075 3743 762 723 3744 767 728 3745 1109 1077 3746 762 723 3747 1109 1077 3748 1108 1076 3749 767 728 3750 766 727 3751 1110 1078 3752 767 728 3753 1110 1078 3754 1109 1077 3755 766 727 3756 770 731 3757 1111 1079 3758 766 727 3759 1111 1079 3760 1110 1078 3761 770 731 3762 926 885 3763 1112 1080 3764 770 731 3765 1112 1080 3766 1111 1079 3767 926 885 3768 588 549 3769 1113 1081 3770 926 885 3771 1113 1081 3772 1112 1080 3773 588 549 3774 591 552 3775 1104 1072 3776 588 549 3777 1104 1072 3778 1113 1081 3779 1114 1082 3780 1115 1083 3781 1116 1084 3782 1114 1082 3783 1116 1084 3784 1117 1085 3785 1118 1086 3786 1119 1087 3787 1120 1088 3788 1118 1086 3789 1120 1088 3790 1121 1089 3791 1122 1090 3792 1123 1091 3793 1124 1092 3794 1122 1090 3795 1124 1092 3796 1125 1093 3797 1126 1094 3798 1127 1095 3799 1128 1096 3800 1126 1094 3801 1128 1096 3802 1129 1097 3803 1130 1098 3804 1131 1099 3805 1132 1100 3806 1130 1098 3807 1132 1100 3808 1133 1101 3809 1134 1102 3810 1135 1103 3811 1136 1104 3812 1134 1102 3813 1136 1104 3814 1137 1105 3815 1138 1106 3816 1139 1107 3817 1140 1108 3818 1138 1106 3819 1140 1108 3820 1141 1109 3821 1142 1110 3822 1143 1111 3823 1144 1112 3824 1142 1110 3825 1144 1112 3826 1145 1113 3827 1146 1114 3828 1147 1115 3829 1148 1116 3830 1146 1114 3831 1148 1116 3832 1149 1117 3833 1150 1118 3834 1151 1119 3835 1152 1120 3836 1150 1118 3837 1152 1120 3838 1153 1121 3839 1154 1122 3840 1155 1123 3841 1156 1124 3842 1154 1122 3843 1156 1124 3844 1157 1125 3845 1158 1126 3846 1159 1127 3847 1160 1128 3848 1158 1126 3849 1160 1128 3850 1161 1129 3851 1162 1130 3852 1163 1131 3853 1164 1132 3854 1162 1130 3855 1164 1132 3856 1165 1133 3857 1166 1134 3858 1167 1135 3859 1168 1136 3860 1166 1134 3861 1168 1136 3862 1169 1137 3863 1143 1111 3864 1170 1138 3865 1171 1139 3866 1143 1111 3867 1171 1139 3868 1144 1112 3869 1149 1117 3870 1172 1140 3871 1173 1141 3872 1149 1117 3873 1173 1141 3874 1146 1114 3875 1174 1142 3876 1175 1143 3877 1151 1119 3878 1174 1142 3879 1151 1119 3880 1150 1118 3881 1176 1144 3882 1177 1145 3883 1178 1146 3884 1176 1144 3885 1178 1146 3886 1179 1147 3887 1178 1146 3888 1180 1148 3889 1181 1149 3890 1178 1146 3891 1181 1149 3892 1179 1147 3893 1182 1150 3894 1183 1151 3895 1184 1152 3896 1182 1150 3897 1184 1152 3898 1185 1153 3899 1186 1154 3900 1187 1155 3901 1188 1156 3902 1186 1154 3903 1188 1156 3904 1189 1157 3905 1190 1158 3906 1191 1159 3907 1192 1160 3908 1190 1158 3909 1192 1160 3910 1193 1161 3911 1192 1160 3912 1191 1159 3913 1194 1162 3914 1192 1160 3915 1194 1162 3916 1195 1163 3917 1196 1164 3918 1197 1165 3919 1198 1166 3920 1196 1164 3921 1198 1166 3922 1199 1167 3923 1200 1168 3924 1201 1169 3925 1202 1170 3926 1200 1168 3927 1202 1170 3928 1203 1171 3929 1204 1172 3930 1205 1173 3931 1206 1174 3932 1204 1172 3933 1206 1174 3934 1207 1175 3935 1208 1176 3936 1209 1177 3937 1210 1178 3938 1208 1176 3939 1210 1178 3940 1211 1179 3941 1212 1180 3942 1213 1181 3943 1214 1182 3944 1212 1180 3945 1214 1182 3946 1215 1183 3947 1216 1184 3948 1217 1185 3949 1218 1186 3950 1216 1184 3951 1218 1186 3952 1219 1187 3953 1220 1188 3954 1221 1189 3955 1222 1190 3956 1220 1188 3957 1222 1190 3958 1223 1191 3959 1224 1192 3960 1206 1174 3961 1205 1173 3962 1224 1192 3963 1205 1173 3964 1225 1193 3965 1226 1194 3966 1167 1135 3967 1166 1134 3968 1226 1194 3969 1166 1134 3970 1227 1195 3971 1140 1108 3972 1139 1107 3973 1228 1196 3974 1140 1108 3975 1228 1196 3976 1229 1197 3977 1218 1186 3978 1230 1198 3979 1231 1199 3980 1218 1186 3981 1231 1199 3982 1219 1187 3983 1232 1200 3984 1230 1198 3985 1218 1186 3986 1232 1200 3987 1218 1186 3988 1233 1201 3989 1223 1191 3990 1222 1190 3991 1156 1124 3992 1223 1191 3993 1156 1124 3994 1155 1123 3995 1127 1095 3996 1217 1185 3997 1216 1184 3998 1127 1095 3999 1216 1184 4000 1128 1096 4001 1214 1182 4002 1135 1103 4003 1134 1102 4004 1214 1182 4005 1134 1102 4006 1215 1183 4007 1163 1131 4008 1208 1176 4009 1211 1179 4010 1163 1131 4011 1211 1179 4012 1164 1132 4013 1207 1175 4014 1118 1086 4015 1234 1202 4016 1207 1175 4017 1234 1202 4018 1204 1172 4019 1235 1203 4020 1236 1204 4021 1237 1205 4022 1235 1203 4023 1237 1205 4024 1238 1206 4025 1239 1207 4026 1240 1208 4027 1236 1204 4028 1239 1207 4029 1236 1204 4030 1235 1203 4031 1123 1091 4032 1122 1090 4033 1241 1209 4034 1123 1091 4035 1241 1209 4036 1242 1210 4037 1243 1211 4038 1244 1212 4039 1245 1213 4040 1243 1211 4041 1245 1213 4042 1246 1214 4043 1247 1215 4044 1248 1216 4045 1249 1217 4046 1247 1215 4047 1249 1217 4048 1250 1218 4049 1251 1219 4050 1248 1216 4051 1247 1215 4052 1251 1219 4053 1247 1215 4054 1252 1220 4055 1253 1221 4056 1254 1222 4057 1251 1219 4058 1253 1221 4059 1251 1219 4060 1252 1220 4061 1255 1223 4062 1256 1224 4063 1257 1225 4064 1255 1223 4065 1257 1225 4066 1258 1226 4067 1259 1227 4068 1260 1228 4069 1261 1229 4070 1259 1227 4071 1261 1229 4072 1262 1230 4073 1230 1198 4074 1263 1231 4075 1264 1232 4076 1230 1198 4077 1264 1232 4078 1231 1199 4079 1265 1233 4080 1263 1231 4081 1230 1198 4082 1265 1233 4083 1230 1198 4084 1232 1200 4085 1187 1155 4086 1186 1154 4087 1266 1234 4088 1187 1155 4089 1266 1234 4090 1267 1235 4091 1268 1236 4092 1269 1237 4093 1270 1238 4094 1268 1236 4095 1270 1238 4096 1271 1239 4097 1272 1240 4098 1191 1159 4099 1190 1158 4100 1272 1240 4101 1190 1158 4102 1273 1241 4103 1194 1162 4104 1191 1159 4105 1272 1240 4106 1194 1162 4107 1272 1240 4108 1274 1242 4109 1275 1243 4110 1149 1117 4111 1148 1116 4112 1275 1243 4113 1148 1116 4114 1276 1244 4115 1172 1140 4116 1149 1117 4117 1275 1243 4118 1172 1140 4119 1275 1243 4120 1277 1245 4121 1115 1083 4122 1114 1082 4123 1278 1246 4124 1115 1083 4125 1278 1246 4126 1279 1247 4127 1160 1128 4128 1159 1127 4129 1280 1248 4130 1160 1128 4131 1280 1248 4132 1281 1249 4133 1282 1250 4134 1160 1128 4135 1281 1249 4136 1282 1250 4137 1281 1249 4138 1283 1251 4139 1284 1252 4140 1285 1253 4141 1286 1254 4142 1284 1252 4143 1286 1254 4144 1287 1255 4145 1288 1256 4146 1289 1257 4147 1290 1258 4148 1288 1256 4149 1290 1258 4150 1291 1259 4151 1292 1260 4152 1293 1261 4153 1294 1262 4154 1292 1260 4155 1294 1262 4156 1295 1263 4157 1296 1264 4158 1297 1265 4159 1298 1266 4160 1296 1264 4161 1298 1266 4162 1299 1267 4163 1178 1146 4164 1300 1268 4165 1301 1269 4166 1178 1146 4167 1301 1269 4168 1302 1270 4169 1180 1148 4170 1178 1146 4171 1302 1270 4172 1180 1148 4173 1302 1270 4174 1303 1271 4175 1183 1151 4176 1182 1150 4177 1304 1272 4178 1183 1151 4179 1304 1272 4180 1305 1273 4181 1267 1235 4182 1266 1234 4183 1306 1274 4184 1267 1235 4185 1306 1274 4186 1307 1275 4187 1308 1276 4188 1272 1240 4189 1273 1241 4190 1308 1276 4191 1273 1241 4192 1309 1277 4193 1274 1242 4194 1272 1240 4195 1308 1276 4196 1274 1242 4197 1308 1276 4198 1310 1278 4199 1129 1097 4200 1128 1096 4201 1311 1279 4202 1129 1097 4203 1311 1279 4204 1312 1280 4205 1216 1184 4206 1313 1281 4207 1311 1279 4208 1216 1184 4209 1311 1279 4210 1128 1096 4211 1219 1187 4212 1314 1282 4213 1313 1281 4214 1219 1187 4215 1313 1281 4216 1216 1184 4217 1231 1199 4218 1315 1283 4219 1314 1282 4220 1231 1199 4221 1314 1282 4222 1219 1187 4223 1264 1232 4224 1316 1284 4225 1315 1283 4226 1264 1232 4227 1315 1283 4228 1231 1199 4229 1153 1121 4230 1152 1120 4231 1317 1285 4232 1153 1121 4233 1317 1285 4234 1318 1286 4235 1195 1163 4236 1194 1162 4237 1319 1287 4238 1195 1163 4239 1319 1287 4240 1320 1288 4241 1321 1289 4242 1319 1287 4243 1194 1162 4244 1321 1289 4245 1194 1162 4246 1274 1242 4247 1322 1290 4248 1321 1289 4249 1274 1242 4250 1322 1290 4251 1274 1242 4252 1310 1278 4253 1148 1116 4254 1323 1291 4255 1324 1292 4256 1148 1116 4257 1324 1292 4258 1276 1244 4259 1147 1115 4260 1325 1293 4261 1323 1291 4262 1147 1115 4263 1323 1291 4264 1148 1116 4265 1237 1205 4266 1326 1294 4267 1327 1295 4268 1237 1205 4269 1327 1295 4270 1238 1206 4271 1328 1296 4272 1142 1110 4273 1145 1113 4274 1328 1296 4275 1145 1113 4276 1329 1297 4277 1330 1298 4278 1331 1299 4279 1332 1300 4280 1330 1298 4281 1332 1300 4282 1333 1301 4283 1140 1108 4284 1334 1302 4285 1335 1303 4286 1140 1108 4287 1335 1303 4288 1141 1109 4289 1336 1304 4290 1334 1302 4291 1140 1108 4292 1336 1304 4293 1140 1108 4294 1229 1197 4295 1337 1305 4296 1338 1306 4297 1212 1180 4298 1337 1305 4299 1212 1180 4300 1215 1183 4301 1339 1307 4302 1337 1305 4303 1215 1183 4304 1339 1307 4305 1215 1183 4306 1134 1102 4307 1340 1308 4308 1339 1307 4309 1134 1102 4310 1340 1308 4311 1134 1102 4312 1137 1105 4313 1341 1309 4314 1342 1310 4315 1260 1228 4316 1341 1309 4317 1260 1228 4318 1259 1227 4319 1132 1100 4320 1343 1311 4321 1344 1312 4322 1132 1100 4323 1344 1312 4324 1133 1101 4325 1345 1313 4326 1346 1314 4327 1347 1315 4328 1345 1313 4329 1347 1315 4330 1348 1316 4331 1349 1317 4332 1350 1318 4333 1351 1319 4334 1349 1317 4335 1351 1319 4336 1352 1320 4337 1353 1321 4338 1354 1322 4339 1355 1323 4340 1353 1321 4341 1355 1323 4342 1356 1324 4343 1357 1325 4344 1358 1326 4345 1203 1171 4346 1357 1325 4347 1203 1171 4348 1202 1170 4349 1359 1327 4350 1360 1328 4351 1177 1145 4352 1359 1327 4353 1177 1145 4354 1176 1144 4355 621 582 4356 1360 1328 4357 1359 1327 4358 621 582 4359 1359 1327 4360 622 583 4361 1360 1328 4362 621 582 4363 624 585 4364 1360 1328 4365 624 585 4366 1361 1329 4367 625 586 4368 1343 1311 4369 1362 1330 4370 625 586 4371 1362 1330 4372 626 587 4373 1343 1311 4374 625 586 4375 628 589 4376 1343 1311 4377 628 589 4378 1344 1312 4379 629 590 4380 1342 1310 4381 1341 1309 4382 629 590 4383 1341 1309 4384 630 591 4385 631 592 4386 632 593 4387 1339 1307 4388 631 592 4389 1339 1307 4390 1340 1308 4391 633 594 4392 1337 1305 4393 1339 1307 4394 633 594 4395 1339 1307 4396 632 593 4397 634 595 4398 1338 1306 4399 1337 1305 4400 634 595 4401 1337 1305 4402 633 594 4403 1333 1301 4404 1332 1300 4405 636 597 4406 1333 1301 4407 636 597 4408 635 596 4409 637 598 4410 1328 1296 4411 1329 1297 4412 637 598 4413 1329 1297 4414 638 599 4415 1326 1294 4416 640 601 4417 639 600 4418 1326 1294 4419 639 600 4420 1327 1295 4421 641 602 4422 1323 1291 4423 1325 1293 4424 641 602 4425 1325 1293 4426 642 603 4427 1323 1291 4428 641 602 4429 643 604 4430 1323 1291 4431 643 604 4432 1324 1292 4433 644 605 4434 645 606 4435 1321 1289 4436 644 605 4437 1321 1289 4438 1322 1290 4439 646 607 4440 1319 1287 4441 1321 1289 4442 646 607 4443 1321 1289 4444 645 606 4445 1319 1287 4446 646 607 4447 647 608 4448 1319 1287 4449 647 608 4450 1320 1288 4451 1318 1286 4452 1317 1285 4453 650 611 4454 1318 1286 4455 650 611 4456 649 610 4457 1315 1283 4458 1316 1284 4459 652 613 4460 1315 1283 4461 652 613 4462 651 612 4463 1314 1282 4464 1315 1283 4465 651 612 4466 1314 1282 4467 651 612 4468 653 614 4469 1313 1281 4470 1314 1282 4471 653 614 4472 1313 1281 4473 653 614 4474 654 615 4475 1311 1279 4476 1313 1281 4477 654 615 4478 1311 1279 4479 654 615 4480 655 616 4481 1312 1280 4482 1311 1279 4483 655 616 4484 1312 1280 4485 655 616 4486 656 617 4487 1363 1331 4488 1364 1332 4489 1232 1200 4490 1363 1331 4491 1232 1200 4492 1233 1201 4493 1365 1333 4494 1366 1334 4495 1223 1191 4496 1365 1333 4497 1223 1191 4498 1155 1123 4499 1367 1335 4500 1365 1333 4501 1155 1123 4502 1367 1335 4503 1155 1123 4504 1154 1122 4505 1368 1336 4506 1369 1337 4507 1370 1338 4508 1368 1336 4509 1370 1338 4510 1371 1339 4511 1372 1340 4512 1370 1338 4513 1369 1337 4514 1372 1340 4515 1369 1337 4516 1280 1248 4517 1159 1127 4518 1373 1341 4519 1372 1340 4520 1159 1127 4521 1372 1340 4522 1280 1248 4523 1374 1342 4524 1373 1341 4525 1159 1127 4526 1374 1342 4527 1159 1127 4528 1158 1126 4529 1256 1224 4530 1375 1343 4531 1376 1344 4532 1256 1224 4533 1376 1344 4534 1257 1225 4535 1377 1345 4536 1378 1346 4537 1251 1219 4538 1377 1345 4539 1251 1219 4540 1254 1222 4541 1379 1347 4542 1248 1216 4543 1251 1219 4544 1379 1347 4545 1251 1219 4546 1378 1346 4547 1227 1195 4548 1249 1217 4549 1248 1216 4550 1227 1195 4551 1248 1216 4552 1379 1347 4553 1380 1348 4554 1244 1212 4555 1243 1211 4556 1380 1348 4557 1243 1211 4558 1249 1217 4559 1244 1212 4560 1380 1348 4561 1381 1349 4562 1244 1212 4563 1381 1349 4564 1382 1350 4565 1383 1351 4566 1384 1352 4567 1385 1353 4568 1383 1351 4569 1385 1353 4570 1386 1354 4571 1170 1138 4572 1387 1355 4573 1388 1356 4574 1170 1138 4575 1388 1356 4576 1171 1139 4577 1389 1357 4578 1390 1358 4579 1240 1208 4580 1389 1357 4581 1240 1208 4582 1239 1207 4583 1172 1140 4584 1391 1359 4585 1392 1360 4586 1172 1140 4587 1392 1360 4588 1173 1141 4589 1393 1361 4590 1391 1359 4591 1172 1140 4592 1393 1361 4593 1172 1140 4594 1277 1245 4595 1309 1277 4596 1273 1241 4597 1394 1362 4598 1309 1277 4599 1394 1362 4600 1395 1363 4601 1190 1158 4602 1396 1364 4603 1394 1362 4604 1190 1158 4605 1394 1362 4606 1273 1241 4607 1396 1364 4608 1190 1158 4609 1193 1161 4610 1396 1364 4611 1193 1161 4612 1397 1365 4613 1398 1366 4614 1399 1367 4615 1400 1368 4616 1398 1366 4617 1400 1368 4618 1401 1369 4619 1364 1332 4620 1402 1370 4621 1265 1233 4622 1364 1332 4623 1265 1233 4624 1232 1200 4625 1403 1371 4626 700 661 4627 631 592 4628 1403 1371 4629 631 592 4630 1340 1308 4631 1404 1372 4632 1403 1371 4633 1340 1308 4634 1404 1372 4635 1340 1308 4636 1137 1105 4637 1136 1104 4638 1405 1373 4639 1404 1372 4640 1136 1104 4641 1404 1372 4642 1137 1105 4643 1406 1374 4644 1407 1375 4645 1162 1130 4646 1406 1374 4647 1162 1130 4648 1165 1133 4649 1408 1376 4650 1409 1377 4651 1377 1345 4652 1408 1376 4653 1377 1345 4654 1254 1222 4655 1408 1376 4656 1254 1222 4657 1253 1221 4658 1408 1376 4659 1253 1221 4660 1410 1378 4661 1120 1088 4662 1411 1379 4663 1412 1380 4664 1120 1088 4665 1412 1380 4666 1121 1089 4667 1411 1379 4668 1120 1088 4669 1304 1272 4670 1411 1379 4671 1304 1272 4672 1413 1381 4673 1304 1272 4674 1182 1150 4675 1414 1382 4676 1304 1272 4677 1414 1382 4678 1413 1381 4679 1414 1382 4680 1182 1150 4681 1185 1153 4682 1414 1382 4683 1185 1153 4684 1415 1383 4685 1416 1384 4686 1417 1385 4687 1367 1335 4688 1416 1384 4689 1367 1335 4690 1154 1122 4691 1418 1386 4692 1416 1384 4693 1154 1122 4694 1418 1386 4695 1154 1122 4696 1157 1125 4697 1419 1387 4698 1126 1094 4699 1129 1097 4700 1419 1387 4701 1129 1097 4702 1420 1388 4703 1421 1389 4704 1420 1388 4705 1129 1097 4706 1421 1389 4707 1129 1097 4708 1312 1280 4709 722 683 4710 1421 1389 4711 1312 1280 4712 722 683 4713 1312 1280 4714 656 617 4715 1422 1390 4716 1423 1391 4717 727 688 4718 1422 1390 4719 727 688 4720 726 687 4721 1424 1392 4722 1425 1393 4723 1423 1391 4724 1424 1392 4725 1423 1391 4726 1422 1390 4727 1424 1392 4728 1426 1394 4729 1427 1395 4730 1424 1392 4731 1427 1395 4732 1425 1393 4733 1428 1396 4734 1429 1397 4735 1427 1395 4736 1428 1396 4737 1427 1395 4738 1426 1394 4739 1430 1398 4740 1431 1399 4741 1432 1400 4742 1430 1398 4743 1432 1400 4744 1433 1401 4745 1434 1402 4746 1435 1403 4747 1436 1404 4748 1434 1402 4749 1436 1404 4750 1437 1405 4751 1438 1406 4752 1436 1404 4753 1435 1403 4754 1438 1406 4755 1435 1403 4756 1439 1407 4757 1440 1408 4758 1438 1406 4759 1439 1407 4760 1440 1408 4761 1439 1407 4762 1441 1409 4763 1442 1410 4764 1443 1411 4765 1444 1412 4766 1442 1410 4767 1444 1412 4768 1445 1413 4769 1443 1411 4770 1442 1410 4771 1446 1414 4772 1443 1411 4773 1446 1414 4774 1447 1415 4775 1448 1416 4776 1449 1417 4777 1450 1418 4778 1448 1416 4779 1450 1418 4780 1451 1419 4781 1452 1420 4782 1449 1417 4783 1448 1416 4784 1452 1420 4785 1448 1416 4786 1453 1421 4787 1454 1422 4788 1455 1423 4789 1456 1424 4790 1454 1422 4791 1456 1424 4792 1457 1425 4793 1458 1426 4794 1459 1427 4795 1460 1428 4796 1458 1426 4797 1460 1428 4798 1461 1429 4799 1458 1426 4800 1461 1429 4801 1462 1430 4802 1458 1426 4803 1462 1430 4804 1463 1431 4805 1464 1432 4806 1463 1431 4807 1462 1430 4808 1464 1432 4809 1462 1430 4810 1465 1433 4811 773 734 4812 1464 1432 4813 1465 1433 4814 773 734 4815 1465 1433 4816 774 735 4817 1466 1434 4818 1467 1435 4819 777 738 4820 1466 1434 4821 777 738 4822 776 737 4823 1468 1436 4824 1469 1437 4825 1467 1435 4826 1468 1436 4827 1467 1435 4828 1466 1434 4829 1470 1438 4830 1471 1439 4831 1469 1437 4832 1470 1438 4833 1469 1437 4834 1468 1436 4835 1472 1440 4836 1473 1441 4837 1471 1439 4838 1472 1440 4839 1471 1439 4840 1470 1438 4841 1384 1352 4842 1474 1442 4843 1475 1443 4844 1384 1352 4845 1475 1443 4846 1385 1353 4847 1124 1092 4848 1123 1091 4849 1476 1444 4850 1124 1092 4851 1476 1444 4852 1477 1445 4853 1476 1444 4854 1123 1091 4855 1242 1210 4856 1476 1444 4857 1242 1210 4858 1478 1446 4859 1115 1083 4860 1224 1192 4861 1225 1193 4862 1115 1083 4863 1225 1193 4864 1116 1084 4865 1479 1447 4866 1224 1192 4867 1115 1083 4868 1479 1447 4869 1115 1083 4870 1279 1247 4871 1306 1274 4872 1266 1234 4873 1269 1237 4874 1306 1274 4875 1269 1237 4876 1480 1448 4877 1186 1154 4878 1270 1238 4879 1269 1237 4880 1186 1154 4881 1269 1237 4882 1266 1234 4883 1270 1238 4884 1186 1154 4885 1189 1157 4886 1270 1238 4887 1189 1157 4888 1271 1239 4889 1265 1233 4890 1402 1370 4891 1398 1366 4892 1265 1233 4893 1398 1366 4894 1401 1369 4895 1263 1231 4896 1265 1233 4897 1174 1142 4898 1263 1231 4899 1174 1142 4900 1150 1118 4901 1263 1231 4902 1150 1118 4903 1153 1121 4904 1263 1231 4905 1153 1121 4906 1264 1232 4907 1316 1284 4908 1264 1232 4909 1153 1121 4910 1316 1284 4911 1153 1121 4912 1318 1286 4913 652 613 4914 1316 1284 4915 1318 1286 4916 652 613 4917 1318 1286 4918 649 610 4919 1341 1309 4920 1481 1449 4921 792 753 4922 1341 1309 4923 792 753 4924 630 591 4925 1259 1227 4926 1482 1450 4927 1481 1449 4928 1259 1227 4929 1481 1449 4930 1341 1309 4931 1259 1227 4932 1262 1230 4933 1483 1451 4934 1259 1227 4935 1483 1451 4936 1482 1450 4937 1257 1225 4938 1484 1452 4939 1485 1453 4940 1257 1225 4941 1485 1453 4942 1258 1226 4943 1376 1344 4944 1486 1454 4945 1484 1452 4946 1376 1344 4947 1484 1452 4948 1257 1225 4949 1487 1455 4950 1410 1378 4951 1253 1221 4952 1487 1455 4953 1253 1221 4954 1488 1456 4955 1252 1220 4956 1489 1457 4957 1488 1456 4958 1252 1220 4959 1488 1456 4960 1253 1221 4961 1489 1457 4962 1252 1220 4963 1247 1215 4964 1489 1457 4965 1247 1215 4966 1490 1458 4967 1490 1458 4968 1247 1215 4969 1250 1218 4970 1490 1458 4971 1250 1218 4972 1491 1459 4973 1245 1213 4974 1492 1460 4975 1493 1461 4976 1245 1213 4977 1493 1461 4978 1246 1214 4979 1494 1462 4980 1478 1446 4981 1242 1210 4982 1494 1462 4983 1242 1210 4984 1495 1463 4985 1496 1464 4986 1497 1464 4987 1498 1464 4988 1496 1465 4989 1498 1465 4990 1499 1465 4991 1450 1418 4992 1500 1466 4993 1501 1467 4994 1450 1418 4995 1501 1467 4996 1451 1419 4997 1502 1468 4998 1389 1357 4999 1239 1207 5000 1502 1468 5001 1239 1207 5002 1503 1469 5003 1235 1203 5004 1504 1470 5005 1503 1469 5006 1235 1203 5007 1503 1469 5008 1239 1207 5009 1504 1470 5010 1235 1203 5011 1238 1206 5012 1504 1470 5013 1238 1206 5014 1505 1471 5015 1327 1295 5016 1506 1472 5017 1505 1471 5018 1327 1295 5019 1505 1471 5020 1238 1206 5021 1506 1472 5022 1327 1295 5023 639 600 5024 1506 1472 5025 639 600 5026 819 778 5027 1507 1473 5028 1508 1474 5029 822 781 5030 1507 1473 5031 822 781 5032 821 780 5033 1508 1474 5034 1507 1473 5035 1509 1475 5036 1508 1474 5037 1509 1475 5038 1510 1476 5039 1509 1475 5040 1511 1477 5041 1512 1478 5042 1509 1475 5043 1512 1478 5044 1510 1476 5045 1512 1478 5046 1511 1477 5047 1513 1479 5048 1512 1478 5049 1513 1479 5050 1514 1480 5051 1515 1481 5052 1516 1482 5053 1514 1480 5054 1515 1481 5055 1514 1480 5056 1513 1479 5057 1517 1483 5058 1518 1484 5059 1519 1485 5060 1517 1483 5061 1519 1485 5062 1520 1486 5063 1521 1487 5064 1522 1488 5065 1523 1489 5066 1521 1487 5067 1523 1489 5068 1524 1490 5069 1525 1491 5070 1526 1492 5071 1527 1493 5072 1525 1491 5073 1527 1493 5074 1528 1494 5075 1526 1492 5076 1525 1491 5077 1529 1495 5078 1526 1492 5079 1529 1495 5080 1530 1496 5081 1531 1497 5082 1532 1498 5083 1530 1496 5084 1531 1497 5085 1530 1496 5086 1529 1495 5087 1533 1499 5088 1534 1500 5089 1532 1498 5090 1533 1499 5091 1532 1498 5092 1531 1497 5093 1534 1500 5094 1533 1499 5095 1535 1501 5096 1534 1500 5097 1535 1501 5098 1536 1502 5099 1537 1503 5100 1538 1504 5101 1536 1502 5102 1537 1503 5103 1536 1502 5104 1535 1501 5105 1539 1505 5106 1540 1506 5107 1541 1507 5108 1539 1505 5109 1541 1507 5110 1542 1508 5111 1543 1509 5112 1544 1510 5113 1542 1508 5114 1543 1509 5115 1542 1508 5116 1541 1507 5117 1545 1511 5118 1546 1512 5119 1547 1513 5120 1545 1511 5121 1547 1513 5122 1548 1514 5123 1549 1515 5124 1550 1516 5125 1548 1514 5126 1549 1515 5127 1548 1514 5128 1547 1513 5129 1550 1516 5130 1549 1515 5131 867 826 5132 1550 1516 5133 867 826 5134 866 825 5135 1508 1474 5136 1506 1472 5137 819 778 5138 1508 1474 5139 819 778 5140 822 781 5141 1505 1471 5142 1506 1472 5143 1508 1474 5144 1505 1471 5145 1508 1474 5146 1510 1476 5147 1510 1476 5148 1512 1478 5149 1504 1470 5150 1510 1476 5151 1504 1470 5152 1505 1471 5153 1503 1469 5154 1504 1470 5155 1512 1478 5156 1503 1469 5157 1512 1478 5158 1514 1480 5159 1516 1482 5160 1502 1468 5161 1503 1469 5162 1516 1482 5163 1503 1469 5164 1514 1480 5165 1551 1517 5166 1517 1483 5167 1520 1486 5168 1551 1517 5169 1520 1486 5170 1552 1518 5171 1522 1519 5172 1553 1519 5173 1554 1519 5174 1522 1520 5175 1554 1520 5176 1523 1520 5177 1526 1492 5178 1555 1521 5179 1556 1522 5180 1526 1492 5181 1556 1522 5182 1527 1493 5183 1557 1523 5184 1558 1524 5185 1530 1496 5186 1557 1523 5187 1530 1496 5188 1491 1459 5189 1532 1498 5190 1490 1458 5191 1491 1459 5192 1532 1498 5193 1491 1459 5194 1530 1496 5195 1534 1500 5196 1489 1457 5197 1490 1458 5198 1534 1500 5199 1490 1458 5200 1532 1498 5201 1488 1456 5202 1489 1457 5203 1534 1500 5204 1488 1456 5205 1534 1500 5206 1536 1502 5207 1538 1504 5208 1487 1455 5209 1488 1456 5210 1538 1504 5211 1488 1456 5212 1536 1502 5213 1486 1454 5214 1539 1505 5215 1542 1508 5216 1486 1454 5217 1542 1508 5218 1484 1452 5219 1544 1510 5220 1485 1453 5221 1484 1452 5222 1544 1510 5223 1484 1452 5224 1542 1508 5225 1483 1451 5226 1545 1511 5227 1548 1514 5228 1483 1451 5229 1548 1514 5230 1482 1450 5231 1550 1516 5232 1481 1449 5233 1482 1450 5234 1550 1516 5235 1482 1450 5236 1548 1514 5237 1481 1449 5238 1550 1516 5239 866 825 5240 1481 1449 5241 866 825 5242 792 753 5243 1559 1525 5244 1560 1526 5245 878 837 5246 1559 1525 5247 878 837 5248 877 836 5249 1561 1527 5250 1562 1528 5251 1560 1526 5252 1561 1527 5253 1560 1526 5254 1559 1525 5255 1561 1527 5256 1563 1529 5257 1564 1530 5258 1561 1527 5259 1564 1530 5260 1562 1528 5261 1565 1531 5262 1566 1532 5263 1564 1530 5264 1565 1531 5265 1564 1530 5266 1563 1529 5267 1567 1533 5268 1566 1532 5269 1565 1531 5270 1567 1533 5271 1565 1531 5272 1568 1534 5273 1569 1535 5274 1570 1536 5275 1571 1537 5276 1569 1535 5277 1571 1537 5278 1572 1538 5279 1573 1539 5280 1574 1540 5281 1575 1541 5282 1573 1539 5283 1575 1541 5284 1576 1542 5285 1577 1543 5286 1573 1539 5287 1576 1542 5288 1577 1543 5289 1576 1542 5290 1578 1544 5291 1579 1545 5292 1580 1546 5293 1581 1547 5294 1579 1545 5295 1581 1547 5296 1582 1548 5297 1583 1549 5298 1584 1550 5299 1585 1551 5300 1583 1549 5301 1585 1551 5302 1586 1552 5303 1584 1550 5304 1583 1549 5305 1587 1553 5306 1584 1550 5307 1587 1553 5308 1588 1554 5309 1589 1555 5310 1590 1556 5311 1588 1554 5312 1589 1555 5313 1588 1554 5314 1587 1553 5315 1591 1557 5316 1592 1558 5317 1590 1556 5318 1591 1557 5319 1590 1556 5320 1589 1555 5321 1459 1427 5322 1454 1422 5323 1457 1425 5324 1459 1427 5325 1457 1425 5326 1460 1428 5327 1475 1443 5328 1473 1441 5329 1472 1440 5330 1475 1443 5331 1472 1440 5332 1385 1353 5333 1586 1552 5334 1585 1551 5335 1579 1545 5336 1586 1552 5337 1579 1545 5338 1582 1548 5339 1380 1348 5340 1166 1134 5341 1169 1137 5342 1380 1348 5343 1169 1137 5344 1381 1349 5345 1166 1134 5346 1380 1348 5347 1249 1217 5348 1166 1134 5349 1249 1217 5350 1227 1195 5351 1249 1217 5352 1243 1211 5353 1246 1214 5354 1249 1217 5355 1246 1214 5356 1250 1218 5357 1492 1460 5358 1557 1523 5359 1491 1459 5360 1492 1460 5361 1491 1459 5362 1493 1461 5363 1491 1459 5364 1250 1218 5365 1246 1214 5366 1491 1459 5367 1246 1214 5368 1493 1461 5369 1593 1559 5370 1594 1560 5371 1494 1462 5372 1593 1559 5373 1494 1462 5374 1495 1463 5375 1595 1561 5376 1596 1561 5377 1597 1561 5378 1595 1562 5379 1597 1562 5380 1598 1562 5381 1554 1563 5382 1553 1563 5383 1496 1563 5384 1554 1564 5385 1496 1564 5386 1499 1564 5387 1599 1565 5388 1600 1566 5389 1448 1416 5390 1599 1565 5391 1448 1416 5392 1451 1419 5393 1453 1421 5394 1448 1416 5395 1600 1566 5396 1453 1421 5397 1600 1566 5398 1601 1567 5399 1602 1568 5400 1569 1535 5401 1572 1538 5402 1602 1568 5403 1572 1538 5404 1603 1569 5405 1456 1424 5406 1604 1570 5407 1605 1571 5408 1456 1424 5409 1605 1571 5410 1457 1425 5411 1462 1430 5412 1606 1572 5413 1607 1573 5414 1462 1430 5415 1607 1573 5416 1465 1433 5417 1465 1433 5418 1607 1573 5419 927 886 5420 1465 1433 5421 927 886 5422 774 735 5423 1608 1574 5424 1609 1575 5425 1269 1237 5426 1608 1574 5427 1269 1237 5428 1268 1236 5429 1610 1576 5430 1611 1577 5431 1612 1578 5432 1610 1576 5433 1612 1578 5434 1613 1579 5435 1183 1151 5436 1614 1580 5437 1615 1581 5438 1183 1151 5439 1615 1581 5440 1184 1152 5441 1616 1582 5442 1480 1448 5443 1269 1237 5444 1616 1582 5445 1269 1237 5446 1609 1575 5447 1611 1577 5448 1617 1583 5449 1618 1584 5450 1611 1577 5451 1618 1584 5452 1612 1578 5453 1183 1151 5454 1305 1273 5455 1619 1585 5456 1183 1151 5457 1619 1585 5458 1614 1580 5459 1620 1586 5460 1206 1174 5461 1224 1192 5462 1620 1586 5463 1224 1192 5464 1479 1447 5465 1621 1587 5466 1622 1588 5467 1623 1589 5468 1621 1587 5469 1623 1589 5470 1624 1590 5471 1119 1087 5472 1118 1086 5473 1207 1175 5474 1119 1087 5475 1207 1175 5476 1625 1591 5477 1626 1592 5478 1627 1593 5479 1609 1575 5480 1626 1592 5481 1609 1575 5482 1608 1574 5483 1628 1594 5484 1629 1595 5485 1630 1596 5486 1628 1594 5487 1630 1596 5488 1631 1597 5489 1631 1597 5490 1630 1596 5491 1632 1598 5492 1631 1597 5493 1632 1598 5494 1633 1599 5495 1627 1593 5496 1634 1600 5497 1616 1582 5498 1627 1593 5499 1616 1582 5500 1609 1575 5501 1624 1590 5502 1623 1589 5503 1206 1174 5504 1624 1590 5505 1206 1174 5506 1620 1586 5507 1206 1174 5508 1623 1589 5509 1622 1588 5510 1206 1174 5511 1622 1588 5512 1207 1175 5513 1635 1601 5514 1636 1602 5515 1637 1603 5516 1635 1601 5517 1637 1603 5518 1638 1604 5519 1639 1605 5520 1640 1606 5521 1567 1533 5522 1639 1605 5523 1567 1533 5524 1568 1534 5525 1387 1355 5526 1641 1607 5527 1642 1608 5528 1387 1355 5529 1642 1608 5530 1388 1356 5531 1643 1609 5532 1644 1610 5533 1645 1611 5534 1643 1609 5535 1645 1611 5536 1646 1612 5537 1647 1613 5538 1643 1609 5539 1646 1612 5540 1647 1613 5541 1646 1612 5542 1648 1614 5543 1649 1615 5544 1650 1616 5545 1651 1617 5546 1649 1615 5547 1651 1617 5548 1652 1618 5549 1653 1619 5550 1651 1617 5551 1650 1616 5552 1653 1619 5553 1650 1616 5554 1654 1620 5555 1655 1621 5556 1656 1622 5557 1657 1623 5558 1655 1621 5559 1657 1623 5560 1658 1624 5561 1656 1622 5562 1659 1625 5563 1660 1626 5564 1656 1622 5565 1660 1626 5566 1657 1623 5567 1659 1625 5568 1661 1627 5569 1662 1628 5570 1659 1625 5571 1662 1628 5572 1660 1626 5573 1663 1629 5574 1664 1630 5575 1665 1631 5576 1663 1629 5577 1665 1631 5578 1666 1632 5579 1666 1632 5580 1667 1633 5581 1668 1634 5582 1666 1632 5583 1668 1634 5584 1663 1629 5585 1240 1208 5586 1390 1358 5587 1669 1635 5588 1240 1208 5589 1669 1635 5590 1670 1636 5591 1671 1637 5592 1672 1638 5593 1673 1639 5594 1671 1637 5595 1673 1639 5596 1674 1640 5597 1675 1641 5598 1676 1642 5599 1677 1643 5600 1675 1641 5601 1677 1643 5602 1678 1644 5603 1679 1645 5604 1521 1487 5605 1524 1490 5606 1679 1645 5607 1524 1490 5608 1680 1646 5609 1681 1647 5610 1682 1648 5611 1683 1649 5612 1681 1647 5613 1683 1649 5614 1684 1650 5615 1685 1651 5616 1686 1652 5617 1687 1653 5618 1685 1651 5619 1687 1653 5620 1688 1654 5621 1684 1650 5622 1683 1649 5623 1689 1655 5624 1684 1650 5625 1689 1655 5626 1690 1656 5627 1691 1657 5628 1692 1658 5629 1686 1652 5630 1691 1657 5631 1686 1652 5632 1685 1651 5633 1690 1656 5634 1689 1655 5635 1693 1659 5636 1690 1656 5637 1693 1659 5638 1694 1660 5639 1695 1661 5640 1696 1662 5641 1697 1663 5642 1695 1661 5643 1697 1663 5644 1698 1664 5645 1678 1644 5646 1677 1643 5647 1692 1658 5648 1678 1644 5649 1692 1658 5650 1691 1657 5651 1233 1201 5652 1220 1188 5653 1699 1665 5654 1233 1201 5655 1699 1665 5656 1363 1331 5657 1366 1334 5658 1700 1666 5659 1220 1188 5660 1366 1334 5661 1220 1188 5662 1223 1191 5663 1126 1094 5664 1157 1125 5665 1156 1124 5666 1126 1094 5667 1156 1124 5668 1127 1095 5669 1217 1185 5670 1222 1190 5671 1221 1189 5672 1217 1185 5673 1221 1189 5674 1218 1186 5675 1218 1186 5676 1221 1189 5677 1220 1188 5678 1218 1186 5679 1220 1188 5680 1233 1201 5681 1127 1095 5682 1156 1124 5683 1222 1190 5684 1127 1095 5685 1222 1190 5686 1217 1185 5687 1701 1667 5688 1702 1668 5689 1179 1147 5690 1701 1667 5691 1179 1147 5692 1181 1149 5693 1703 1669 5694 1704 1670 5695 1705 1671 5696 1703 1669 5697 1705 1671 5698 1185 1153 5699 1371 1339 5700 1706 1672 5701 1707 1673 5702 1371 1339 5703 1707 1673 5704 1368 1336 5705 1185 1153 5706 1705 1671 5707 1708 1674 5708 1185 1153 5709 1708 1674 5710 1415 1383 5711 1419 1387 5712 1418 1386 5713 1157 1125 5714 1419 1387 5715 1157 1125 5716 1126 1094 5717 1709 1675 5718 1710 1676 5719 1704 1670 5720 1709 1675 5721 1704 1670 5722 1703 1669 5723 1711 1677 5724 724 685 5725 723 684 5726 1711 1677 5727 723 684 5728 1712 1678 5729 1713 1679 5730 1711 1677 5731 1712 1678 5732 1713 1679 5733 1712 1678 5734 1714 1680 5735 1715 1681 5736 1713 1679 5737 1714 1680 5738 1715 1681 5739 1714 1680 5740 1702 1668 5741 1716 1682 5742 1715 1681 5743 1702 1668 5744 1716 1682 5745 1702 1668 5746 1701 1667 5747 1717 1683 5748 1716 1682 5749 1701 1667 5750 1717 1683 5751 1701 1667 5752 1718 1684 5753 1719 1685 5754 1717 1683 5755 1718 1684 5756 1719 1685 5757 1718 1684 5758 1720 1686 5759 1721 1687 5760 1722 1688 5761 1723 1689 5762 1721 1687 5763 1723 1689 5764 1724 1690 5765 1725 1691 5766 1721 1687 5767 1724 1690 5768 1725 1691 5769 1724 1690 5770 1726 1692 5771 1727 1693 5772 1725 1691 5773 1726 1692 5774 1727 1693 5775 1726 1692 5776 1610 1576 5777 1728 1694 5778 1727 1693 5779 1610 1576 5780 1728 1694 5781 1610 1576 5782 1613 1579 5783 1729 1695 5784 1730 1696 5785 1626 1592 5786 1729 1695 5787 1626 1592 5788 1608 1574 5789 1731 1697 5790 1729 1695 5791 1608 1574 5792 1731 1697 5793 1608 1574 5794 1268 1236 5795 1732 1698 5796 1731 1697 5797 1268 1236 5798 1732 1698 5799 1268 1236 5800 1271 1239 5801 1733 1699 5802 1732 1698 5803 1271 1239 5804 1733 1699 5805 1271 1239 5806 1189 1157 5807 1734 1700 5808 1733 1699 5809 1189 1157 5810 1734 1700 5811 1189 1157 5812 1188 1156 5813 1735 1701 5814 1736 1702 5815 1434 1402 5816 1735 1701 5817 1434 1402 5818 1437 1405 5819 1737 1703 5820 1738 1704 5821 1397 1365 5822 1737 1703 5823 1397 1365 5824 1193 1161 5825 1739 1705 5826 1737 1703 5827 1193 1161 5828 1739 1705 5829 1193 1161 5830 1192 1160 5831 1740 1706 5832 1739 1705 5833 1192 1160 5834 1740 1706 5835 1192 1160 5836 1195 1163 5837 1741 1707 5838 1740 1706 5839 1195 1163 5840 1741 1707 5841 1195 1163 5842 1320 1288 5843 647 608 5844 648 609 5845 1741 1707 5846 647 608 5847 1741 1707 5848 1320 1288 5849 1179 1147 5850 1702 1668 5851 1714 1680 5852 1179 1147 5853 1714 1680 5854 1176 1144 5855 1712 1678 5856 1359 1327 5857 1176 1144 5858 1712 1678 5859 1176 1144 5860 1714 1680 5861 1359 1327 5862 1712 1678 5863 723 684 5864 1359 1327 5865 723 684 5866 622 583 5867 1368 1336 5868 1718 1684 5869 1701 1667 5870 1368 1336 5871 1701 1667 5872 1181 1149 5873 1180 1148 5874 1369 1337 5875 1368 1336 5876 1180 1148 5877 1368 1336 5878 1181 1149 5879 1280 1248 5880 1369 1337 5881 1180 1148 5882 1280 1248 5883 1180 1148 5884 1303 1271 5885 1303 1271 5886 1302 1270 5887 1281 1249 5888 1303 1271 5889 1281 1249 5890 1280 1248 5891 1281 1249 5892 1302 1270 5893 1301 1269 5894 1281 1249 5895 1301 1269 5896 1283 1251 5897 1299 1267 5898 1286 1254 5899 1285 1253 5900 1299 1267 5901 1285 1253 5902 1296 1264 5903 1352 1320 5904 1356 1324 5905 1355 1323 5906 1352 1320 5907 1355 1323 5908 1349 1317 5909 1294 1262 5910 1288 1256 5911 1291 1259 5912 1294 1262 5913 1291 1259 5914 1295 1263 5915 624 585 5916 626 587 5917 1362 1330 5918 624 585 5919 1362 1330 5920 1361 1329 5921 1742 1708 5922 1234 1202 5923 1118 1086 5924 1742 1708 5925 1118 1086 5926 1121 1089 5927 1412 1380 5928 1743 1709 5929 1742 1708 5930 1412 1380 5931 1742 1708 5932 1121 1089 5933 1744 1710 5934 1745 1711 5935 1374 1342 5936 1744 1710 5937 1374 1342 5938 1158 1126 5939 1746 1712 5940 1744 1710 5941 1158 1126 5942 1746 1712 5943 1158 1126 5944 1161 1129 5945 1747 1713 5946 1748 1714 5947 1130 1098 5948 1747 1713 5949 1130 1098 5950 1133 1101 5951 1344 1312 5952 1749 1715 5953 1747 1713 5954 1344 1312 5955 1747 1713 5956 1133 1101 5957 628 589 5958 1041 1000 5959 1749 1715 5960 628 589 5961 1749 1715 5962 1344 1312 5963 1120 1088 5964 1119 1087 5965 1305 1273 5966 1120 1088 5967 1305 1273 5968 1304 1272 5969 1305 1273 5970 1119 1087 5971 1625 1591 5972 1305 1273 5973 1625 1591 5974 1619 1585 5975 1637 1603 5976 1633 1599 5977 1632 1598 5978 1637 1603 5979 1632 1598 5980 1638 1604 5981 1617 1583 5982 1621 1587 5983 1624 1590 5984 1617 1583 5985 1624 1590 5986 1618 1584 5987 1616 1582 5988 1634 1600 5989 1624 1590 5990 1616 1582 5991 1624 1590 5992 1620 1586 5993 1616 1582 5994 1620 1586 5995 1479 1447 5996 1616 1582 5997 1479 1447 5998 1480 1448 5999 1480 1448 6000 1479 1447 6001 1279 1247 6002 1480 1448 6003 1279 1247 6004 1306 1274 6005 1307 1275 6006 1306 1274 6007 1279 1247 6008 1307 1275 6009 1279 1247 6010 1278 1246 6011 1444 1412 6012 1440 1408 6013 1441 1409 6014 1444 1412 6015 1441 1409 6016 1445 1413 6017 1395 1363 6018 1393 1361 6019 1277 1245 6020 1395 1363 6021 1277 1245 6022 1309 1277 6023 1275 1243 6024 1308 1276 6025 1309 1277 6026 1275 1243 6027 1309 1277 6028 1277 1245 6029 1308 1276 6030 1275 1243 6031 1276 1244 6032 1308 1276 6033 1276 1244 6034 1310 1278 6035 1324 1292 6036 1322 1290 6037 1310 1278 6038 1324 1292 6039 1310 1278 6040 1276 1244 6041 643 604 6042 644 605 6043 1322 1290 6044 643 604 6045 1322 1290 6046 1324 1292 6047 1317 1285 6048 1750 1716 6049 1042 1001 6050 1317 1285 6051 1042 1001 6052 650 611 6053 1152 1120 6054 1751 1717 6055 1750 1716 6056 1152 1120 6057 1750 1716 6058 1317 1285 6059 1151 1119 6060 1752 1718 6061 1751 1717 6062 1151 1119 6063 1751 1717 6064 1152 1120 6065 1175 1143 6066 1753 1719 6067 1752 1718 6068 1175 1143 6069 1752 1718 6070 1151 1119 6071 1399 1367 6072 1754 1720 6073 1755 1721 6074 1399 1367 6075 1755 1721 6076 1400 1368 6077 1756 1722 6078 1734 1700 6079 1188 1156 6080 1756 1722 6081 1188 1156 6082 1757 1723 6083 1187 1155 6084 1758 1724 6085 1757 1723 6086 1187 1155 6087 1757 1723 6088 1188 1156 6089 1758 1724 6090 1187 1155 6091 1267 1235 6092 1758 1724 6093 1267 1235 6094 1759 1725 6095 1759 1725 6096 1267 1235 6097 1307 1275 6098 1759 1725 6099 1307 1275 6100 1760 1726 6101 1760 1726 6102 1307 1275 6103 1278 1246 6104 1760 1726 6105 1278 1246 6106 1761 1727 6107 1114 1082 6108 1762 1728 6109 1761 1727 6110 1114 1082 6111 1761 1727 6112 1278 1246 6113 1762 1728 6114 1114 1082 6115 1117 1085 6116 1762 1728 6117 1117 1085 6118 1763 1729 6119 1524 1490 6120 1764 1730 6121 1765 1731 6122 1524 1490 6123 1765 1731 6124 1680 1646 6125 1523 1489 6126 1766 1732 6127 1764 1730 6128 1523 1489 6129 1764 1730 6130 1524 1490 6131 1554 1733 6132 1767 1733 6133 1766 1733 6134 1554 1734 6135 1766 1734 6136 1523 1734 6137 1767 1735 6138 1554 1735 6139 1499 1735 6140 1767 1736 6141 1499 1736 6142 1768 1736 6143 1498 1737 6144 1769 1737 6145 1768 1737 6146 1498 1738 6147 1768 1738 6148 1499 1738 6149 1770 1739 6150 1671 1637 6151 1674 1640 6152 1770 1739 6153 1674 1640 6154 1771 1740 6155 1122 1090 6156 1772 1741 6157 1773 1742 6158 1122 1090 6159 1773 1742 6160 1241 1209 6161 1772 1741 6162 1122 1090 6163 1125 1093 6164 1772 1741 6165 1125 1093 6166 1774 1743 6167 1652 1618 6168 1775 1744 6169 1776 1745 6170 1652 1618 6171 1776 1745 6172 1649 1615 6173 1574 1540 6174 1777 1746 6175 1778 1747 6176 1574 1540 6177 1778 1747 6178 1575 1541 6179 1779 1748 6180 1383 1351 6181 1386 1354 6182 1779 1748 6183 1386 1354 6184 1780 1749 6185 1332 1300 6186 1466 1434 6187 776 737 6188 1332 1300 6189 776 737 6190 636 597 6191 1331 1299 6192 1468 1436 6193 1466 1434 6194 1331 1299 6195 1466 1434 6196 1332 1300 6197 1385 1353 6198 1472 1440 6199 1781 1750 6200 1385 1353 6201 1781 1750 6202 1386 1354 6203 1472 1440 6204 1470 1438 6205 1782 1751 6206 1472 1440 6207 1782 1751 6208 1781 1750 6209 1470 1438 6210 1468 1436 6211 1331 1299 6212 1470 1438 6213 1331 1299 6214 1782 1751 6215 1783 1752 6216 1784 1753 6217 1785 1754 6218 1783 1752 6219 1785 1754 6220 1786 1755 6221 1787 1756 6222 1788 1757 6223 1784 1753 6224 1787 1756 6225 1784 1753 6226 1783 1752 6227 1789 1758 6228 1790 1759 6229 1788 1757 6230 1789 1758 6231 1788 1757 6232 1787 1756 6233 1791 1760 6234 1792 1761 6235 1790 1759 6236 1791 1760 6237 1790 1759 6238 1789 1758 6239 1793 1762 6240 1794 1763 6241 1792 1761 6242 1793 1762 6243 1792 1761 6244 1791 1760 6245 1795 1764 6246 1796 1765 6247 1794 1763 6248 1795 1764 6249 1794 1763 6250 1793 1762 6251 1797 1766 6252 1798 1767 6253 1796 1765 6254 1797 1766 6255 1796 1765 6256 1795 1764 6257 1799 1768 6258 1800 1769 6259 1798 1767 6260 1799 1768 6261 1798 1767 6262 1797 1766 6263 1801 1770 6264 1802 1771 6265 1800 1769 6266 1801 1770 6267 1800 1769 6268 1799 1768 6269 1803 1772 6270 1804 1773 6271 1802 1771 6272 1803 1772 6273 1802 1771 6274 1801 1770 6275 1805 1774 6276 1806 1775 6277 1804 1773 6278 1805 1774 6279 1804 1773 6280 1803 1772 6281 1786 1755 6282 1785 1754 6283 1806 1775 6284 1786 1755 6285 1806 1775 6286 1805 1774 6287 1750 1716 6288 1422 1390 6289 726 687 6290 1750 1716 6291 726 687 6292 1042 1001 6293 1751 1717 6294 1424 1392 6295 1422 1390 6296 1751 1717 6297 1422 1390 6298 1750 1716 6299 1752 1718 6300 1426 1394 6301 1424 1392 6302 1752 1718 6303 1424 1392 6304 1751 1717 6305 1753 1719 6306 1428 1396 6307 1426 1394 6308 1753 1719 6309 1426 1394 6310 1752 1718 6311 1754 1720 6312 1430 1398 6313 1433 1401 6314 1754 1720 6315 1433 1401 6316 1755 1721 6317 1434 1402 6318 1736 1702 6319 1756 1722 6320 1434 1402 6321 1756 1722 6322 1757 1723 6323 1758 1724 6324 1435 1403 6325 1434 1402 6326 1758 1724 6327 1434 1402 6328 1757 1723 6329 1435 1403 6330 1758 1724 6331 1759 1725 6332 1435 1403 6333 1759 1725 6334 1439 1407 6335 1441 1409 6336 1439 1407 6337 1759 1725 6338 1441 1409 6339 1759 1725 6340 1760 1726 6341 1445 1413 6342 1441 1409 6343 1760 1726 6344 1445 1413 6345 1760 1726 6346 1761 1727 6347 1762 1728 6348 1442 1410 6349 1445 1413 6350 1762 1728 6351 1445 1413 6352 1761 1727 6353 1763 1729 6354 1446 1414 6355 1442 1410 6356 1763 1729 6357 1442 1410 6358 1762 1728 6359 1764 1730 6360 1807 1776 6361 1519 1485 6362 1764 1730 6363 1519 1485 6364 1765 1731 6365 1766 1732 6366 1808 1777 6367 1807 1776 6368 1766 1732 6369 1807 1776 6370 1764 1730 6371 1767 1778 6372 1595 1778 6373 1808 1778 6374 1767 1779 6375 1808 1779 6376 1766 1779 6377 1595 1780 6378 1767 1780 6379 1768 1780 6380 1595 1781 6381 1768 1781 6382 1596 1781 6383 1769 1782 6384 1597 1782 6385 1596 1782 6386 1769 1783 6387 1596 1783 6388 1768 1783 6389 1698 1664 6390 1697 1663 6391 1770 1739 6392 1698 1664 6393 1770 1739 6394 1771 1740 6395 1772 1741 6396 1600 1566 6397 1599 1565 6398 1772 1741 6399 1599 1565 6400 1773 1742 6401 1600 1566 6402 1772 1741 6403 1774 1743 6404 1600 1566 6405 1774 1743 6406 1601 1567 6407 1775 1744 6408 1647 1613 6409 1648 1614 6410 1775 1744 6411 1648 1614 6412 1776 1745 6413 1777 1746 6414 1602 1568 6415 1603 1569 6416 1777 1746 6417 1603 1569 6418 1778 1747 6419 1604 1570 6420 1779 1748 6421 1780 1749 6422 1604 1570 6423 1780 1749 6424 1605 1571 6425 1606 1572 6426 1330 1298 6427 1333 1301 6428 1606 1572 6429 1333 1301 6430 1607 1573 6431 1607 1573 6432 1333 1301 6433 635 596 6434 1607 1573 6435 635 596 6436 927 886 6437 1782 1751 6438 1809 1784 6439 1810 1785 6440 1782 1751 6441 1810 1785 6442 1781 1750 6443 1331 1299 6444 1811 1786 6445 1809 1784 6446 1331 1299 6447 1809 1784 6448 1782 1751 6449 1781 1750 6450 1810 1785 6451 1812 1787 6452 1781 1750 6453 1812 1787 6454 1386 1354 6455 1813 1788 6456 1780 1749 6457 1386 1354 6458 1813 1788 6459 1386 1354 6460 1812 1787 6461 1780 1749 6462 1813 1788 6463 1814 1789 6464 1780 1749 6465 1814 1789 6466 1605 1571 6467 1605 1571 6468 1814 1789 6469 1815 1790 6470 1605 1571 6471 1815 1790 6472 1457 1425 6473 1457 1425 6474 1815 1790 6475 1816 1791 6476 1457 1425 6477 1816 1791 6478 1460 1428 6479 1460 1428 6480 1816 1791 6481 1817 1792 6482 1460 1428 6483 1817 1792 6484 1461 1429 6485 1461 1429 6486 1817 1792 6487 1818 1793 6488 1461 1429 6489 1818 1793 6490 1462 1430 6491 1462 1430 6492 1818 1793 6493 1819 1794 6494 1462 1430 6495 1819 1794 6496 1606 1572 6497 1606 1572 6498 1819 1794 6499 1820 1795 6500 1606 1572 6501 1820 1795 6502 1330 1298 6503 1330 1298 6504 1820 1795 6505 1811 1786 6506 1330 1298 6507 1811 1786 6508 1331 1299 6509 1821 1796 6510 1822 1797 6511 1823 1798 6512 1821 1796 6513 1823 1798 6514 1824 1799 6515 1825 1800 6516 1821 1796 6517 1824 1799 6518 1825 1800 6519 1824 1799 6520 1826 1801 6521 1827 1802 6522 1825 1800 6523 1826 1801 6524 1827 1802 6525 1826 1801 6526 1828 1803 6527 1828 1803 6528 1829 1804 6529 1830 1805 6530 1828 1803 6531 1830 1805 6532 1827 1802 6533 1831 1806 6534 1832 1807 6535 1833 1808 6536 1831 1806 6537 1833 1808 6538 1834 1809 6539 1832 1807 6540 1835 1810 6541 1836 1811 6542 1832 1807 6543 1836 1811 6544 1833 1808 6545 1837 1812 6546 1838 1813 6547 1839 1814 6548 1837 1812 6549 1839 1814 6550 1840 1815 6551 1840 1815 6552 1841 1816 6553 1842 1817 6554 1840 1815 6555 1842 1817 6556 1837 1812 6557 1843 1818 6558 1842 1817 6559 1841 1816 6560 1843 1818 6561 1841 1816 6562 1844 1819 6563 1844 1819 6564 1845 1820 6565 1846 1821 6566 1844 1819 6567 1846 1821 6568 1843 1818 6569 1847 1822 6570 1846 1821 6571 1845 1820 6572 1847 1822 6573 1845 1820 6574 1848 1823 6575 1849 1824 6576 1847 1822 6577 1848 1823 6578 1849 1824 6579 1848 1823 6580 1850 1825 6581 1851 1826 6582 1849 1824 6583 1850 1825 6584 1851 1826 6585 1850 1825 6586 1852 1827 6587 1853 1828 6588 1851 1826 6589 1852 1827 6590 1853 1828 6591 1852 1827 6592 1854 1829 6593 1854 1829 6594 1855 1830 6595 1856 1831 6596 1854 1829 6597 1856 1831 6598 1853 1828 6599 1857 1832 6600 1856 1831 6601 1855 1830 6602 1857 1832 6603 1855 1830 6604 1858 1833 6605 1859 1834 6606 1860 1835 6607 1861 1836 6608 1859 1834 6609 1861 1836 6610 1862 1837 6611 1863 1838 6612 1859 1834 6613 1862 1837 6614 1863 1838 6615 1862 1837 6616 1864 1839 6617 1864 1839 6618 1865 1840 6619 1866 1841 6620 1864 1839 6621 1866 1841 6622 1863 1838 6623 1865 1840 6624 1867 1842 6625 1868 1843 6626 1865 1840 6627 1868 1843 6628 1866 1841 6629 1869 1844 6630 1870 1845 6631 1871 1846 6632 1869 1844 6633 1871 1846 6634 1872 1847 6635 1870 1845 6636 1873 1848 6637 1874 1849 6638 1870 1845 6639 1874 1849 6640 1871 1846 6641 1875 1850 6642 1874 1849 6643 1873 1848 6644 1875 1850 6645 1873 1848 6646 1876 1851 6647 1877 1852 6648 1875 1850 6649 1876 1851 6650 1877 1852 6651 1876 1851 6652 1878 1853 6653 1879 1854 6654 1880 1855 6655 1881 1856 6656 1879 1854 6657 1881 1856 6658 1882 1857 6659 1882 1857 6660 1883 1858 6661 1884 1859 6662 1882 1857 6663 1884 1859 6664 1879 1854 6665 1885 1860 6666 1884 1859 6667 1883 1858 6668 1885 1860 6669 1883 1858 6670 1886 1861 6671 1887 1862 6672 1885 1860 6673 1886 1861 6674 1887 1862 6675 1886 1861 6676 1888 1863 6677 1889 1864 6678 1887 1862 6679 1888 1863 6680 1889 1864 6681 1888 1863 6682 1890 1865 6683 1891 1866 6684 1889 1864 6685 1890 1865 6686 1891 1866 6687 1890 1865 6688 1892 1867 6689 1892 1867 6690 1893 1868 6691 1894 1869 6692 1892 1867 6693 1894 1869 6694 1891 1866 6695 1895 1870 6696 1894 1869 6697 1893 1868 6698 1895 1870 6699 1893 1868 6700 1896 1871 6701 1896 1871 6702 1897 1872 6703 1898 1873 6704 1896 1871 6705 1898 1873 6706 1895 1870 6707 1899 1874 6708 1898 1873 6709 1897 1872 6710 1899 1874 6711 1897 1872 6712 1900 1875 6713 1901 1876 6714 1902 1877 6715 1903 1878 6716 1901 1876 6717 1903 1878 6718 1904 1879 6719 1902 1877 6720 1905 1880 6721 1906 1881 6722 1902 1877 6723 1906 1881 6724 1903 1878 6725 1907 1882 6726 1908 1883 6727 1909 1884 6728 1907 1882 6729 1909 1884 6730 1910 1885 6731 1822 1797 6732 1909 1884 6733 1908 1883 6734 1822 1797 6735 1908 1883 6736 1823 1798 6737 1824 1799 6738 1823 1798 6739 864 823 6740 1824 1799 6741 864 823 6742 867 826 6743 1826 1801 6744 1824 1799 6745 867 826 6746 1826 1801 6747 867 826 6748 1549 1515 6749 1828 1803 6750 1826 1801 6751 1549 1515 6752 1828 1803 6753 1549 1515 6754 1547 1513 6755 1546 1512 6756 1829 1804 6757 1828 1803 6758 1546 1512 6759 1828 1803 6760 1547 1513 6761 1541 1507 6762 1832 1807 6763 1831 1806 6764 1541 1507 6765 1831 1806 6766 1543 1509 6767 1540 1506 6768 1835 1810 6769 1832 1807 6770 1540 1506 6771 1832 1807 6772 1541 1507 6773 1840 1815 6774 1839 1814 6775 1537 1503 6776 1840 1815 6777 1537 1503 6778 1535 1501 6779 1533 1499 6780 1841 1816 6781 1840 1815 6782 1533 1499 6783 1840 1815 6784 1535 1501 6785 1844 1819 6786 1841 1816 6787 1533 1499 6788 1844 1819 6789 1533 1499 6790 1531 1497 6791 1529 1495 6792 1845 1820 6793 1844 1819 6794 1529 1495 6795 1844 1819 6796 1531 1497 6797 1848 1823 6798 1845 1820 6799 1529 1495 6800 1848 1823 6801 1529 1495 6802 1525 1491 6803 1850 1825 6804 1848 1823 6805 1525 1491 6806 1850 1825 6807 1525 1491 6808 1679 1645 6809 1852 1827 6810 1850 1825 6811 1679 1645 6812 1852 1827 6813 1679 1645 6814 1680 1646 6815 1854 1829 6816 1852 1827 6817 1680 1646 6818 1854 1829 6819 1680 1646 6820 1765 1731 6821 1519 1485 6822 1855 1830 6823 1854 1829 6824 1519 1485 6825 1854 1829 6826 1765 1731 6827 1858 1833 6828 1855 1830 6829 1519 1485 6830 1858 1833 6831 1519 1485 6832 1518 1484 6833 1862 1837 6834 1861 1836 6835 1515 1481 6836 1862 1837 6837 1515 1481 6838 1513 1479 6839 1864 1839 6840 1862 1837 6841 1513 1479 6842 1864 1839 6843 1513 1479 6844 1511 1477 6845 1509 1475 6846 1865 1840 6847 1864 1839 6848 1509 1475 6849 1864 1839 6850 1511 1477 6851 1507 1473 6852 1867 1842 6853 1865 1840 6854 1507 1473 6855 1865 1840 6856 1509 1475 6857 1911 1886 6858 1867 1842 6859 1507 1473 6860 1911 1886 6861 1507 1473 6862 821 780 6863 1869 1844 6864 1911 1886 6865 821 780 6866 1869 1844 6867 821 780 6868 820 779 6869 820 779 6870 825 784 6871 1870 1845 6872 820 779 6873 1870 1845 6874 1869 1844 6875 825 784 6876 827 786 6877 1873 1848 6878 825 784 6879 1873 1848 6880 1870 1845 6881 1876 1851 6882 1873 1848 6883 827 786 6884 1876 1851 6885 827 786 6886 829 788 6887 1878 1853 6888 1876 1851 6889 829 788 6890 1878 1853 6891 829 788 6892 830 789 6893 1882 1857 6894 1881 1856 6895 835 794 6896 1882 1857 6897 835 794 6898 834 793 6899 834 793 6900 1057 1016 6901 1883 1858 6902 834 793 6903 1883 1858 6904 1882 1857 6905 1886 1861 6906 1883 1858 6907 1057 1016 6908 1886 1861 6909 1057 1016 6910 1002 961 6911 1888 1863 6912 1886 1861 6913 1002 961 6914 1888 1863 6915 1002 961 6916 1001 960 6917 1890 1865 6918 1888 1863 6919 1001 960 6920 1890 1865 6921 1001 960 6922 1912 1887 6923 1892 1867 6924 1890 1865 6925 1912 1887 6926 1892 1867 6927 1912 1887 6928 845 804 6929 845 804 6930 846 805 6931 1893 1868 6932 845 804 6933 1893 1868 6934 1892 1867 6935 1896 1871 6936 1893 1868 6937 846 805 6938 1896 1871 6939 846 805 6940 848 807 6941 848 807 6942 851 810 6943 1897 1872 6944 848 807 6945 1897 1872 6946 1896 1871 6947 1900 1875 6948 1897 1872 6949 851 810 6950 1900 1875 6951 851 810 6952 852 811 6953 857 816 6954 856 815 6955 1902 1877 6956 857 816 6957 1902 1877 6958 1901 1876 6959 856 815 6960 858 817 6961 1905 1880 6962 856 815 6963 1905 1880 6964 1902 1877 6965 863 822 6966 862 821 6967 1908 1883 6968 863 822 6969 1908 1883 6970 1907 1882 6971 1823 1798 6972 1908 1883 6973 862 821 6974 1823 1798 6975 862 821 6976 864 823 6977 1913 1888 6978 1914 1889 6979 1915 1890 6980 1913 1888 6981 1915 1890 6982 1916 1891 6983 1917 1892 6984 1913 1888 6985 1916 1891 6986 1917 1892 6987 1916 1891 6988 1918 1893 6989 1918 1893 6990 1919 1894 6991 1920 1895 6992 1918 1893 6993 1920 1895 6994 1917 1892 6995 1919 1894 6996 1921 1896 6997 1922 1897 6998 1919 1894 6999 1922 1897 7000 1920 1895 7001 1923 1898 7002 1924 1899 7003 1925 1900 7004 1923 1898 7005 1925 1900 7006 1926 1901 7007 1927 1902 7008 1925 1900 7009 1924 1899 7010 1927 1902 7011 1924 1899 7012 1928 1903 7013 1928 1903 7014 1929 1904 7015 1930 1905 7016 1928 1903 7017 1930 1905 7018 1927 1902 7019 1929 1904 7020 1931 1906 7021 1932 1907 7022 1929 1904 7023 1932 1907 7024 1930 1905 7025 1931 1906 7026 1933 1908 7027 1934 1909 7028 1931 1906 7029 1934 1909 7030 1932 1907 7031 1933 1908 7032 1935 1910 7033 1936 1911 7034 1933 1908 7035 1936 1911 7036 1934 1909 7037 1937 1912 7038 1936 1911 7039 1935 1910 7040 1937 1912 7041 1935 1910 7042 1938 1913 7043 1938 1913 7044 1939 1914 7045 1940 1915 7046 1938 1913 7047 1940 1915 7048 1937 1912 7049 1941 1916 7050 1940 1915 7051 1939 1914 7052 1941 1916 7053 1939 1914 7054 1942 1917 7055 1942 1917 7056 1943 1918 7057 1944 1919 7058 1942 1917 7059 1944 1919 7060 1941 1916 7061 1945 1920 7062 1946 1921 7063 1947 1922 7064 1945 1920 7065 1947 1922 7066 1948 1923 7067 1949 1924 7068 1945 1920 7069 1948 1923 7070 1949 1924 7071 1948 1923 7072 1950 1925 7073 1951 1926 7074 1952 1927 7075 1953 1928 7076 1951 1926 7077 1953 1928 7078 1954 1929 7079 1954 1929 7080 1955 1930 7081 1956 1931 7082 1954 1929 7083 1956 1931 7084 1951 1926 7085 1955 1930 7086 1957 1932 7087 1958 1933 7088 1955 1930 7089 1958 1933 7090 1956 1931 7091 1957 1932 7092 1959 1934 7093 1960 1935 7094 1957 1932 7095 1960 1935 7096 1958 1933 7097 1959 1934 7098 1961 1936 7099 1962 1937 7100 1959 1934 7101 1962 1937 7102 1960 1935 7103 1963 1938 7104 1962 1937 7105 1961 1936 7106 1963 1938 7107 1961 1936 7108 1964 1939 7109 1965 1940 7110 1966 1941 7111 1967 1942 7112 1965 1940 7113 1967 1942 7114 1968 1943 7115 1969 1944 7116 1965 1940 7117 1968 1943 7118 1969 1944 7119 1968 1943 7120 1970 1945 7121 1971 1946 7122 1972 1947 7123 1973 1948 7124 1971 1946 7125 1973 1948 7126 1974 1949 7127 1975 1950 7128 1973 1948 7129 1972 1947 7130 1975 1950 7131 1972 1947 7132 1976 1951 7133 1976 1951 7134 1977 1952 7135 1978 1953 7136 1976 1951 7137 1978 1953 7138 1975 1950 7139 1979 1954 7140 1978 1953 7141 1977 1952 7142 1979 1954 7143 1977 1952 7144 1980 1955 7145 1980 1955 7146 1981 1956 7147 1982 1957 7148 1980 1955 7149 1982 1957 7150 1979 1954 7151 1981 1956 7152 1983 1958 7153 1984 1959 7154 1981 1956 7155 1984 1959 7156 1982 1957 7157 1983 1958 7158 1985 1960 7159 1986 1961 7160 1983 1958 7161 1986 1961 7162 1984 1959 7163 1985 1960 7164 1987 1962 7165 1988 1963 7166 1985 1960 7167 1988 1963 7168 1986 1961 7169 1989 1964 7170 1988 1963 7171 1987 1962 7172 1989 1964 7173 1987 1962 7174 1990 1965 7175 1990 1965 7176 1991 1966 7177 1992 1967 7178 1990 1965 7179 1992 1967 7180 1989 1964 7181 1993 1968 7182 1994 1969 7183 1995 1970 7184 1993 1968 7185 1995 1970 7186 1996 1971 7187 1994 1969 7188 1997 1972 7189 1998 1973 7190 1994 1969 7191 1998 1973 7192 1995 1970 7193 1999 1974 7194 1998 1973 7195 1997 1972 7196 1999 1974 7197 1997 1972 7198 2000 1975 7199 2001 1976 7200 1999 1974 7201 2000 1975 7202 2001 1976 7203 2000 1975 7204 2002 1977 7205 1916 1891 7206 1915 1890 7207 1325 1293 7208 1916 1891 7209 1325 1293 7210 1147 1115 7211 1918 1893 7212 1916 1891 7213 1147 1115 7214 1918 1893 7215 1147 1115 7216 1146 1114 7217 1146 1114 7218 1173 1141 7219 1919 1894 7220 1146 1114 7221 1919 1894 7222 1918 1893 7223 1173 1141 7224 1392 1360 7225 1921 1896 7226 1173 1141 7227 1921 1896 7228 1919 1894 7229 1447 1415 7230 1446 1414 7231 1924 1899 7232 1447 1415 7233 1924 1899 7234 1923 1898 7235 1928 1903 7236 1924 1899 7237 1446 1414 7238 1928 1903 7239 1446 1414 7240 1763 1729 7241 1763 1729 7242 1117 1085 7243 1929 1904 7244 1763 1729 7245 1929 1904 7246 1928 1903 7247 1117 1085 7248 1116 1084 7249 1931 1906 7250 1117 1085 7251 1931 1906 7252 1929 1904 7253 1116 1084 7254 1225 1193 7255 1933 1908 7256 1116 1084 7257 1933 1908 7258 1931 1906 7259 1225 1193 7260 1205 1173 7261 1935 1910 7262 1225 1193 7263 1935 1910 7264 1933 1908 7265 1938 1913 7266 1935 1910 7267 1205 1173 7268 1938 1913 7269 1205 1173 7270 1204 1172 7271 1204 1172 7272 1234 1202 7273 1939 1914 7274 1204 1172 7275 1939 1914 7276 1938 1913 7277 1942 1917 7278 1939 1914 7279 1234 1202 7280 1942 1917 7281 1234 1202 7282 1742 1708 7283 1742 1708 7284 1743 1709 7285 1943 1918 7286 1742 1708 7287 1943 1918 7288 1942 1917 7289 1948 1923 7290 1947 1922 7291 1745 1711 7292 1948 1923 7293 1745 1711 7294 1744 1710 7295 1950 1925 7296 1948 1923 7297 1744 1710 7298 1950 1925 7299 1744 1710 7300 1746 1712 7301 1954 1929 7302 1953 1928 7303 1748 1714 7304 1954 1929 7305 1748 1714 7306 1747 1713 7307 1747 1713 7308 1749 1715 7309 1955 1930 7310 1747 1713 7311 1955 1930 7312 1954 1929 7313 1749 1715 7314 1041 1000 7315 1957 1932 7316 1749 1715 7317 1957 1932 7318 1955 1930 7319 1041 1000 7320 1040 999 7321 1959 1934 7322 1041 1000 7323 1959 1934 7324 1957 1932 7325 1040 999 7326 1039 998 7327 1961 1936 7328 1040 999 7329 1961 1936 7330 1959 1934 7331 1964 1939 7332 1961 1936 7333 1039 998 7334 1964 1939 7335 1039 998 7336 1038 997 7337 1968 1943 7338 1967 1942 7339 1037 996 7340 1968 1943 7341 1037 996 7342 1036 995 7343 1970 1945 7344 1968 1943 7345 1036 995 7346 1970 1945 7347 1036 995 7348 1035 994 7349 1034 993 7350 1033 992 7351 1972 1947 7352 1034 993 7353 1972 1947 7354 1971 1946 7355 1976 1951 7356 1972 1947 7357 1033 992 7358 1976 1951 7359 1033 992 7360 497 458 7361 497 458 7362 468 429 7363 1977 1952 7364 497 458 7365 1977 1952 7366 1976 1951 7367 1980 1955 7368 1977 1952 7369 468 429 7370 1980 1955 7371 468 429 7372 467 428 7373 467 428 7374 488 449 7375 1981 1956 7376 467 428 7377 1981 1956 7378 1980 1955 7379 488 449 7380 355 316 7381 1983 1958 7382 488 449 7383 1983 1958 7384 1981 1956 7385 355 316 7386 354 315 7387 1985 1960 7388 355 316 7389 1985 1960 7390 1983 1958 7391 354 315 7392 1056 1015 7393 1987 1962 7394 354 315 7395 1987 1962 7396 1985 1960 7397 1990 1965 7398 1987 1962 7399 1056 1015 7400 1990 1965 7401 1056 1015 7402 754 715 7403 754 715 7404 753 714 7405 1991 1966 7406 754 715 7407 1991 1966 7408 1990 1965 7409 687 648 7410 411 372 7411 1994 1969 7412 687 648 7413 1994 1969 7414 1993 1968 7415 411 372 7416 386 347 7417 1997 1972 7418 411 372 7419 1997 1972 7420 1994 1969 7421 2000 1975 7422 1997 1972 7423 386 347 7424 2000 1975 7425 386 347 7426 385 346 7427 2002 1977 7428 2000 1975 7429 385 346 7430 2002 1977 7431 385 346 7432 583 544 7433 1872 1847 7434 1871 1846 7435 1999 1974 7436 1872 1847 7437 1999 1974 7438 2001 1976 7439 1871 1846 7440 1874 1849 7441 1998 1973 7442 1871 1846 7443 1998 1973 7444 1999 1974 7445 1995 1970 7446 1998 1973 7447 1874 1849 7448 1995 1970 7449 1874 1849 7450 1875 1850 7451 1996 1971 7452 1995 1970 7453 1875 1850 7454 1996 1971 7455 1875 1850 7456 1877 1852 7457 1989 1964 7458 1992 1967 7459 1880 1855 7460 1989 1964 7461 1880 1855 7462 1879 1854 7463 1879 1854 7464 1884 1859 7465 1988 1963 7466 1879 1854 7467 1988 1963 7468 1989 1964 7469 1986 1961 7470 1988 1963 7471 1884 1859 7472 1986 1961 7473 1884 1859 7474 1885 1860 7475 1984 1959 7476 1986 1961 7477 1885 1860 7478 1984 1959 7479 1885 1860 7480 1887 1862 7481 1982 1957 7482 1984 1959 7483 1887 1862 7484 1982 1957 7485 1887 1862 7486 1889 1864 7487 1979 1954 7488 1982 1957 7489 1889 1864 7490 1979 1954 7491 1889 1864 7492 1891 1866 7493 1891 1866 7494 1894 1869 7495 1978 1953 7496 1891 1866 7497 1978 1953 7498 1979 1954 7499 1975 1950 7500 1978 1953 7501 1894 1869 7502 1975 1950 7503 1894 1869 7504 1895 1870 7505 1895 1870 7506 1898 1873 7507 1973 1948 7508 1895 1870 7509 1973 1948 7510 1975 1950 7511 1974 1949 7512 1973 1948 7513 1898 1873 7514 1974 1949 7515 1898 1873 7516 1899 1874 7517 1904 1879 7518 1903 1878 7519 1965 1940 7520 1904 1879 7521 1965 1940 7522 1969 1944 7523 1903 1878 7524 1906 1881 7525 1966 1941 7526 1903 1878 7527 1966 1941 7528 1965 1940 7529 1910 1885 7530 1909 1884 7531 1962 1937 7532 1910 1885 7533 1962 1937 7534 1963 1938 7535 1960 1935 7536 1962 1937 7537 1909 1884 7538 1960 1935 7539 1909 1884 7540 1822 1797 7541 1958 1933 7542 1960 1935 7543 1822 1797 7544 1958 1933 7545 1822 1797 7546 1821 1796 7547 1956 1931 7548 1958 1933 7549 1821 1796 7550 1956 1931 7551 1821 1796 7552 1825 1800 7553 1951 1926 7554 1956 1931 7555 1825 1800 7556 1951 1926 7557 1825 1800 7558 1827 1802 7559 1827 1802 7560 1830 1805 7561 1952 1927 7562 1827 1802 7563 1952 1927 7564 1951 1926 7565 1834 1809 7566 1833 1808 7567 1945 1920 7568 1834 1809 7569 1945 1920 7570 1949 1924 7571 1833 1808 7572 1836 1811 7573 1946 1921 7574 1833 1808 7575 1946 1921 7576 1945 1920 7577 1941 1916 7578 1944 1919 7579 1838 1813 7580 1941 1916 7581 1838 1813 7582 1837 1812 7583 1837 1812 7584 1842 1817 7585 1940 1915 7586 1837 1812 7587 1940 1915 7588 1941 1916 7589 1937 1912 7590 1940 1915 7591 1842 1817 7592 1937 1912 7593 1842 1817 7594 1843 1818 7595 1843 1818 7596 1846 1821 7597 1936 1911 7598 1843 1818 7599 1936 1911 7600 1937 1912 7601 1934 1909 7602 1936 1911 7603 1846 1821 7604 1934 1909 7605 1846 1821 7606 1847 1822 7607 1932 1907 7608 1934 1909 7609 1847 1822 7610 1932 1907 7611 1847 1822 7612 1849 1824 7613 1930 1905 7614 1932 1907 7615 1849 1824 7616 1930 1905 7617 1849 1824 7618 1851 1826 7619 1927 1902 7620 1930 1905 7621 1851 1826 7622 1927 1902 7623 1851 1826 7624 1853 1828 7625 1853 1828 7626 1856 1831 7627 1925 1900 7628 1853 1828 7629 1925 1900 7630 1927 1902 7631 1926 1901 7632 1925 1900 7633 1856 1831 7634 1926 1901 7635 1856 1831 7636 1857 1832 7637 1920 1895 7638 1922 1897 7639 1860 1835 7640 1920 1895 7641 1860 1835 7642 1859 1834 7643 1917 1892 7644 1920 1895 7645 1859 1834 7646 1917 1892 7647 1859 1834 7648 1863 1838 7649 1863 1838 7650 1866 1841 7651 1913 1888 7652 1863 1838 7653 1913 1888 7654 1917 1892 7655 1866 1841 7656 1868 1843 7657 1914 1889 7658 1866 1841 7659 1914 1889 7660 1913 1888 7661 2003 1978 7662 2004 1979 7663 2005 1980 7664 2003 1978 7665 2005 1980 7666 2006 1981 7667 2007 1982 7668 2003 1978 7669 2006 1981 7670 2007 1982 7671 2006 1981 7672 2008 1983 7673 2009 1984 7674 2007 1982 7675 2008 1983 7676 2009 1984 7677 2008 1983 7678 2010 1985 7679 2011 1986 7680 2009 1984 7681 2010 1985 7682 2011 1986 7683 2010 1985 7684 2012 1987 7685 2013 1988 7686 2011 1986 7687 2012 1987 7688 2013 1988 7689 2012 1987 7690 2014 1989 7691 2015 1990 7692 2013 1988 7693 2014 1989 7694 2015 1990 7695 2014 1989 7696 2016 1991 7697 2017 1992 7698 2015 1990 7699 2016 1991 7700 2017 1992 7701 2016 1991 7702 2018 1993 7703 2019 1994 7704 2017 1992 7705 2018 1993 7706 2019 1994 7707 2018 1993 7708 2020 1995 7709 2021 1996 7710 2019 1994 7711 2020 1995 7712 2021 1996 7713 2020 1995 7714 2022 1997 7715 2023 1998 7716 2021 1996 7717 2022 1997 7718 2023 1998 7719 2022 1997 7720 2024 1999 7721 2025 2000 7722 2023 1998 7723 2024 1999 7724 2025 2000 7725 2024 1999 7726 2026 2001 7727 2004 1979 7728 2025 2000 7729 2026 2001 7730 2004 1979 7731 2026 2001 7732 2005 1980 7733 642 603 7734 1325 1293 7735 2027 2002 7736 642 603 7737 2027 2002 7738 2028 2003 7739 1325 1293 7740 1915 1890 7741 2029 2004 7742 1325 1293 7743 2029 2004 7744 2027 2002 7745 1915 1890 7746 1914 1889 7747 2030 2005 7748 1915 1890 7749 2030 2005 7750 2029 2004 7751 1914 1889 7752 1868 1843 7753 2031 2006 7754 1914 1889 7755 2031 2006 7756 2030 2005 7757 1868 1843 7758 1867 1842 7759 2032 2007 7760 1868 1843 7761 2032 2007 7762 2031 2006 7763 1867 1842 7764 1911 1886 7765 2033 2008 7766 1867 1842 7767 2033 2008 7768 2032 2007 7769 1911 1886 7770 1869 1844 7771 2034 2009 7772 1911 1886 7773 2034 2009 7774 2033 2008 7775 1869 1844 7776 1872 1847 7777 2035 2010 7778 1869 1844 7779 2035 2010 7780 2034 2009 7781 1872 1847 7782 2001 1976 7783 2036 2011 7784 1872 1847 7785 2036 2011 7786 2035 2010 7787 2001 1976 7788 2002 1977 7789 2037 2012 7790 2001 1976 7791 2037 2012 7792 2036 2011 7793 2002 1977 7794 583 544 7795 2038 2013 7796 2002 1977 7797 2038 2013 7798 2037 2012 7799 583 544 7800 642 603 7801 2028 2003 7802 583 544 7803 2028 2003 7804 2038 2013 7805 2039 2014 7806 2040 2015 7807 2041 2016 7808 2039 2014 7809 2041 2016 7810 2042 2017 7811 2043 2018 7812 2040 2015 7813 2039 2014 7814 2043 2018 7815 2039 2014 7816 2044 2019 7817 2044 2019 7818 2045 2020 7819 2046 2021 7820 2044 2019 7821 2046 2021 7822 2043 2018 7823 2045 2020 7824 2047 2022 7825 2048 2023 7826 2045 2020 7827 2048 2023 7828 2046 2021 7829 2047 2022 7830 2049 2024 7831 2050 2025 7832 2047 2022 7833 2050 2025 7834 2048 2023 7835 2049 2024 7836 2051 2026 7837 2052 2027 7838 2049 2024 7839 2052 2027 7840 2050 2025 7841 2053 2028 7842 2052 2027 7843 2051 2026 7844 2053 2028 7845 2051 2026 7846 2054 2029 7847 538 499 7848 672 633 7849 2055 2030 7850 538 499 7851 2055 2030 7852 2056 2031 7853 2057 2032 7854 2058 2033 7855 1255 1223 7856 2057 2032 7857 1255 1223 7858 2059 2034 7859 2059 2034 7860 2060 2035 7861 2061 2036 7862 2059 2034 7863 2061 2036 7864 2057 2032 7865 2060 2035 7866 2062 2037 7867 2063 2038 7868 2060 2035 7869 2063 2038 7870 2061 2036 7871 2064 2039 7872 2065 2040 7873 2063 2038 7874 2064 2039 7875 2063 2038 7876 2062 2037 7877 541 502 7878 2066 2041 7879 2065 2040 7880 541 502 7881 2065 2040 7882 2064 2039 7883 2067 2042 7884 2066 2041 7885 541 502 7886 2067 2042 7887 541 502 7888 535 496 7889 2058 2033 7890 2068 2043 7891 1256 1224 7892 2058 2033 7893 1256 1224 7894 1255 1223 7895 1256 1224 7896 2068 2043 7897 2069 2044 7898 1256 1224 7899 2069 2044 7900 1375 1343 7901 2054 2029 7902 2070 2045 7903 2071 2046 7904 2054 2029 7905 2071 2046 7906 2053 2028 7907 538 499 7908 2056 2031 7909 2067 2042 7910 538 499 7911 2067 2042 7912 535 496 7913 2072 2047 7914 2073 2048 7915 2074 2049 7916 2072 2047 7917 2074 2049 7918 2075 2050 7919 2076 2051 7920 2077 2052 7921 2078 2053 7922 2076 2051 7923 2078 2053 7924 2079 2054 7925 2080 2055 7926 2081 2056 7927 2082 2057 7928 2080 2055 7929 2082 2057 7930 2083 2058 7931 2081 2056 7932 2076 2051 7933 2079 2054 7934 2081 2056 7935 2079 2054 7936 2082 2057 7937 2073 2048 7938 2080 2055 7939 2083 2058 7940 2073 2048 7941 2083 2058 7942 2074 2049 7943 2084 2059 7944 2085 2060 7945 2086 2061 7946 2084 2059 7947 2086 2061 7948 2087 2062 7949 2085 2060 7950 2088 2063 7951 2089 2064 7952 2085 2060 7953 2089 2064 7954 2086 2061 7955 2088 2063 7956 2090 2065 7957 2091 2066 7958 2088 2063 7959 2091 2066 7960 2089 2064 7961 2092 2067 7962 2072 2047 7963 2075 2050 7964 2092 2067 7965 2075 2050 7966 2093 2068 7967 2094 2069 7968 2095 2070 7969 2096 2071 7970 2094 2069 7971 2096 2071 7972 2097 2072 7973 2098 2073 7974 2099 2074 7975 2100 2075 7976 2098 2073 7977 2100 2075 7978 2101 2076 7979 2095 2070 7980 2102 2077 7981 2103 2078 7982 2095 2070 7983 2103 2078 7984 2096 2071 7985 2102 2077 7986 2104 2079 7987 2105 2080 7988 2102 2077 7989 2105 2080 7990 2103 2078 7991 2106 2081 7992 2107 2082 7993 2108 2083 7994 2106 2081 7995 2108 2083 7996 2109 2084 7997 2110 2085 7998 2111 2086 7999 2112 2087 8000 2110 2085 8001 2112 2087 8002 2113 2088 8003 2114 2089 8004 2115 2090 8005 2116 2091 8006 2114 2089 8007 2116 2091 8008 2117 2092 8009 2111 2086 8010 2114 2089 8011 2117 2092 8012 2111 2086 8013 2117 2092 8014 2112 2087 8015 2115 2090 8016 2106 2081 8017 2109 2084 8018 2115 2090 8019 2109 2084 8020 2116 2091 8021 2118 2093 8022 2084 2059 8023 2087 2062 8024 2118 2093 8025 2087 2062 8026 2119 2094 8027 2120 2095 8028 2118 2093 8029 2119 2094 8030 2120 2095 8031 2119 2094 8032 2121 2096 8033 2107 2082 8034 2122 2097 8035 2123 2098 8036 2107 2082 8037 2123 2098 8038 2108 2083 8039 2124 2099 8040 2125 2100 8041 2126 2101 8042 2124 2099 8043 2126 2101 8044 2127 2102 8045 2128 2103 8046 2129 2104 8047 2130 2105 8048 2128 2103 8049 2130 2105 8050 2131 2106 8051 2132 2107 8052 2133 2108 8053 2134 2109 8054 2132 2107 8055 2134 2109 8056 2135 2110 8057 2136 2111 8058 2132 2107 8059 2135 2110 8060 2136 2111 8061 2135 2110 8062 2137 2112 8063 2104 2079 8064 2136 2111 8065 2137 2112 8066 2104 2079 8067 2137 2112 8068 2105 2080 8069 640 601 8070 637 598 8071 586 547 8072 640 601 8073 586 547 8074 585 546 8075 640 601 8076 1326 1294 8077 1328 1296 8078 640 601 8079 1328 1296 8080 637 598 8081 1326 1294 8082 1237 1205 8083 1142 1110 8084 1326 1294 8085 1142 1110 8086 1328 1296 8087 1236 1204 8088 1143 1111 8089 1142 1110 8090 1236 1204 8091 1142 1110 8092 1237 1205 8093 1236 1204 8094 1240 1208 8095 1170 1138 8096 1236 1204 8097 1170 1138 8098 1143 1111 8099 1240 1208 8100 1670 1636 8101 1387 1355 8102 1240 1208 8103 1387 1355 8104 1170 1138 8105 1669 1635 8106 1641 1607 8107 1387 1355 8108 1669 1635 8109 1387 1355 8110 1670 1636 8111 1646 1612 8112 1645 1611 8113 1452 1420 8114 1646 1612 8115 1452 1420 8116 1453 1421 8117 1648 1614 8118 1646 1612 8119 1453 1421 8120 1648 1614 8121 1453 1421 8122 1601 1567 8123 1776 1745 8124 1648 1614 8125 1601 1567 8126 1776 1745 8127 1601 1567 8128 1774 1743 8129 1649 1615 8130 1776 1745 8131 1774 1743 8132 1649 1615 8133 1774 1743 8134 1125 1093 8135 1124 1092 8136 1650 1616 8137 1649 1615 8138 1124 1092 8139 1649 1615 8140 1125 1093 8141 1654 1620 8142 1650 1616 8143 1124 1092 8144 1654 1620 8145 1124 1092 8146 1477 1445 8147 1381 1349 8148 1656 1622 8149 1655 1621 8150 1381 1349 8151 1655 1621 8152 1382 1350 8153 1169 1137 8154 1659 1625 8155 1656 1622 8156 1169 1137 8157 1656 1622 8158 1381 1349 8159 1168 1136 8160 1661 1627 8161 1659 1625 8162 1168 1136 8163 1659 1625 8164 1169 1137 8165 2131 2106 8166 2130 2105 8167 2110 2085 8168 2131 2106 8169 2110 2085 8170 2113 2088 8171 1666 1632 8172 1665 1631 8173 1138 1106 8174 1666 1632 8175 1138 1106 8176 1141 1109 8177 1335 1303 8178 1667 1633 8179 1666 1632 8180 1335 1303 8181 1666 1632 8182 1141 1109 8183 592 553 8184 378 339 8185 987 946 8186 592 553 8187 987 946 8188 989 948 8189 988 947 8190 987 946 8191 378 339 8192 988 947 8193 378 339 8194 377 338 8195 2077 2052 8196 2099 2074 8197 2098 2073 8198 2077 2052 8199 2098 2073 8200 2078 2053 8201 407 368 8202 406 367 8203 981 940 8204 407 368 8205 981 940 8206 983 942 8207 406 367 8208 678 639 8209 977 936 8210 406 367 8211 977 936 8212 981 940 8213 678 639 8214 677 638 8215 978 937 8216 678 639 8217 978 937 8218 977 936 8219 971 930 8220 976 935 8221 787 748 8222 971 930 8223 787 748 8224 363 324 8225 363 324 8226 362 323 8227 972 931 8228 363 324 8229 972 931 8230 971 930 8231 1069 1031 8232 972 931 8233 362 323 8234 1069 1031 8235 362 323 8236 1067 1029 8237 970 929 8238 1069 1031 8239 1067 1029 8240 970 929 8241 1067 1029 8242 920 879 8243 967 926 8244 970 929 8245 920 879 8246 967 926 8247 920 879 8248 760 721 8249 968 927 8250 967 926 8251 760 721 8252 968 927 8253 760 721 8254 759 720 8255 992 951 8256 991 950 8257 683 644 8258 992 951 8259 683 644 8260 963 922 8261 520 481 8262 409 370 8263 683 644 8264 520 481 8265 683 644 8266 991 950 8267 518 479 8268 381 342 8269 409 370 8270 518 479 8271 409 370 8272 520 481 8273 518 479 8274 517 478 8275 382 343 8276 518 479 8277 382 343 8278 381 342 8279 585 546 8280 586 547 8281 382 343 8282 585 546 8283 382 343 8284 517 478 8285 587 548 8286 638 599 8287 877 836 8288 587 548 8289 877 836 8290 876 835 8291 383 344 8292 587 548 8293 876 835 8294 383 344 8295 876 835 8296 880 839 8297 384 345 8298 383 344 8299 880 839 8300 384 345 8301 880 839 8302 883 842 8303 410 371 8304 384 345 8305 883 842 8306 410 371 8307 883 842 8308 884 843 8309 684 645 8310 410 371 8311 884 843 8312 684 645 8313 884 843 8314 887 846 8315 964 923 8316 684 645 8317 887 846 8318 964 923 8319 887 846 8320 961 920 8321 890 849 8322 889 848 8323 966 925 8324 890 849 8325 966 925 8326 965 924 8327 889 848 8328 922 881 8329 969 928 8330 889 848 8331 969 928 8332 966 925 8333 1070 1032 8334 1068 1030 8335 969 928 8336 1070 1032 8337 969 928 8338 922 881 8339 894 853 8340 973 932 8341 1068 1030 8342 894 853 8343 1068 1030 8344 1070 1032 8345 974 933 8346 973 932 8347 894 853 8348 974 933 8349 894 853 8350 893 852 8351 893 852 8352 897 856 8353 975 934 8354 893 852 8355 975 934 8356 974 933 8357 980 939 8358 979 938 8359 900 859 8360 980 939 8361 900 859 8362 899 858 8363 982 941 8364 980 939 8365 899 858 8366 982 941 8367 899 858 8368 903 862 8369 984 943 8370 982 941 8371 903 862 8372 984 943 8373 903 862 8374 902 861 8375 2101 2076 8376 2100 2075 8377 2138 2113 8378 2101 2076 8379 2138 2113 8380 2139 2114 8381 2140 2115 8382 2141 2116 8383 986 945 8384 2140 2115 8385 986 945 8386 985 944 8387 990 949 8388 986 945 8389 2141 2116 8390 990 949 8391 2141 2116 8392 2142 2117 8393 2143 2118 8394 990 949 8395 2142 2117 8396 2143 2118 8397 2142 2117 8398 2144 2119 8399 1668 1634 8400 2143 2118 8401 2144 2119 8402 1668 1634 8403 2144 2119 8404 2145 2120 8405 1663 1629 8406 1668 1634 8407 2145 2120 8408 1663 1629 8409 2145 2120 8410 2146 2121 8411 2147 2122 8412 1664 1630 8413 1663 1629 8414 2147 2122 8415 1663 1629 8416 2146 2121 8417 2148 2123 8418 2129 2104 8419 2128 2103 8420 2148 2123 8421 2128 2103 8422 2149 2124 8423 1660 1626 8424 1662 1628 8425 1583 1549 8426 1660 1626 8427 1583 1549 8428 1586 1552 8429 1657 1623 8430 1660 1626 8431 1586 1552 8432 1657 1623 8433 1586 1552 8434 1582 1548 8435 1658 1624 8436 1657 1623 8437 1582 1548 8438 1658 1624 8439 1582 1548 8440 1581 1547 8441 1576 1542 8442 1651 1617 8443 1653 1619 8444 1576 1542 8445 1653 1619 8446 1578 1544 8447 1652 1618 8448 1651 1617 8449 1576 1542 8450 1652 1618 8451 1576 1542 8452 1575 1541 8453 1575 1541 8454 1778 1747 8455 1775 1744 8456 1575 1541 8457 1775 1744 8458 1652 1618 8459 1778 1747 8460 1603 1569 8461 1647 1613 8462 1778 1747 8463 1647 1613 8464 1775 1744 8465 1572 1538 8466 1643 1609 8467 1647 1613 8468 1572 1538 8469 1647 1613 8470 1603 1569 8471 1571 1537 8472 1644 1610 8473 1643 1609 8474 1571 1537 8475 1643 1609 8476 1572 1538 8477 1388 1356 8478 1642 1608 8479 1639 1605 8480 1388 1356 8481 1639 1605 8482 1568 1534 8483 1171 1139 8484 1388 1356 8485 1568 1534 8486 1171 1139 8487 1568 1534 8488 1565 1531 8489 1144 1112 8490 1171 1139 8491 1565 1531 8492 1144 1112 8493 1565 1531 8494 1563 1529 8495 1145 1113 8496 1144 1112 8497 1563 1529 8498 1145 1113 8499 1563 1529 8500 1561 1527 8501 1329 1297 8502 1145 1113 8503 1561 1527 8504 1329 1297 8505 1561 1527 8506 1559 1525 8507 638 599 8508 1329 1297 8509 1559 1525 8510 638 599 8511 1559 1525 8512 877 836 8513 2150 2125 8514 2151 2125 8515 2152 2125 8516 2150 2126 8517 2152 2126 8518 2153 2126 8519 2154 2127 8520 2155 2127 8521 2156 2127 8522 2154 2128 8523 2156 2128 8524 2157 2128 8525 2158 2129 8526 2159 2129 8527 2160 2129 8528 2158 2130 8529 2160 2130 8530 2161 2130 8531 2162 2131 8532 2163 2131 8533 2164 2131 8534 2162 2132 8535 2164 2132 8536 2165 2132 8537 2166 2133 8538 2167 2133 8539 2168 2133 8540 2166 2134 8541 2168 2134 8542 2169 2134 8543 2170 2135 8544 2171 2135 8545 2172 2135 8546 2170 2136 8547 2172 2136 8548 2173 2136 8549 2174 2137 8550 2175 2137 8551 2176 2137 8552 2174 2138 8553 2176 2138 8554 2177 2138 8555 2178 2139 8556 2179 2139 8557 2180 2139 8558 2178 2140 8559 2180 2140 8560 2181 2140 8561 2182 2141 8562 2183 2141 8563 2184 2141 8564 2182 2142 8565 2184 2142 8566 2185 2142 8567 2186 2143 8568 2187 2143 8569 2188 2143 8570 2186 2144 8571 2188 2144 8572 2189 2144 8573 2190 2145 8574 2191 2145 8575 2192 2145 8576 2190 2146 8577 2192 2146 8578 2193 2146 8579 2194 2147 8580 2195 2147 8581 2196 2147 8582 2194 2148 8583 2196 2148 8584 2197 2148 8585 2198 2149 8586 594 555 8587 2199 2150 8588 2198 2149 8589 2199 2150 8590 2200 2151 8591 594 555 8592 593 554 8593 2201 2152 8594 594 555 8595 2201 2152 8596 2199 2150 8597 593 554 8598 592 553 8599 2202 2153 8600 593 554 8601 2202 2153 8602 2201 2152 8603 592 553 8604 989 948 8605 2203 2154 8606 592 553 8607 2203 2154 8608 2202 2153 8609 989 948 8610 990 949 8611 2204 2155 8612 989 948 8613 2204 2155 8614 2203 2154 8615 990 949 8616 2143 2118 8617 2205 2156 8618 990 949 8619 2205 2156 8620 2204 2155 8621 2143 2118 8622 1668 1634 8623 2206 2157 8624 2143 2118 8625 2206 2157 8626 2205 2156 8627 1668 1634 8628 1667 1633 8629 2207 2158 8630 1668 1634 8631 2207 2158 8632 2206 2157 8633 1667 1633 8634 1335 1303 8635 2208 2159 8636 1667 1633 8637 2208 2159 8638 2207 2158 8639 1335 1303 8640 1334 1302 8641 2209 2160 8642 1335 1303 8643 2209 2160 8644 2208 2159 8645 1334 1302 8646 1336 1304 8647 2210 2161 8648 1334 1302 8649 2210 2161 8650 2209 2160 8651 1336 1304 8652 2198 2149 8653 2200 2151 8654 1336 1304 8655 2200 2151 8656 2210 2161 8657 2211 2162 8658 2212 2162 8659 2213 2162 8660 2211 2163 8661 2213 2163 8662 2214 2163 8663 2215 2164 8664 2211 2164 8665 2214 2164 8666 2215 2165 8667 2214 2165 8668 2216 2165 8669 2217 2166 8670 2215 2166 8671 2216 2166 8672 2217 2167 8673 2216 2167 8674 2218 2167 8675 2219 2168 8676 2217 2168 8677 2218 2168 8678 2219 2169 8679 2218 2169 8680 2220 2169 8681 2221 2170 8682 2219 2170 8683 2220 2170 8684 2221 2171 8685 2220 2171 8686 2222 2171 8687 2223 2172 8688 2221 2172 8689 2222 2172 8690 2223 2173 8691 2222 2173 8692 2224 2173 8693 2225 2174 8694 2223 2174 8695 2224 2174 8696 2225 2175 8697 2224 2175 8698 2226 2175 8699 2227 2176 8700 2225 2176 8701 2226 2176 8702 2227 2177 8703 2226 2177 8704 2228 2177 8705 2229 2178 8706 2227 2178 8707 2228 2178 8708 2229 2179 8709 2228 2179 8710 2230 2179 8711 2231 2180 8712 2229 2180 8713 2230 2180 8714 2231 2181 8715 2230 2181 8716 2232 2181 8717 2233 2182 8718 2231 2182 8719 2232 2182 8720 2233 2183 8721 2232 2183 8722 2234 2183 8723 2212 2184 8724 2233 2184 8725 2234 2184 8726 2212 2185 8727 2234 2185 8728 2213 2185 8729 2235 2186 8730 2236 2187 8731 2237 2188 8732 2235 2186 8733 2237 2188 8734 2238 2189 8735 2239 2190 8736 2240 2191 8737 2241 2192 8738 2239 2190 8739 2241 2192 8740 2242 2190 8741 2243 2193 8742 2244 2193 8743 2245 2193 8744 2243 2194 8745 2245 2194 8746 2246 2194 8747 2247 2195 8748 2248 2195 8749 2249 2195 8750 2247 2196 8751 2249 2196 8752 2250 2196 8753 2251 2197 8754 2252 2198 8755 2253 2199 8756 2251 2197 8757 2253 2199 8758 2254 2200 8759 2255 2201 8760 2256 2202 8761 2257 2203 8762 2255 2201 8763 2257 2203 8764 2258 2204 8765 2259 2205 8766 2255 2201 8767 2258 2204 8768 2259 2205 8769 2258 2204 8770 2260 2206 8771 2261 2207 8772 2262 2208 8773 2263 2209 8774 2261 2207 8775 2263 2209 8776 2264 2210 8777 2265 2211 8778 2266 2211 8779 2267 2211 8780 2265 2212 8781 2267 2212 8782 2268 2212 8783 2269 2213 8784 2270 2213 8785 2271 2213 8786 2269 2214 8787 2271 2214 8788 2272 2214 8789 2273 2215 8790 2274 2216 8791 2275 2217 8792 2273 2215 8793 2275 2217 8794 2276 2218 8795 2274 2216 8796 2277 2219 8797 2278 2220 8798 2274 2216 8799 2278 2220 8800 2275 2217 8801 2277 2219 8802 2279 2221 8803 2280 2222 8804 2277 2219 8805 2280 2222 8806 2278 2220 8807 2281 2223 8808 2273 2215 8809 2276 2218 8810 2281 2223 8811 2276 2218 8812 2282 2224 8813 2283 2225 8814 2284 2226 8815 2285 2227 8816 2283 2225 8817 2285 2227 8818 2286 2228 8819 2284 2226 8820 2281 2223 8821 2282 2224 8822 2284 2226 8823 2282 2224 8824 2285 2227 8825 2287 2229 8826 2288 2230 8827 2289 2231 8828 2287 2229 8829 2289 2231 8830 2290 2232 8831 2291 2233 8832 2292 2234 8833 2293 2235 8834 2291 2233 8835 2293 2235 8836 2294 2235 8837 2295 2236 8838 2296 2237 8839 2297 2238 8840 2295 2236 8841 2297 2238 8842 2298 2239 8843 2299 2240 8844 2300 2241 8845 2301 2242 8846 2299 2240 8847 2301 2242 8848 2302 2243 8849 2303 2244 8850 2304 2245 8851 2305 2246 8852 2303 2244 8853 2305 2246 8854 2306 2247 8855 2307 2248 8856 2308 2249 8857 2309 2250 8858 2307 2248 8859 2309 2250 8860 2310 2251 8861 2301 2242 8862 2311 2252 8863 2312 2253 8864 2301 2242 8865 2312 2253 8866 2302 2243 8867 2313 2254 8868 2314 2255 8869 2315 2256 8870 2313 2254 8871 2315 2256 8872 2316 2257 8873 2287 2229 8874 2317 2258 8875 2318 2259 8876 2287 2229 8877 2318 2259 8878 2288 2230 8879 2319 2260 8880 2320 2261 8881 2321 2262 8882 2319 2260 8883 2321 2262 8884 2322 2263 8885 2323 2264 8886 2324 2265 8887 2325 2266 8888 2323 2264 8889 2325 2266 8890 2326 2267 8891 2324 2265 8892 2327 2268 8893 2328 2269 8894 2324 2265 8895 2328 2269 8896 2325 2266 8897 2327 2268 8898 2329 2270 8899 2330 2271 8900 2327 2268 8901 2330 2271 8902 2328 2269 8903 2329 2270 8904 2331 2272 8905 2332 2273 8906 2329 2270 8907 2332 2273 8908 2330 2271 8909 2332 2273 8910 2331 2272 8911 2333 2274 8912 2332 2273 8913 2333 2274 8914 2334 2275 8915 2334 2275 8916 2333 2274 8917 2335 2276 8918 2334 2275 8919 2335 2276 8920 2336 2277 8921 2336 2277 8922 2335 2276 8923 2337 2278 8924 2336 2277 8925 2337 2278 8926 2338 2279 8927 2339 2280 8928 2340 2281 8929 2341 2282 8930 2339 2280 8931 2341 2282 8932 2342 2283 8933 2343 2284 8934 2344 2285 8935 2345 2286 8936 2343 2284 8937 2345 2286 8938 2346 2287 8939 2347 2288 8940 2348 2289 8941 2349 2290 8942 2347 2288 8943 2349 2290 8944 2350 2291 8945 2343 2284 8946 2351 2292 8947 2352 2293 8948 2343 2284 8949 2352 2293 8950 2344 2285 8951 2353 2294 8952 2354 2295 8953 2355 2296 8954 2353 2294 8955 2355 2296 8956 2356 2297 8957 2351 2292 8958 2357 2298 8959 2358 2299 8960 2351 2292 8961 2358 2299 8962 2352 2293 8963 2354 2295 8964 2359 2300 8965 2360 2301 8966 2354 2295 8967 2360 2301 8968 2355 2296 8969 2357 2298 8970 2361 2302 8971 2362 2303 8972 2357 2298 8973 2362 2303 8974 2358 2299 8975 2359 2300 8976 2363 2304 8977 2364 2305 8978 2359 2300 8979 2364 2305 8980 2360 2301 8981 2361 2302 8982 2365 2306 8983 2366 2307 8984 2361 2302 8985 2366 2307 8986 2362 2303 8987 2367 2308 8988 2368 2309 8989 2364 2305 8990 2367 2308 8991 2364 2305 8992 2363 2304 8993 2369 2310 8994 2370 2311 8995 2366 2307 8996 2369 2310 8997 2366 2307 8998 2365 2306 8999 2371 2312 9000 2372 2313 9001 2368 2309 9002 2371 2312 9003 2368 2309 9004 2367 2308 9005 2373 2314 9006 2374 2315 9007 2375 2316 9008 2373 2314 9009 2375 2316 9010 2376 2317 9011 2377 2318 9012 2378 2319 9013 2370 2311 9014 2377 2318 9015 2370 2311 9016 2369 2310 9017 2379 2320 9018 2380 2321 9019 2381 2322 9020 2379 2320 9021 2381 2322 9022 2382 2323 9023 2383 2324 9024 2384 2325 9025 2385 2326 9026 2383 2324 9027 2385 2326 9028 2386 2327 9029 2381 2322 9030 2380 2321 9031 2378 2319 9032 2381 2322 9033 2378 2319 9034 2377 2318 9035 2387 2328 9036 2388 2329 9037 2389 2330 9038 2387 2328 9039 2389 2330 9040 2390 2331 9041 2391 2332 9042 2392 2333 9043 2393 2334 9044 2391 2332 9045 2393 2334 9046 2394 2335 9047 2388 2329 9048 2387 2328 9049 2395 2336 9050 2388 2329 9051 2395 2336 9052 2396 2337 9053 2394 2335 9054 2393 2334 9055 2397 2338 9056 2394 2335 9057 2397 2338 9058 2398 2339 9059 2399 2340 9060 2393 2334 9061 2392 2333 9062 2399 2340 9063 2392 2333 9064 2400 2341 9065 2398 2339 9066 2397 2338 9067 2401 2342 9068 2398 2339 9069 2401 2342 9070 2402 2343 9071 2397 2338 9072 2393 2334 9073 2399 2340 9074 2397 2338 9075 2399 2340 9076 2403 2344 9077 2395 2336 9078 2404 2345 9079 2405 2346 9080 2395 2336 9081 2405 2346 9082 2396 2337 9083 2402 2343 9084 2401 2342 9085 2406 2347 9086 2402 2343 9087 2406 2347 9088 2407 2348 9089 2408 2349 9090 2399 2340 9091 2400 2341 9092 2408 2349 9093 2400 2341 9094 2409 2350 9095 2407 2348 9096 2406 2347 9097 2410 2351 9098 2407 2348 9099 2410 2351 9100 2411 2352 9101 2412 2353 9102 2405 2346 9103 2404 2345 9104 2412 2353 9105 2404 2345 9106 2413 2354 9107 2411 2352 9108 2410 2351 9109 2414 2355 9110 2411 2352 9111 2414 2355 9112 2415 2356 9113 2399 2340 9114 2408 2349 9115 2416 2357 9116 2399 2340 9117 2416 2357 9118 2403 2344 9119 2417 2358 9120 2418 2359 9121 2419 2360 9122 2417 2358 9123 2419 2360 9124 2420 2361 9125 2421 2362 9126 2414 2355 9127 2422 2363 9128 2421 2362 9129 2422 2363 9130 2423 2364 9131 2424 2365 9132 2425 2366 9133 2426 2367 9134 2424 2365 9135 2426 2367 9136 2427 2368 9137 2428 59 9138 2429 59 9139 2430 59 9140 2428 2369 9141 2430 2369 9142 2431 2369 9143 2432 2370 9144 2408 2349 9145 2409 2350 9146 2432 2370 9147 2409 2350 9148 2433 2371 9149 2434 2372 9150 2428 2372 9151 2431 2372 9152 2434 2373 9153 2431 2373 9154 2435 2373 9155 2436 2374 9156 2419 2360 9157 2418 2359 9158 2436 2374 9159 2418 2359 9160 2437 2375 9161 2438 2376 9162 2416 2357 9163 2408 2349 9164 2438 2376 9165 2408 2349 9166 2432 2370 9167 2439 2377 9168 2422 2363 9169 2414 2355 9170 2439 2377 9171 2414 2355 9172 2440 2378 9173 2441 59 9174 2434 59 9175 2435 59 9176 2441 2379 9177 2435 2379 9178 2442 2379 9179 2443 2380 9180 2416 2357 9181 2438 2376 9182 2443 2380 9183 2438 2376 9184 2444 2381 9185 2445 2382 9186 2446 2383 9187 2447 2384 9188 2445 2382 9189 2447 2384 9190 2448 2385 9191 2442 59 9192 2449 59 9193 2450 59 9194 2442 2386 9195 2450 2386 9196 2441 2386 9197 2451 2387 9198 2452 2388 9199 2453 2389 9200 2451 2387 9201 2453 2389 9202 2454 2390 9203 2455 2391 9204 2456 2392 9205 2436 2374 9206 2455 2391 9207 2436 2374 9208 2437 2375 9209 2457 2393 9210 2458 2394 9211 2443 2380 9212 2457 2393 9213 2443 2380 9214 2444 2381 9215 2459 2395 9216 2439 2377 9217 2440 2378 9218 2459 2395 9219 2440 2378 9220 2460 2396 9221 2461 2397 9222 2450 2397 9223 2449 2397 9224 2461 2398 9225 2449 2398 9226 2462 2398 9227 2463 2399 9228 2464 2400 9229 2458 2394 9230 2463 2399 9231 2458 2394 9232 2457 2393 9233 2465 2401 9234 2466 2401 9235 2461 2401 9236 2465 59 9237 2461 59 9238 2462 59 9239 2456 2392 9240 2455 2391 9241 2467 2402 9242 2456 2392 9243 2467 2402 9244 2468 2403 9245 2469 2404 9246 2470 2404 9247 2466 2404 9248 2469 2405 9249 2466 2405 9250 2465 2405 9251 2471 2406 9252 2460 2396 9253 2464 2400 9254 2471 2406 9255 2464 2400 9256 2463 2399 9257 2472 2407 9258 2459 2395 9259 2460 2396 9260 2472 2407 9261 2460 2396 9262 2471 2406 9263 2473 2408 9264 2424 2365 9265 2427 2368 9266 2473 2408 9267 2427 2368 9268 2474 2409 9269 2475 2410 9270 2476 2411 9271 2477 2412 9272 2475 2410 9273 2477 2412 9274 2478 2413 9275 2452 2388 9276 2475 2410 9277 2478 2413 9278 2452 2388 9279 2478 2413 9280 2453 2389 9281 2446 2383 9282 2479 2414 9283 2480 2415 9284 2446 2383 9285 2480 2415 9286 2447 2384 9287 2481 2416 9288 2451 2387 9289 2454 2390 9290 2481 2416 9291 2454 2390 9292 2482 2417 9293 2483 2418 9294 2473 2408 9295 2474 2409 9296 2483 2418 9297 2474 2409 9298 2484 2419 9299 2425 2366 9300 2485 2420 9301 2486 2421 9302 2425 2366 9303 2486 2421 9304 2426 2367 9305 2414 2355 9306 2487 2422 9307 2488 2423 9308 2414 2355 9309 2488 2423 9310 2440 2378 9311 2489 2424 9312 2460 2396 9313 2440 2378 9314 2489 2424 9315 2440 2378 9316 2488 2423 9317 2410 2351 9318 2490 2425 9319 2487 2422 9320 2410 2351 9321 2487 2422 9322 2414 2355 9323 2406 2347 9324 2491 2426 9325 2490 2425 9326 2406 2347 9327 2490 2425 9328 2410 2351 9329 2491 2426 9330 2406 2347 9331 2401 2342 9332 2491 2426 9333 2401 2342 9334 2492 2427 9335 2397 2338 9336 2493 2428 9337 2492 2427 9338 2397 2338 9339 2492 2427 9340 2401 2342 9341 2403 2344 9342 2494 2429 9343 2493 2428 9344 2403 2344 9345 2493 2428 9346 2397 2338 9347 2416 2357 9348 2495 2430 9349 2494 2429 9350 2416 2357 9351 2494 2429 9352 2403 2344 9353 2443 2380 9354 2496 2431 9355 2495 2430 9356 2443 2380 9357 2495 2430 9358 2416 2357 9359 2496 2431 9360 2443 2380 9361 2458 2394 9362 2496 2431 9363 2458 2394 9364 2497 2432 9365 2464 2400 9366 2498 2433 9367 2497 2432 9368 2464 2400 9369 2497 2432 9370 2458 2394 9371 2460 2396 9372 2489 2424 9373 2498 2433 9374 2460 2396 9375 2498 2433 9376 2464 2400 9377 2499 2434 9378 2500 2434 9379 2501 2434 9380 2499 2435 9381 2501 2435 9382 2502 2435 9383 2502 2436 9384 2501 2436 9385 2503 2436 9386 2502 2437 9387 2503 2437 9388 2504 2437 9389 2504 2438 9390 2503 2438 9391 2505 2438 9392 2504 59 9393 2505 59 9394 2506 59 9395 2506 2439 9396 2505 2439 9397 2507 2439 9398 2506 59 9399 2507 59 9400 2508 59 9401 2508 2440 9402 2507 2440 9403 2509 2440 9404 2508 59 9405 2509 59 9406 2510 59 9407 2510 2441 9408 2509 2441 9409 2511 2441 9410 2510 59 9411 2511 59 9412 2512 59 9413 2512 59 9414 2511 59 9415 2513 59 9416 2512 59 9417 2513 59 9418 2514 59 9419 2514 2442 9420 2513 2442 9421 2515 2442 9422 2514 2443 9423 2515 2443 9424 2516 2443 9425 2516 2444 9426 2515 2444 9427 2517 2444 9428 2516 2445 9429 2517 2445 9430 2518 2445 9431 2519 2446 9432 2520 2447 9433 2521 2448 9434 2519 2446 9435 2521 2448 9436 2522 2449 9437 2523 2450 9438 2524 2451 9439 2525 2452 9440 2523 2450 9441 2525 2452 9442 2526 2453 9443 2526 2453 9444 2525 2452 9445 2527 2454 9446 2526 2453 9447 2527 2454 9448 2528 2455 9449 2528 2455 9450 2527 2454 9451 2529 2456 9452 2528 2455 9453 2529 2456 9454 2530 2457 9455 2530 2457 9456 2529 2456 9457 2531 2458 9458 2530 2457 9459 2531 2458 9460 2532 2459 9461 2532 2459 9462 2531 2458 9463 2533 2460 9464 2532 2459 9465 2533 2460 9466 2534 2461 9467 2534 2461 9468 2533 2460 9469 2535 2462 9470 2534 2461 9471 2535 2462 9472 2536 2463 9473 2536 2463 9474 2535 2462 9475 2537 2464 9476 2536 2463 9477 2537 2464 9478 2538 2465 9479 2539 2466 9480 2540 2467 9481 2541 2468 9482 2539 2466 9483 2541 2468 9484 2542 2469 9485 2543 2470 9486 2544 2471 9487 2545 2472 9488 2543 2470 9489 2545 2472 9490 2546 2473 9491 2547 2474 9492 2548 2475 9493 2544 2471 9494 2547 2474 9495 2544 2471 9496 2543 2470 9497 2549 2476 9498 2550 2477 9499 2551 2478 9500 2549 2476 9501 2551 2478 9502 2552 2479 9503 2552 2479 9504 2551 2478 9505 2553 2480 9506 2552 2479 9507 2553 2480 9508 2554 2481 9509 2554 2481 9510 2553 2480 9511 2555 2482 9512 2554 2481 9513 2555 2482 9514 2556 2483 9515 2557 2484 9516 2558 2485 9517 2559 2486 9518 2557 2484 9519 2559 2486 9520 2560 2487 9521 2560 2487 9522 2559 2486 9523 2550 2477 9524 2560 2487 9525 2550 2477 9526 2549 2476 9527 2556 2483 9528 2555 2482 9529 2558 2485 9530 2556 2483 9531 2558 2485 9532 2557 2484 9533 2561 2235 9534 2562 2235 9535 2563 2235 9536 2561 2488 9537 2563 2489 9538 2564 2490 9539 2565 2491 9540 2566 2492 9541 2567 2493 9542 2565 2491 9543 2567 2493 9544 2568 2494 9545 2569 2495 9546 2570 45 9547 2571 2496 9548 2569 2495 9549 2571 2496 9550 2572 2497 9551 2573 2498 9552 2565 2491 9553 2568 2494 9554 2573 2498 9555 2568 2494 9556 2574 2499 9557 2544 2471 9558 2575 2500 9559 2576 2501 9560 2544 2471 9561 2576 2501 9562 2545 2472 9563 2563 2489 9564 2577 2502 9565 2578 2503 9566 2563 2489 9567 2578 2503 9568 2564 2490 9569 2571 2496 9570 2579 2504 9571 2580 2505 9572 2571 2496 9573 2580 2505 9574 2572 2497 9575 2548 2475 9576 2581 2506 9577 2575 2500 9578 2548 2475 9579 2575 2500 9580 2544 2471 9581 2582 2507 9582 2583 2508 9583 2584 2509 9584 2582 2507 9585 2584 2509 9586 2585 2510 9587 2586 2511 9588 2587 2512 9589 2588 2513 9590 2586 2511 9591 2588 2513 9592 2589 2514 9593 2578 2503 9594 2590 2515 9595 2591 2516 9596 2578 2503 9597 2591 2516 9598 2564 2490 9599 2585 2510 9600 2584 2509 9601 2592 2517 9602 2585 2510 9603 2592 2517 9604 2593 2518 9605 2571 2496 9606 2594 2519 9607 2595 2520 9608 2571 2496 9609 2595 2520 9610 2579 2504 9611 2596 2521 9612 2597 2522 9613 2587 2512 9614 2596 2521 9615 2587 2512 9616 2586 2511 9617 2598 2523 9618 2596 2521 9619 2586 2511 9620 2598 2523 9621 2586 2511 9622 2599 2524 9623 2599 2524 9624 2586 2511 9625 2589 2514 9626 2599 2524 9627 2589 2514 9628 2600 2525 9629 2601 2526 9630 2602 2527 9631 2603 2528 9632 2601 2526 9633 2603 2528 9634 2604 2529 9635 2605 2530 9636 2294 2235 9637 2293 2235 9638 2605 2530 9639 2293 2235 9640 2606 2531 9641 2295 2236 9642 2607 2532 9643 2608 2533 9644 2295 2236 9645 2608 2533 9646 2296 2237 9647 2609 2534 9648 2610 2535 9649 2611 2536 9650 2609 2534 9651 2611 2536 9652 2612 2537 9653 2613 2538 9654 2614 2539 9655 2615 2540 9656 2613 2538 9657 2615 2540 9658 2616 2541 9659 2617 2542 9660 2618 2543 9661 2619 2544 9662 2617 2542 9663 2619 2544 9664 2620 2545 9665 2611 2536 9666 2610 2535 9667 2621 2546 9668 2611 2536 9669 2621 2546 9670 2622 2547 9671 2623 2548 9672 2624 2549 9673 2625 2550 9674 2623 2548 9675 2625 2550 9676 2626 2551 9677 2601 2526 9678 2604 2529 9679 2627 2552 9680 2601 2526 9681 2627 2552 9682 2628 2553 9683 2629 2554 9684 2630 2555 9685 2631 2556 9686 2629 2554 9687 2631 2556 9688 2632 2557 9689 2633 2558 9690 2634 2559 9691 2635 2560 9692 2633 2558 9693 2635 2560 9694 2636 2561 9695 2637 2562 9696 2638 2563 9697 2639 2564 9698 2637 2562 9699 2639 2564 9700 2640 2565 9701 2640 2565 9702 2639 2564 9703 2641 2566 9704 2640 2565 9705 2641 2566 9706 2642 2567 9707 2643 2568 9708 2644 2569 9709 2645 2570 9710 2643 2568 9711 2645 2570 9712 2646 2571 9713 2642 2567 9714 2641 2566 9715 2647 2572 9716 2642 2567 9717 2647 2572 9718 2648 2573 9719 2644 2569 9720 2649 2574 9721 2650 2575 9722 2644 2569 9723 2650 2575 9724 2645 2570 9725 2649 2574 9726 2651 2576 9727 2652 2577 9728 2649 2574 9729 2652 2577 9730 2650 2575 9731 2334 2275 9732 2653 2578 9733 2654 2579 9734 2334 2275 9735 2654 2579 9736 2332 2273 9737 2648 2573 9738 2647 2572 9739 2654 2579 9740 2648 2573 9741 2654 2579 9742 2655 2580 9743 2651 2576 9744 2656 2581 9745 2657 2582 9746 2651 2576 9747 2657 2582 9748 2652 2577 9749 2654 2579 9750 2653 2578 9751 2658 2583 9752 2654 2579 9753 2658 2583 9754 2655 2580 9755 2653 2578 9756 2659 2584 9757 2660 2585 9758 2653 2578 9759 2660 2585 9760 2658 2583 9761 2656 2581 9762 2661 2586 9763 2662 2587 9764 2656 2581 9765 2662 2587 9766 2657 2582 9767 2659 2584 9768 2663 2588 9769 2664 2589 9770 2659 2584 9771 2664 2589 9772 2660 2585 9773 2661 2586 9774 2665 2590 9775 2666 2591 9776 2661 2586 9777 2666 2591 9778 2662 2587 9779 2667 2592 9780 2668 2593 9781 2669 2594 9782 2667 2592 9783 2669 2594 9784 2670 2595 9785 2671 2596 9786 2672 2597 9787 2339 2280 9788 2671 2596 9789 2339 2280 9790 2342 2283 9791 2673 2598 9792 2674 2599 9793 2675 2600 9794 2673 2598 9795 2675 2600 9796 2666 2591 9797 2676 2601 9798 2677 2602 9799 2678 2603 9800 2676 2601 9801 2678 2603 9802 2679 2604 9803 2672 2597 9804 2671 2596 9805 2680 2605 9806 2672 2597 9807 2680 2605 9808 2681 2606 9809 2682 2607 9810 2683 2608 9811 2684 2609 9812 2682 2607 9813 2684 2609 9814 2685 2610 9815 2686 2611 9816 2687 2612 9817 2688 2613 9818 2686 2611 9819 2688 2613 9820 2689 2614 9821 2690 2615 9822 2691 2616 9823 2692 2617 9824 2690 2615 9825 2692 2617 9826 2693 2618 9827 2682 2607 9828 2685 2610 9829 2694 2619 9830 2682 2607 9831 2694 2619 9832 2695 2620 9833 2696 2621 9834 2697 2622 9835 2698 2623 9836 2696 2621 9837 2698 2623 9838 2699 2624 9839 2695 2620 9840 2694 2619 9841 2700 2625 9842 2695 2620 9843 2700 2625 9844 2701 2626 9845 2702 2627 9846 2686 2611 9847 2689 2614 9848 2702 2627 9849 2689 2614 9850 2703 2628 9851 2699 2624 9852 2698 2623 9853 2704 2629 9854 2699 2624 9855 2704 2629 9856 2705 2630 9857 2701 2626 9858 2700 2625 9859 2706 2631 9860 2701 2626 9861 2706 2631 9862 2707 2632 9863 2708 2633 9864 2702 2627 9865 2703 2628 9866 2708 2633 9867 2703 2628 9868 2709 2634 9869 2705 2630 9870 2704 2629 9871 2710 2635 9872 2705 2630 9873 2710 2635 9874 2711 2636 9875 2707 2632 9876 2706 2631 9877 2712 2637 9878 2707 2632 9879 2712 2637 9880 2713 2638 9881 2714 2639 9882 2715 2640 9883 2708 2633 9884 2714 2639 9885 2708 2633 9886 2709 2634 9887 2375 2316 9888 2716 2641 9889 2717 2642 9890 2375 2316 9891 2717 2642 9892 2376 2317 9893 2718 2643 9894 2711 2636 9895 2710 2635 9896 2718 2643 9897 2710 2635 9898 2719 2644 9899 2720 2645 9900 2713 2638 9901 2712 2637 9902 2720 2645 9903 2712 2637 9904 2721 2646 9905 2722 2647 9906 2715 2640 9907 2714 2639 9908 2722 2647 9909 2714 2639 9910 2723 2648 9911 2724 2649 9912 2718 2643 9913 2719 2644 9914 2724 2649 9915 2719 2644 9916 2725 2650 9917 2726 2651 9918 2717 2642 9919 2716 2641 9920 2726 2651 9921 2716 2641 9922 2727 2652 9923 2728 2653 9924 2720 2645 9925 2721 2646 9926 2728 2653 9927 2721 2646 9928 2729 2654 9929 2730 2655 9930 2731 2656 9931 2732 2657 9932 2730 2655 9933 2732 2657 9934 2733 2658 9935 2734 2659 9936 2735 2660 9937 2736 2661 9938 2734 2659 9939 2736 2661 9940 2737 2662 9941 2738 2663 9942 2722 2647 9943 2723 2648 9944 2738 2663 9945 2723 2648 9946 2739 2664 9947 2740 2665 9948 2741 2666 9949 2742 2667 9950 2740 2665 9951 2742 2667 9952 2743 2668 9953 2732 2657 9954 2728 2653 9955 2729 2654 9956 2732 2657 9957 2729 2654 9958 2733 2658 9959 2744 2669 9960 2738 2663 9961 2739 2664 9962 2744 2669 9963 2739 2664 9964 2745 2670 9965 2635 2560 9966 2746 2671 9967 2747 2672 9968 2635 2560 9969 2747 2672 9970 2636 2561 9971 2748 2673 9972 2749 2674 9973 2646 2571 9974 2748 2673 9975 2646 2571 9976 2645 2570 9977 2650 2575 9978 2750 2675 9979 2748 2673 9980 2650 2575 9981 2748 2673 9982 2645 2570 9983 2747 2672 9984 2746 2671 9985 2679 2604 9986 2747 2672 9987 2679 2604 9988 2678 2603 9989 2689 2614 9990 2688 2613 9991 2749 2674 9992 2689 2614 9993 2749 2674 9994 2748 2673 9995 2748 2673 9996 2750 2675 9997 2703 2628 9998 2748 2673 9999 2703 2628 10000 2689 2614 10001 2751 2676 10002 2752 2677 10003 2753 2678 10004 2751 2676 10005 2753 2678 10006 2754 2679 10007 2755 2680 10008 2756 2680 10009 2757 2680 10010 2755 2681 10011 2757 2681 10012 2758 2681 10013 2759 2682 10014 2760 2682 10015 2756 2682 10016 2759 2683 10017 2756 2683 10018 2755 2683 10019 2761 2684 10020 2762 2685 10021 2670 2595 10022 2761 2684 10023 2670 2595 10024 2669 2594 10025 2763 2686 10026 2764 2687 10027 2666 2591 10028 2763 2686 10029 2666 2591 10030 2675 2600 10031 2765 2688 10032 2766 2688 10033 2760 2688 10034 2765 59 10035 2760 59 10036 2759 59 10037 2767 2689 10038 2768 2690 10039 2769 2691 10040 2767 2689 10041 2769 2691 10042 2770 2692 10043 2766 2693 10044 2765 2693 10045 2771 2693 10046 2766 59 10047 2771 59 10048 2772 59 10049 2773 2694 10050 2774 2695 10051 2775 2696 10052 2773 2694 10053 2775 2696 10054 2776 2697 10055 2736 2661 10056 2762 2685 10057 2761 2684 10058 2736 2661 10059 2761 2684 10060 2737 2662 10061 2745 2670 10062 2739 2664 10063 2764 2687 10064 2745 2670 10065 2764 2687 10066 2763 2686 10067 2777 2698 10068 2778 2698 10069 2772 2698 10070 2777 59 10071 2772 59 10072 2771 59 10073 2779 59 10074 2778 59 10075 2777 59 10076 2779 2699 10077 2777 2699 10078 2780 2699 10079 2781 2700 10080 2779 2700 10081 2780 2700 10082 2781 2701 10083 2780 2701 10084 2782 2701 10085 2783 2702 10086 2784 2703 10087 2752 2677 10088 2783 2702 10089 2752 2677 10090 2751 2676 10091 2785 2704 10092 2786 2705 10093 2787 2706 10094 2785 2704 10095 2787 2706 10096 2788 2707 10097 2776 2697 10098 2775 2696 10099 2786 2705 10100 2776 2697 10101 2786 2705 10102 2785 2704 10103 2770 2692 10104 2769 2691 10105 2789 2708 10106 2770 2692 10107 2789 2708 10108 2790 2709 10109 2791 2710 10110 2792 2711 10111 2774 2695 10112 2791 2710 10113 2774 2695 10114 2773 2694 10115 2793 2712 10116 2794 2713 10117 2784 2703 10118 2793 2712 10119 2784 2703 10120 2783 2702 10121 2754 2679 10122 2753 2678 10123 2795 2714 10124 2754 2679 10125 2795 2714 10126 2796 2715 10127 2666 2591 10128 2764 2687 10129 2797 2716 10130 2666 2591 10131 2797 2716 10132 2798 2717 10133 2799 2718 10134 2797 2716 10135 2764 2687 10136 2799 2718 10137 2764 2687 10138 2739 2664 10139 2662 2587 10140 2666 2591 10141 2798 2717 10142 2662 2587 10143 2798 2717 10144 2800 2719 10145 2657 2582 10146 2662 2587 10147 2800 2719 10148 2657 2582 10149 2800 2719 10150 2801 2720 10151 2801 2720 10152 2802 2721 10153 2652 2577 10154 2801 2720 10155 2652 2577 10156 2657 2582 10157 2650 2575 10158 2652 2577 10159 2802 2721 10160 2650 2575 10161 2802 2721 10162 2803 2722 10163 2750 2675 10164 2650 2575 10165 2803 2722 10166 2750 2675 10167 2803 2722 10168 2804 2723 10169 2703 2628 10170 2750 2675 10171 2804 2723 10172 2703 2628 10173 2804 2723 10174 2805 2724 10175 2709 2634 10176 2703 2628 10177 2805 2724 10178 2709 2634 10179 2805 2724 10180 2806 2725 10181 2806 2725 10182 2807 2726 10183 2714 2639 10184 2806 2725 10185 2714 2639 10186 2709 2634 10187 2723 2648 10188 2714 2639 10189 2807 2726 10190 2723 2648 10191 2807 2726 10192 2808 2727 10193 2739 2664 10194 2723 2648 10195 2808 2727 10196 2739 2664 10197 2808 2727 10198 2799 2718 10199 2325 2266 10200 2639 2564 10201 2638 2563 10202 2325 2266 10203 2638 2563 10204 2326 2267 10205 2328 2269 10206 2641 2566 10207 2639 2564 10208 2328 2269 10209 2639 2564 10210 2325 2266 10211 2336 2277 10212 2659 2584 10213 2653 2578 10214 2336 2277 10215 2653 2578 10216 2334 2275 10217 2338 2279 10218 2663 2588 10219 2659 2584 10220 2338 2279 10221 2659 2584 10222 2336 2277 10223 2633 2558 10224 2636 2561 10225 2387 2328 10226 2633 2558 10227 2387 2328 10228 2390 2331 10229 2387 2328 10230 2636 2561 10231 2747 2672 10232 2387 2328 10233 2747 2672 10234 2395 2336 10235 2395 2336 10236 2747 2672 10237 2678 2603 10238 2395 2336 10239 2678 2603 10240 2404 2345 10241 2413 2354 10242 2404 2345 10243 2678 2603 10244 2413 2354 10245 2678 2603 10246 2677 2602 10247 2420 2361 10248 2419 2360 10249 2669 2594 10250 2420 2361 10251 2669 2594 10252 2668 2593 10253 2430 2728 10254 2757 2728 10255 2756 2728 10256 2430 59 10257 2756 59 10258 2431 59 10259 2431 2729 10260 2756 2729 10261 2760 2729 10262 2431 59 10263 2760 59 10264 2435 59 10265 2436 2374 10266 2761 2684 10267 2669 2594 10268 2436 2374 10269 2669 2594 10270 2419 2360 10271 2435 2730 10272 2760 2730 10273 2766 2730 10274 2435 59 10275 2766 59 10276 2442 59 10277 2442 2731 10278 2766 2731 10279 2772 2731 10280 2442 59 10281 2772 59 10282 2449 59 10283 2456 2392 10284 2737 2662 10285 2761 2684 10286 2456 2392 10287 2761 2684 10288 2436 2374 10289 2449 2732 10290 2772 2732 10291 2778 2732 10292 2449 59 10293 2778 59 10294 2462 59 10295 2462 2733 10296 2778 2733 10297 2779 2733 10298 2462 2734 10299 2779 2734 10300 2465 2734 10301 2734 2659 10302 2737 2662 10303 2456 2392 10304 2734 2659 10305 2456 2392 10306 2468 2403 10307 2465 2735 10308 2779 2735 10309 2781 2735 10310 2465 2736 10311 2781 2736 10312 2469 2736 10313 2809 2737 10314 2810 2737 10315 2811 2737 10316 2809 2738 10317 2811 2738 10318 2812 2738 10319 2810 2739 10320 2813 2739 10321 2814 2739 10322 2810 2740 10323 2814 2740 10324 2811 2740 10325 2813 59 10326 2815 59 10327 2816 59 10328 2813 2741 10329 2816 2741 10330 2814 2741 10331 2815 59 10332 2817 59 10333 2818 59 10334 2815 2742 10335 2818 2742 10336 2816 2742 10337 2817 59 10338 2819 59 10339 2820 59 10340 2817 2743 10341 2820 2743 10342 2818 2743 10343 2819 59 10344 2821 59 10345 2822 59 10346 2819 2441 10347 2822 2441 10348 2820 2441 10349 2517 2744 10350 2823 2744 10351 2824 2744 10352 2517 2745 10353 2824 2745 10354 2518 2745 10355 2821 59 10356 2825 59 10357 2826 59 10358 2821 59 10359 2826 59 10360 2822 59 10361 2825 2746 10362 2827 2746 10363 2828 2746 10364 2825 2747 10365 2828 2747 10366 2826 2747 10367 2827 2748 10368 2824 2748 10369 2823 2748 10370 2827 2749 10371 2823 2749 10372 2828 2749 10373 2499 59 10374 2809 59 10375 2812 59 10376 2499 2750 10377 2812 2750 10378 2500 2750 10379 2829 2751 10380 2830 2752 10381 2831 2753 10382 2829 2751 10383 2831 2753 10384 2832 2754 10385 2833 2755 10386 2834 2756 10387 2835 2757 10388 2833 2755 10389 2835 2757 10390 2836 2758 10391 2834 2756 10392 2837 2759 10393 2838 2760 10394 2834 2756 10395 2838 2760 10396 2835 2757 10397 2837 2759 10398 2839 2761 10399 2840 2762 10400 2837 2759 10401 2840 2762 10402 2838 2760 10403 2839 2761 10404 2841 2763 10405 2842 2764 10406 2839 2761 10407 2842 2764 10408 2840 2762 10409 2841 2763 10410 2843 2765 10411 2844 2766 10412 2841 2763 10413 2844 2766 10414 2842 2764 10415 2541 2468 10416 2845 2767 10417 2846 2768 10418 2541 2468 10419 2846 2768 10420 2542 2469 10421 2843 2765 10422 2847 2769 10423 2848 2770 10424 2843 2765 10425 2848 2770 10426 2844 2766 10427 2847 2769 10428 2849 2771 10429 2850 2772 10430 2847 2769 10431 2850 2772 10432 2848 2770 10433 2851 2773 10434 2846 2768 10435 2845 2767 10436 2851 2773 10437 2845 2767 10438 2852 2774 10439 2519 2446 10440 2829 2751 10441 2832 2754 10442 2519 2446 10443 2832 2754 10444 2520 2447 10445 2330 2271 10446 2647 2572 10447 2641 2566 10448 2330 2271 10449 2641 2566 10450 2328 2269 10451 2332 2273 10452 2654 2579 10453 2647 2572 10454 2332 2273 10455 2647 2572 10456 2330 2271 10457 2853 2775 10458 2854 2776 10459 2855 2777 10460 2853 2775 10461 2855 2777 10462 2856 2778 10463 2857 2779 10464 2853 2775 10465 2856 2778 10466 2857 2779 10467 2856 2778 10468 2858 2780 10469 2859 2781 10470 2860 2782 10471 2861 2783 10472 2859 2781 10473 2861 2783 10474 2862 2784 10475 2860 2782 10476 2863 2785 10477 2864 2786 10478 2860 2782 10479 2864 2786 10480 2861 2783 10481 2863 2785 10482 2865 2787 10483 2866 2788 10484 2863 2785 10485 2866 2788 10486 2864 2786 10487 2867 2789 10488 2868 2790 10489 2869 2791 10490 2867 2789 10491 2869 2791 10492 2870 2792 10493 2868 2790 10494 2859 2781 10495 2862 2784 10496 2868 2790 10497 2862 2784 10498 2869 2791 10499 2865 2787 10500 2867 2789 10501 2870 2792 10502 2865 2787 10503 2870 2792 10504 2866 2788 10505 2871 2793 10506 2872 2794 10507 2873 2795 10508 2871 2235 10509 2873 2235 10510 2874 2235 10511 2875 2796 10512 2876 2797 10513 2877 2798 10514 2875 2796 10515 2877 2798 10516 2878 2799 10517 2879 2800 10518 2880 2801 10519 2881 2802 10520 2879 2800 10521 2881 2802 10522 2882 45 10523 2883 2803 10524 2884 2804 10525 2876 2797 10526 2883 2803 10527 2876 2797 10528 2875 2796 10529 2856 2778 10530 2855 2777 10531 2885 2805 10532 2856 2778 10533 2885 2805 10534 2886 2806 10535 2873 2795 10536 2872 2794 10537 2887 2807 10538 2873 2795 10539 2887 2807 10540 2888 2808 10541 2881 2802 10542 2880 2801 10543 2889 2809 10544 2881 2802 10545 2889 2809 10546 2890 2810 10547 2858 2780 10548 2856 2778 10549 2886 2806 10550 2858 2780 10551 2886 2806 10552 2891 2811 10553 2892 2812 10554 2893 2813 10555 2894 2814 10556 2892 2812 10557 2894 2814 10558 2895 2815 10559 2896 2816 10560 2897 2817 10561 2898 2818 10562 2896 2816 10563 2898 2818 10564 2899 2819 10565 2887 2807 10566 2872 2794 10567 2900 2820 10568 2887 2807 10569 2900 2820 10570 2901 2821 10571 2893 2813 10572 2902 2822 10573 2903 2823 10574 2893 2813 10575 2903 2823 10576 2894 2814 10577 2881 2802 10578 2890 2810 10579 2904 2824 10580 2881 2802 10581 2904 2824 10582 2905 2825 10583 2906 2826 10584 2896 2816 10585 2899 2819 10586 2906 2826 10587 2899 2819 10588 2907 2827 10589 2908 2828 10590 2909 2829 10591 2896 2816 10592 2908 2828 10593 2896 2816 10594 2906 2826 10595 2909 2829 10596 2910 2830 10597 2897 2817 10598 2909 2829 10599 2897 2817 10600 2896 2816 10601 2911 2831 10602 2300 2241 10603 2912 2832 10604 2911 2831 10605 2912 2832 10606 2913 2833 10607 2300 2241 10608 2299 2240 10609 2914 2834 10610 2300 2241 10611 2914 2834 10612 2912 2832 10613 2299 2240 10614 2915 2835 10615 2916 2836 10616 2299 2240 10617 2916 2836 10618 2914 2834 10619 2917 2837 10620 2609 2534 10621 2918 2838 10622 2917 2837 10623 2918 2838 10624 2919 2839 10625 2609 2534 10626 2612 2537 10627 2920 2840 10628 2609 2534 10629 2920 2840 10630 2918 2838 10631 2612 2537 10632 2921 2841 10633 2922 2842 10634 2612 2537 10635 2922 2842 10636 2920 2840 10637 2923 2843 10638 2924 2844 10639 2925 2845 10640 2923 2843 10641 2925 2845 10642 2926 2846 10643 2927 2847 10644 2928 2848 10645 2929 2849 10646 2927 2847 10647 2929 2849 10648 2930 2850 10649 2931 2851 10650 2932 2852 10651 2933 2853 10652 2931 2851 10653 2933 2853 10654 2934 2854 10655 2935 2855 10656 2923 2843 10657 2926 2846 10658 2935 2855 10659 2926 2846 10660 2936 2856 10661 2937 2857 10662 2938 2858 10663 2939 2859 10664 2937 2857 10665 2939 2859 10666 2940 2860 10667 2941 67 10668 2942 67 10669 2932 67 10670 2941 2861 10671 2932 2852 10672 2931 2851 10673 2943 2862 10674 2944 2863 10675 2923 2843 10676 2943 2862 10677 2923 2843 10678 2935 2855 10679 2944 2863 10680 2945 2864 10681 2924 2844 10682 2944 2863 10683 2924 2844 10684 2923 2843 10685 2946 2865 10686 2947 63 10687 2928 2848 10688 2946 2865 10689 2928 2848 10690 2927 2847 10691 2948 2866 10692 2937 2857 10693 2940 2860 10694 2948 2866 10695 2940 2860 10696 2949 2867 10697 2950 2868 10698 2951 2869 10699 2607 2532 10700 2950 2868 10701 2607 2532 10702 2295 2236 10703 2952 2870 10704 2953 2871 10705 2931 2851 10706 2952 2870 10707 2931 2851 10708 2934 2854 10709 2954 2872 10710 2955 2873 10711 2956 2874 10712 2954 2872 10713 2956 2874 10714 2957 2875 10715 2955 2873 10716 2958 2876 10717 2959 2877 10718 2955 2873 10719 2959 2877 10720 2956 2874 10721 2960 2878 10722 2961 2879 10723 2929 2849 10724 2960 2878 10725 2929 2849 10726 2928 2848 10727 2962 2880 10728 2950 2868 10729 2295 2236 10730 2962 2880 10731 2295 2236 10732 2298 2239 10733 2683 2608 10734 2346 2287 10735 2345 2286 10736 2683 2608 10737 2345 2286 10738 2684 2609 10739 2730 2655 10740 2379 2320 10741 2382 2323 10742 2730 2655 10743 2382 2323 10744 2731 2656 10745 2963 2881 10746 2964 2882 10747 2965 2883 10748 2963 2881 10749 2965 2883 10750 2966 2884 10751 2964 2882 10752 2967 2885 10753 2968 2886 10754 2964 2882 10755 2968 2886 10756 2965 2883 10757 2969 2887 10758 2970 2888 10759 2971 2889 10760 2969 2887 10761 2971 2889 10762 2972 2890 10763 2970 2888 10764 2973 2891 10765 2974 2892 10766 2970 2888 10767 2974 2892 10768 2971 2889 10769 2975 2893 10770 2976 2894 10771 2977 2895 10772 2975 2893 10773 2977 2895 10774 2978 2896 10775 2976 2894 10776 2979 2897 10777 2980 2898 10778 2976 2894 10779 2980 2898 10780 2977 2895 10781 2981 2899 10782 2982 2900 10783 2983 2901 10784 2981 2899 10785 2983 2901 10786 2984 2902 10787 2982 2900 10788 2985 2903 10789 2986 2904 10790 2982 2900 10791 2986 2904 10792 2983 2901 10793 2985 2903 10794 2987 2905 10795 2988 2906 10796 2985 2903 10797 2988 2906 10798 2986 2904 10799 2987 2905 10800 2989 2907 10801 2990 2908 10802 2987 2905 10803 2990 2908 10804 2988 2906 10805 2991 2909 10806 2963 2881 10807 2966 2884 10808 2991 2909 10809 2966 2884 10810 2992 2910 10811 2973 2891 10812 2993 2911 10813 2994 2912 10814 2973 2891 10815 2994 2912 10816 2995 2913 10817 2996 2914 10818 2997 2915 10819 2998 2916 10820 2996 2914 10821 2998 2916 10822 2999 2917 10823 2974 2892 10824 2973 2891 10825 2995 2913 10826 2974 2892 10827 2995 2913 10828 3000 2918 10829 2993 2911 10830 3001 2919 10831 3002 2920 10832 2993 2911 10833 3002 2920 10834 2994 2912 10835 3003 2921 10836 3004 2922 10837 3005 2923 10838 3003 2921 10839 3005 2923 10840 3006 2924 10841 3004 2922 10842 2996 2914 10843 2999 2917 10844 3004 2922 10845 2999 2917 10846 3005 2923 10847 3007 2925 10848 3008 2926 10849 3009 2927 10850 3007 2925 10851 3009 2927 10852 3010 2928 10853 3011 2929 10854 3012 2930 10855 3013 2931 10856 3011 2929 10857 3013 2931 10858 3014 2932 10859 3015 2933 10860 3016 2934 10861 3017 2935 10862 3015 2933 10863 3017 2935 10864 3018 2936 10865 3019 2937 10866 3020 2938 10867 3021 2939 10868 3019 2937 10869 3021 2939 10870 3022 2940 10871 3010 2928 10872 3009 2927 10873 3023 2941 10874 3010 2928 10875 3023 2941 10876 3024 2942 10877 3014 2932 10878 3013 2931 10879 3025 2943 10880 3014 2932 10881 3025 2943 10882 3026 2944 10883 3018 2936 10884 3017 2935 10885 3027 2945 10886 3018 2936 10887 3027 2945 10888 3028 2946 10889 3029 2947 10890 3022 2940 10891 3030 2948 10892 3029 2947 10893 3030 2948 10894 3031 2949 10895 3030 2948 10896 3022 2940 10897 3021 2939 10898 3030 2948 10899 3021 2939 10900 3032 2950 10901 3025 2943 10902 3013 2931 10903 3033 2951 10904 3025 2943 10905 3033 2951 10906 3034 2952 10907 3035 2953 10908 3019 2937 10909 3022 2940 10910 3035 2953 10911 3022 2940 10912 3029 2947 10913 3012 2930 10914 3036 2954 10915 3033 2951 10916 3012 2930 10917 3033 2951 10918 3013 2931 10919 2966 2884 10920 2965 2883 10921 3037 2955 10922 2966 2884 10923 3037 2955 10924 3038 2956 10925 2965 2883 10926 2968 2886 10927 3039 2957 10928 2965 2883 10929 3039 2957 10930 3037 2955 10931 2972 2890 10932 2971 2889 10933 3040 2958 10934 2972 2890 10935 3040 2958 10936 3041 2959 10937 2971 2889 10938 2974 2892 10939 3042 2960 10940 2971 2889 10941 3042 2960 10942 3040 2958 10943 2974 2892 10944 3043 2961 10945 3044 2962 10946 2974 2892 10947 3044 2962 10948 3042 2960 10949 3043 2961 10950 3045 2963 10951 3046 2964 10952 3043 2961 10953 3046 2964 10954 3044 2962 10955 2978 2896 10956 2977 2895 10957 3047 2965 10958 2978 2896 10959 3047 2965 10960 3048 2966 10961 2977 2895 10962 2980 2898 10963 3049 2967 10964 2977 2895 10965 3049 2967 10966 3047 2965 10967 2984 2902 10968 2983 2901 10969 3050 2968 10970 2984 2902 10971 3050 2968 10972 3051 2969 10973 2983 2901 10974 2986 2904 10975 3052 2970 10976 2983 2901 10977 3052 2970 10978 3050 2968 10979 2986 2904 10980 2988 2906 10981 3053 2971 10982 2986 2904 10983 3053 2971 10984 3052 2970 10985 2988 2906 10986 2990 2908 10987 3054 2972 10988 2988 2906 10989 3054 2972 10990 3053 2971 10991 2992 2910 10992 2966 2884 10993 3038 2956 10994 2992 2910 10995 3038 2956 10996 3055 2973 10997 3056 2974 10998 3057 2975 10999 3058 2976 11000 3056 2974 11001 3058 2976 11002 3059 2977 11003 3057 2975 11004 3060 2978 11005 3061 2979 11006 3057 2975 11007 3061 2979 11008 3058 2976 11009 3062 2980 11010 3063 2981 11011 3064 2982 11012 3062 2980 11013 3064 2982 11014 3065 2983 11015 3063 2981 11016 3066 2984 11017 3067 2985 11018 3063 2981 11019 3067 2985 11020 3064 2982 11021 3066 2984 11022 3068 2986 11023 3069 2987 11024 3066 2984 11025 3069 2987 11026 3067 2985 11027 3068 2986 11028 3070 2988 11029 3071 2989 11030 3068 2986 11031 3071 2989 11032 3069 2987 11033 3070 2988 11034 3072 2990 11035 3073 2991 11036 3070 2988 11037 3073 2991 11038 3071 2989 11039 3072 2990 11040 3074 2992 11041 3075 2993 11042 3072 2990 11043 3075 2993 11044 3073 2991 11045 3076 2994 11046 3077 2995 11047 3078 2996 11048 3076 2994 11049 3078 2996 11050 3079 2997 11051 3077 2995 11052 3080 2998 11053 3081 2999 11054 3077 2995 11055 3081 2999 11056 3078 2996 11057 3080 2998 11058 3082 3000 11059 3083 3001 11060 3080 2998 11061 3083 3001 11062 3081 2999 11063 3082 3000 11064 3084 3002 11065 3085 3003 11066 3082 3000 11067 3085 3003 11068 3083 3001 11069 3086 3004 11070 3056 2974 11071 3059 2977 11072 3086 3004 11073 3059 2977 11074 3087 3005 11075 3088 3006 11076 3089 3007 11077 3090 3008 11078 3088 3006 11079 3090 3008 11080 3091 3009 11081 3089 3007 11082 3092 3010 11083 3093 3011 11084 3089 3007 11085 3093 3011 11086 3090 3008 11087 3092 3010 11088 3094 3012 11089 3095 3013 11090 3092 3010 11091 3095 3013 11092 3093 3011 11093 3094 3012 11094 3096 3014 11095 3097 3015 11096 3094 3012 11097 3097 3015 11098 3095 3013 11099 3096 3014 11100 3098 3016 11101 3099 3017 11102 3096 3014 11103 3099 3017 11104 3097 3015 11105 3098 3016 11106 3100 3018 11107 3101 3019 11108 3098 3016 11109 3101 3019 11110 3099 3017 11111 3100 3018 11112 3102 3020 11113 3103 3021 11114 3100 3018 11115 3103 3021 11116 3101 3019 11117 3102 3020 11118 3104 3022 11119 3105 3023 11120 3102 3020 11121 3105 3023 11122 3103 3021 11123 3104 3022 11124 3106 3024 11125 3107 3025 11126 3104 3022 11127 3107 3025 11128 3105 3023 11129 3106 3024 11130 3108 3026 11131 3109 3027 11132 3106 3024 11133 3109 3027 11134 3107 3025 11135 3108 3026 11136 3110 3028 11137 3111 3029 11138 3108 3026 11139 3111 3029 11140 3109 3027 11141 3110 3028 11142 3112 3030 11143 3113 3031 11144 3110 3028 11145 3113 3031 11146 3111 3029 11147 3112 3030 11148 3088 3006 11149 3091 3009 11150 3112 3030 11151 3091 3009 11152 3113 3031 11153 3114 3032 11154 3115 3033 11155 3116 3034 11156 3114 3032 11157 3116 3034 11158 3117 3035 11159 3118 3036 11160 3119 3037 11161 3120 3038 11162 3118 3036 11163 3120 3038 11164 3121 3039 11165 3119 3037 11166 3122 3040 11167 3123 3041 11168 3119 3037 11169 3123 3041 11170 3120 3038 11171 3122 3040 11172 3124 3042 11173 3125 3043 11174 3122 3040 11175 3125 3043 11176 3123 3041 11177 3124 3042 11178 3126 3044 11179 3127 3045 11180 3124 3042 11181 3127 3045 11182 3125 3043 11183 3128 3046 11184 3129 3047 11185 3130 3048 11186 3128 3046 11187 3130 3048 11188 3131 3049 11189 3129 3047 11190 3132 3050 11191 3133 3051 11192 3129 3047 11193 3133 3051 11194 3130 3048 11195 3134 3052 11196 3135 3053 11197 3136 3054 11198 3134 3052 11199 3136 3054 11200 3137 3055 11201 3135 3053 11202 3138 3056 11203 3139 3057 11204 3135 3053 11205 3139 3057 11206 3136 3054 11207 3138 3056 11208 3140 3058 11209 3141 3059 11210 3138 3056 11211 3141 3059 11212 3139 3057 11213 3128 3046 11214 3131 3049 11215 3114 3032 11216 3128 3046 11217 3114 3032 11218 3117 3035 11219 3142 3060 11220 3114 3032 11221 3131 3049 11222 3142 3060 11223 3131 3049 11224 3143 3061 11225 3141 3059 11226 3019 2937 11227 3035 2953 11228 3141 3059 11229 3035 2953 11230 3144 3062 11231 3141 3059 11232 3140 3058 11233 3020 2938 11234 3141 3059 11235 3020 2938 11236 3019 2937 11237 3126 3044 11238 3012 2930 11239 3011 2929 11240 3126 3044 11241 3011 2929 11242 3127 3045 11243 3126 3044 11244 3145 3063 11245 3036 2954 11246 3126 3044 11247 3036 2954 11248 3012 2930 11249 3146 3064 11250 3147 3065 11251 3008 2926 11252 3146 3064 11253 3008 2926 11254 3007 2925 11255 3148 3066 11256 3149 3066 11257 3150 3066 11258 3148 3067 11259 3150 3067 11260 3151 3067 11261 3142 3060 11262 3152 3068 11263 3115 3033 11264 3142 3060 11265 3115 3033 11266 3114 3032 11267 3153 3069 11268 3154 3070 11269 3119 3037 11270 3153 3069 11271 3119 3037 11272 3118 3036 11273 3154 3070 11274 3155 3071 11275 3122 3040 11276 3154 3070 11277 3122 3040 11278 3119 3037 11279 3155 3071 11280 3156 3072 11281 3124 3042 11282 3155 3071 11283 3124 3042 11284 3122 3040 11285 3156 3072 11286 3145 3063 11287 3126 3044 11288 3156 3072 11289 3126 3044 11290 3124 3042 11291 3139 3057 11292 3141 3059 11293 3144 3062 11294 3139 3057 11295 3144 3062 11296 3157 3073 11297 3136 3054 11298 3139 3057 11299 3157 3073 11300 3136 3054 11301 3157 3073 11302 3158 3074 11303 3137 3055 11304 3136 3054 11305 3158 3074 11306 3137 3055 11307 3158 3074 11308 3159 3075 11309 3131 3049 11310 3130 3048 11311 3160 3076 11312 3131 3049 11313 3160 3076 11314 3143 3061 11315 3130 3048 11316 3133 3051 11317 3161 3077 11318 3130 3048 11319 3161 3077 11320 3160 3076 11321 3162 3078 11322 3163 3079 11323 3016 2934 11324 3162 3078 11325 3016 2934 11326 3015 2933 11327 3164 3080 11328 3165 3080 11329 3163 3080 11330 3164 3081 11331 3163 3081 11332 3162 3081 11333 3151 3082 11334 3150 3082 11335 3165 3082 11336 3151 3083 11337 3165 3083 11338 3164 3083 11339 3166 3084 11340 3149 3084 11341 3148 3084 11342 3166 3085 11343 3148 3085 11344 3167 3085 11345 3166 3086 11346 3167 3086 11347 3168 3086 11348 3166 3087 11349 3168 3087 11350 3169 3087 11351 3170 3088 11352 3171 3088 11353 3147 3088 11354 3170 3089 11355 3147 3089 11356 3146 3089 11357 3172 3090 11358 3173 3090 11359 3171 3090 11360 3172 3091 11361 3171 3091 11362 3170 3091 11363 3174 3092 11364 3175 3092 11365 3173 3092 11366 3174 3093 11367 3173 3093 11368 3172 3093 11369 3176 3094 11370 3175 3094 11371 3174 3094 11372 3176 3095 11373 3174 3095 11374 3177 3095 11375 3178 3096 11376 3179 3096 11377 3180 3096 11378 3178 3097 11379 3180 3097 11380 3181 3097 11381 3182 3098 11382 3183 3099 11383 3184 3100 11384 3182 3098 11385 3184 3100 11386 3185 3101 11387 3185 3101 11388 3184 3100 11389 3186 3102 11390 3185 3101 11391 3186 3102 11392 3187 3103 11393 3188 3104 11394 3189 3105 11395 3190 3106 11396 3188 3104 11397 3190 3106 11398 3191 3107 11399 3191 3107 11400 3190 3106 11401 3192 3108 11402 3191 3107 11403 3192 3108 11404 3193 3109 11405 3194 3110 11406 3195 3111 11407 3196 3112 11408 3194 3110 11409 3196 3112 11410 3197 3113 11411 3197 3113 11412 3196 3112 11413 3198 3114 11414 3197 3113 11415 3198 3114 11416 3199 3115 11417 3200 3116 11418 3201 3117 11419 3202 3118 11420 3200 3116 11421 3202 3118 11422 3203 3119 11423 3203 3119 11424 3202 3118 11425 3204 3120 11426 3203 3119 11427 3204 3120 11428 3205 3121 11429 3205 3121 11430 3204 3120 11431 3206 3122 11432 3205 3121 11433 3206 3122 11434 3207 3123 11435 3207 3123 11436 3206 3122 11437 3208 3124 11438 3207 3123 11439 3208 3124 11440 3209 3125 11441 3210 3126 11442 3211 3127 11443 3183 3099 11444 3210 3126 11445 3183 3099 11446 3182 3098 11447 3193 3109 11448 3212 3128 11449 3213 3129 11450 3193 3109 11451 3213 3129 11452 3214 3130 11453 3215 3131 11454 3216 3132 11455 3217 3133 11456 3215 3131 11457 3217 3133 11458 3192 3108 11459 3192 3108 11460 3217 3133 11461 3212 3128 11462 3192 3108 11463 3212 3128 11464 3193 3109 11465 3214 3130 11466 3213 3129 11467 3218 3134 11468 3214 3130 11469 3218 3134 11470 3219 3135 11471 3219 3135 11472 3218 3134 11473 3220 3136 11474 3219 3135 11475 3220 3136 11476 3221 3137 11477 3221 3137 11478 3220 3136 11479 3216 3132 11480 3221 3137 11481 3216 3132 11482 3215 3131 11483 3222 3138 11484 3223 3139 11485 3224 3140 11486 3222 3138 11487 3224 3140 11488 3225 3141 11489 3226 3142 11490 3227 3143 11491 3228 3144 11492 3226 3142 11493 3228 3144 11494 3229 3145 11495 3230 3146 11496 3231 3147 11497 3232 3148 11498 3230 3146 11499 3232 3148 11500 3233 3149 11501 3234 3150 11502 3235 3151 11503 3236 3152 11504 3234 3150 11505 3236 3152 11506 3237 3153 11507 3223 3139 11508 3238 3154 11509 3239 3155 11510 3223 3139 11511 3239 3155 11512 3224 3140 11513 3227 3143 11514 3240 3156 11515 3241 3157 11516 3227 3143 11517 3241 3157 11518 3228 3144 11519 3231 3147 11520 3242 3158 11521 3243 3159 11522 3231 3147 11523 3243 3159 11524 3232 3148 11525 3244 3160 11526 3245 3161 11527 3246 3162 11528 3244 3160 11529 3246 3162 11530 3235 3151 11531 3246 3162 11532 3247 3163 11533 3236 3152 11534 3246 3162 11535 3236 3152 11536 3235 3151 11537 3241 3157 11538 3248 3164 11539 3249 3165 11540 3241 3157 11541 3249 3165 11542 3228 3144 11543 3250 3166 11544 3244 3160 11545 3235 3151 11546 3250 3166 11547 3235 3151 11548 3234 3150 11549 3229 3145 11550 3228 3144 11551 3249 3165 11552 3229 3145 11553 3249 3165 11554 3251 3167 11555 3183 3099 11556 3252 3168 11557 3253 3169 11558 3183 3099 11559 3253 3169 11560 3184 3100 11561 3184 3100 11562 3253 3169 11563 3254 3170 11564 3184 3100 11565 3254 3170 11566 3186 3102 11567 3189 3105 11568 3255 3171 11569 3256 3172 11570 3189 3105 11571 3256 3172 11572 3190 3106 11573 3190 3106 11574 3256 3172 11575 3257 3173 11576 3190 3106 11577 3257 3173 11578 3192 3108 11579 3192 3108 11580 3257 3173 11581 3258 3174 11582 3192 3108 11583 3258 3174 11584 3215 3131 11585 3215 3131 11586 3258 3174 11587 3259 3175 11588 3215 3131 11589 3259 3175 11590 3221 3137 11591 3195 3111 11592 3260 3176 11593 3261 3177 11594 3195 3111 11595 3261 3177 11596 3196 3112 11597 3196 3112 11598 3261 3177 11599 3262 3178 11600 3196 3112 11601 3262 3178 11602 3198 3114 11603 3201 3117 11604 3263 3179 11605 3264 3180 11606 3201 3117 11607 3264 3180 11608 3202 3118 11609 3202 3118 11610 3264 3180 11611 3265 3181 11612 3202 3118 11613 3265 3181 11614 3204 3120 11615 3204 3120 11616 3265 3181 11617 3266 3182 11618 3204 3120 11619 3266 3182 11620 3206 3122 11621 3206 3122 11622 3266 3182 11623 3267 3183 11624 3206 3122 11625 3267 3183 11626 3208 3124 11627 3211 3127 11628 3268 3184 11629 3252 3168 11630 3211 3127 11631 3252 3168 11632 3183 3099 11633 3269 3185 11634 3270 3186 11635 3271 3187 11636 3269 3185 11637 3271 3187 11638 3272 3188 11639 3272 3188 11640 3271 3187 11641 3273 3189 11642 3272 3188 11643 3273 3189 11644 3274 3190 11645 3275 3191 11646 3276 3192 11647 3277 3193 11648 3275 3191 11649 3277 3193 11650 3278 3194 11651 3278 3194 11652 3277 3193 11653 3279 3195 11654 3278 3194 11655 3279 3195 11656 3280 3196 11657 3280 3196 11658 3279 3195 11659 3281 3197 11660 3280 3196 11661 3281 3197 11662 3282 3198 11663 3282 3198 11664 3281 3197 11665 3283 3199 11666 3282 3198 11667 3283 3199 11668 3284 3200 11669 3284 3200 11670 3283 3199 11671 3285 3201 11672 3284 3200 11673 3285 3201 11674 3286 3202 11675 3286 3202 11676 3285 3201 11677 3287 3203 11678 3286 3202 11679 3287 3203 11680 3288 3204 11681 3289 3205 11682 3290 3206 11683 3291 3207 11684 3289 3205 11685 3291 3207 11686 3292 3208 11687 3292 3208 11688 3291 3207 11689 3293 3209 11690 3292 3208 11691 3293 3209 11692 3294 3210 11693 3294 3210 11694 3293 3209 11695 3295 3211 11696 3294 3210 11697 3295 3211 11698 3296 3212 11699 3296 3212 11700 3295 3211 11701 3297 3213 11702 3296 3212 11703 3297 3213 11704 3298 3214 11705 3299 3215 11706 3300 3216 11707 3270 3186 11708 3299 3215 11709 3270 3186 11710 3269 3185 11711 3301 3217 11712 3302 3218 11713 3303 3219 11714 3301 3217 11715 3303 3219 11716 3304 3220 11717 3304 3220 11718 3303 3219 11719 3305 3221 11720 3304 3220 11721 3305 3221 11722 3306 3222 11723 3306 3222 11724 3305 3221 11725 3307 3223 11726 3306 3222 11727 3307 3223 11728 3308 3224 11729 3308 3224 11730 3307 3223 11731 3309 3225 11732 3308 3224 11733 3309 3225 11734 3310 3226 11735 3310 3226 11736 3309 3225 11737 3311 3227 11738 3310 3226 11739 3311 3227 11740 3312 3228 11741 3312 3228 11742 3311 3227 11743 3313 3229 11744 3312 3228 11745 3313 3229 11746 3314 3230 11747 3314 3230 11748 3313 3229 11749 3315 3231 11750 3314 3230 11751 3315 3231 11752 3316 3232 11753 3316 3232 11754 3315 3231 11755 3317 3233 11756 3316 3232 11757 3317 3233 11758 3318 3234 11759 3318 3234 11760 3317 3233 11761 3319 3235 11762 3318 3234 11763 3319 3235 11764 3320 3236 11765 3320 3236 11766 3319 3235 11767 3321 3237 11768 3320 3236 11769 3321 3237 11770 3322 3238 11771 3322 3238 11772 3321 3237 11773 3323 3239 11774 3322 3238 11775 3323 3239 11776 3324 3240 11777 3324 3240 11778 3323 3239 11779 3325 3241 11780 3324 3240 11781 3325 3241 11782 3326 3242 11783 3326 3242 11784 3325 3241 11785 3302 3218 11786 3326 3242 11787 3302 3218 11788 3301 3217 11789 3327 3243 11790 3328 3244 11791 3329 3245 11792 3327 3243 11793 3329 3245 11794 3330 3246 11795 3331 3247 11796 3332 3248 11797 3333 3249 11798 3331 3247 11799 3333 3249 11800 3334 3250 11801 3334 3250 11802 3333 3249 11803 3335 3251 11804 3334 3250 11805 3335 3251 11806 3336 3252 11807 3336 3252 11808 3335 3251 11809 3337 3253 11810 3336 3252 11811 3337 3253 11812 3338 3254 11813 3338 3254 11814 3337 3253 11815 3339 3255 11816 3338 3254 11817 3339 3255 11818 3340 3256 11819 3341 3257 11820 3342 3258 11821 3343 3259 11822 3341 3257 11823 3343 3259 11824 3344 3260 11825 3344 3260 11826 3343 3259 11827 3345 3261 11828 3344 3260 11829 3345 3261 11830 3346 3262 11831 3347 3263 11832 3348 3264 11833 3349 3265 11834 3347 3263 11835 3349 3265 11836 3350 3266 11837 3350 3266 11838 3349 3265 11839 3351 3267 11840 3350 3266 11841 3351 3267 11842 3352 3268 11843 3352 3268 11844 3351 3267 11845 3353 3269 11846 3352 3268 11847 3353 3269 11848 3354 3270 11849 3341 3257 11850 3328 3244 11851 3327 3243 11852 3341 3257 11853 3327 3243 11854 3342 3258 11855 3355 3271 11856 3356 3272 11857 3342 3258 11858 3355 3271 11859 3342 3258 11860 3327 3243 11861 3353 3269 11862 3357 3273 11863 3250 3166 11864 3353 3269 11865 3250 3166 11866 3234 3150 11867 3353 3269 11868 3234 3150 11869 3237 3153 11870 3353 3269 11871 3237 3153 11872 3354 3270 11873 3340 3256 11874 3339 3255 11875 3226 3142 11876 3340 3256 11877 3226 3142 11878 3229 3145 11879 3340 3256 11880 3229 3145 11881 3251 3167 11882 3340 3256 11883 3251 3167 11884 3358 3274 11885 3359 3275 11886 3222 3138 11887 3225 3141 11888 3359 3275 11889 3225 3141 11890 3360 3276 11891 3361 3277 11892 3362 3277 11893 3363 3277 11894 3361 3278 11895 3363 3278 11896 3364 3278 11897 3355 3271 11898 3327 3243 11899 3330 3246 11900 3355 3271 11901 3330 3246 11902 3365 3279 11903 3366 3280 11904 3331 3247 11905 3334 3250 11906 3366 3280 11907 3334 3250 11908 3367 3281 11909 3367 3281 11910 3334 3250 11911 3336 3252 11912 3367 3281 11913 3336 3252 11914 3368 3282 11915 3368 3282 11916 3336 3252 11917 3338 3254 11918 3368 3282 11919 3338 3254 11920 3369 3283 11921 3369 3283 11922 3338 3254 11923 3340 3256 11924 3369 3283 11925 3340 3256 11926 3358 3274 11927 3351 3267 11928 3370 3284 11929 3357 3273 11930 3351 3267 11931 3357 3273 11932 3353 3269 11933 3349 3265 11934 3371 3285 11935 3370 3284 11936 3349 3265 11937 3370 3284 11938 3351 3267 11939 3348 3264 11940 3372 3286 11941 3371 3285 11942 3348 3264 11943 3371 3285 11944 3349 3265 11945 3342 3258 11946 3356 3272 11947 3373 3287 11948 3342 3258 11949 3373 3287 11950 3343 3259 11951 3343 3259 11952 3373 3287 11953 3374 3288 11954 3343 3259 11955 3374 3288 11956 3345 3261 11957 3375 3289 11958 3230 3146 11959 3233 3149 11960 3375 3289 11961 3233 3149 11962 3376 3290 11963 3377 3291 11964 3375 3291 11965 3376 3291 11966 3377 3292 11967 3376 3292 11968 3378 3292 11969 3362 3293 11970 3377 3293 11971 3378 3293 11972 3362 3294 11973 3378 3294 11974 3363 3294 11975 3379 3295 11976 3380 3295 11977 3361 3295 11978 3379 3296 11979 3361 3296 11980 3364 3296 11981 3379 3297 11982 3381 3297 11983 3382 3297 11984 3379 3298 11985 3382 3298 11986 3380 3298 11987 3383 3299 11988 3359 3275 11989 3360 3276 11990 3383 3300 11991 3360 3300 11992 3384 3300 11993 3385 3301 11994 3383 3301 11995 3384 3301 11996 3385 3302 11997 3384 3302 11998 3386 3302 11999 3387 3303 12000 3385 3303 12001 3386 3303 12002 3387 3304 12003 3386 3304 12004 3388 3304 12005 3389 3305 12006 3390 3305 12007 3387 3305 12008 3389 3306 12009 3387 3306 12010 3388 3306 12011 3389 3307 12012 3391 3307 12013 3392 3307 12014 3389 3308 12015 3392 3308 12016 3390 3308 12017 3393 3309 12018 3394 3310 12019 3395 3311 12020 3393 3309 12021 3395 3311 12022 3396 3312 12023 3394 3310 12024 3397 3313 12025 3398 3314 12026 3394 3310 12027 3398 3314 12028 3395 3311 12029 3397 3313 12030 3399 3315 12031 3400 3316 12032 3397 3313 12033 3400 3316 12034 3398 3314 12035 3399 3315 12036 3401 3317 12037 3402 3318 12038 3399 3315 12039 3402 3318 12040 3400 3316 12041 3403 3319 12042 3404 3320 12043 3405 3321 12044 3403 3319 12045 3405 3321 12046 3406 3322 12047 3404 3320 12048 3407 3323 12049 3408 3324 12050 3404 3320 12051 3408 3324 12052 3405 3321 12053 3407 3323 12054 3409 3325 12055 3410 3326 12056 3407 3323 12057 3410 3326 12058 3408 3324 12059 3409 3325 12060 3411 3327 12061 3412 3328 12062 3409 3325 12063 3412 3328 12064 3410 3326 12065 3411 3327 12066 3413 3329 12067 3414 3330 12068 3411 3327 12069 3414 3330 12070 3412 3328 12071 3413 3329 12072 3415 3331 12073 3416 3332 12074 3413 3329 12075 3416 3332 12076 3414 3330 12077 3415 3331 12078 3417 3333 12079 3418 3334 12080 3415 3331 12081 3418 3334 12082 3416 3332 12083 3419 3335 12084 3420 3336 12085 3421 3337 12086 3419 3335 12087 3421 3337 12088 3422 3338 12089 3423 3339 12090 3402 3318 12091 3424 3340 12092 3423 3339 12093 3424 3340 12094 3425 3341 12095 3402 3318 12096 3401 3317 12097 3426 3342 12098 3402 3318 12099 3426 3342 12100 3424 3340 12101 3420 3336 12102 3427 3343 12103 3428 3344 12104 3420 3336 12105 3428 3344 12106 3421 3337 12107 3403 3319 12108 3406 3322 12109 3429 3345 12110 3403 3319 12111 3429 3345 12112 3430 3346 12113 3406 3322 12114 3423 3339 12115 3425 3341 12116 3406 3322 12117 3425 3341 12118 3429 3345 12119 3431 3347 12120 3432 3348 12121 3433 3349 12122 3431 3347 12123 3433 3349 12124 3434 3350 12125 3435 3351 12126 3436 3352 12127 3437 3353 12128 3435 3351 12129 3437 3353 12130 3438 3354 12131 3439 3355 12132 3440 3356 12133 3441 3357 12134 3439 3355 12135 3441 3357 12136 3442 3358 12137 3443 3359 12138 3444 3360 12139 3445 3361 12140 3443 3359 12141 3445 3361 12142 3446 3362 12143 3431 3347 12144 3434 3350 12145 3447 3363 12146 3431 3347 12147 3447 3363 12148 3448 3364 12149 3449 3365 12150 3450 3366 12151 3451 3367 12152 3449 3365 12153 3451 3367 12154 3452 3368 12155 3439 3355 12156 3442 3358 12157 3453 3369 12158 3439 3355 12159 3453 3369 12160 3454 3370 12161 3455 3371 12162 3456 3372 12163 3457 3373 12164 3455 3371 12165 3457 3373 12166 3458 3374 12167 3448 3364 12168 3447 3363 12169 3459 3375 12170 3448 3364 12171 3459 3375 12172 3460 3376 12173 3461 3377 12174 3462 3378 12175 3463 3379 12176 3461 3377 12177 3463 3379 12178 3464 3380 12179 3454 3370 12180 3453 3369 12181 3465 3381 12182 3454 3370 12183 3465 3381 12184 3466 3382 12185 3467 3383 12186 3468 3384 12187 3469 3385 12188 3467 3383 12189 3469 3385 12190 3470 3386 12191 3433 3349 12192 3432 3348 12193 3471 3387 12194 3433 3349 12195 3471 3387 12196 3472 3388 12197 3437 3353 12198 3436 3352 12199 3473 3389 12200 3437 3353 12201 3473 3389 12202 3474 3390 12203 3441 3357 12204 3440 3356 12205 3475 3391 12206 3441 3357 12207 3475 3391 12208 3476 3392 12209 3477 3393 12210 3445 3361 12211 3478 3394 12212 3477 3393 12213 3478 3394 12214 3479 3395 12215 3478 3394 12216 3445 3361 12217 3444 3360 12218 3478 3394 12219 3444 3360 12220 3480 3396 12221 3473 3389 12222 3436 3352 12223 3481 3397 12224 3473 3389 12225 3481 3397 12226 3482 3398 12227 3446 3362 12228 3445 3361 12229 3477 3393 12230 3446 3362 12231 3477 3393 12232 3483 3399 12233 3457 3373 12234 3456 3372 12235 3484 3400 12236 3457 3373 12237 3484 3400 12238 3485 3401 12239 3469 3385 12240 3468 3384 12241 3486 3402 12242 3469 3385 12243 3486 3402 12244 3487 3403 12245 3488 3404 12246 3462 3378 12247 3461 3377 12248 3488 3404 12249 3461 3377 12250 3489 3405 12251 3490 3406 12252 3450 3366 12253 3449 3365 12254 3490 3406 12255 3449 3365 12256 3491 3407 12257 3492 3408 12258 3481 3397 12259 3436 3352 12260 3492 3408 12261 3436 3352 12262 3435 3351 12263 3396 3312 12264 3395 3311 12265 3493 3409 12266 3396 3312 12267 3493 3409 12268 3494 3410 12269 3395 3311 12270 3398 3314 12271 3495 3411 12272 3395 3311 12273 3495 3411 12274 3493 3409 12275 3398 3314 12276 3400 3316 12277 3496 3412 12278 3398 3314 12279 3496 3412 12280 3495 3411 12281 3400 3316 12282 3402 3318 12283 3497 3413 12284 3400 3316 12285 3497 3413 12286 3496 3412 12287 3402 3318 12288 3423 3339 12289 3498 3414 12290 3402 3318 12291 3498 3414 12292 3497 3413 12293 3423 3339 12294 3406 3322 12295 3499 3415 12296 3423 3339 12297 3499 3415 12298 3498 3414 12299 3406 3322 12300 3405 3321 12301 3500 3416 12302 3406 3322 12303 3500 3416 12304 3499 3415 12305 3405 3321 12306 3408 3324 12307 3501 3417 12308 3405 3321 12309 3501 3417 12310 3500 3416 12311 3408 3324 12312 3410 3326 12313 3502 3418 12314 3408 3324 12315 3502 3418 12316 3501 3417 12317 3410 3326 12318 3412 3328 12319 3503 3419 12320 3410 3326 12321 3503 3419 12322 3502 3418 12323 3412 3328 12324 3414 3330 12325 3504 3420 12326 3412 3328 12327 3504 3420 12328 3503 3419 12329 3414 3330 12330 3416 3332 12331 3505 3421 12332 3414 3330 12333 3505 3421 12334 3504 3420 12335 3416 3332 12336 3418 3334 12337 3506 3422 12338 3416 3332 12339 3506 3422 12340 3505 3421 12341 3494 3410 12342 3493 3409 12343 3507 3423 12344 3494 3410 12345 3507 3423 12346 3508 3424 12347 3493 3409 12348 3495 3411 12349 3509 3425 12350 3493 3409 12351 3509 3425 12352 3507 3423 12353 3495 3411 12354 3496 3412 12355 3510 3426 12356 3495 3411 12357 3510 3426 12358 3509 3425 12359 3496 3412 12360 3497 3413 12361 3511 3427 12362 3496 3412 12363 3511 3427 12364 3510 3426 12365 3497 3413 12366 3498 3414 12367 3512 3428 12368 3497 3413 12369 3512 3428 12370 3511 3427 12371 3498 3414 12372 3499 3415 12373 3513 3429 12374 3498 3414 12375 3513 3429 12376 3512 3428 12377 3499 3415 12378 3500 3416 12379 3514 3430 12380 3499 3415 12381 3514 3430 12382 3513 3429 12383 3500 3416 12384 3501 3417 12385 3515 3431 12386 3500 3416 12387 3515 3431 12388 3514 3430 12389 3501 3417 12390 3502 3418 12391 3516 3432 12392 3501 3417 12393 3516 3432 12394 3515 3431 12395 3502 3418 12396 3503 3419 12397 3517 3433 12398 3502 3418 12399 3517 3433 12400 3516 3432 12401 3503 3419 12402 3504 3420 12403 3518 3434 12404 3503 3419 12405 3518 3434 12406 3517 3433 12407 3504 3420 12408 3505 3421 12409 3519 3435 12410 3504 3420 12411 3519 3435 12412 3518 3434 12413 3505 3421 12414 3506 3422 12415 3520 3436 12416 3505 3421 12417 3520 3436 12418 3519 3435 12419 3521 3437 12420 3522 3438 12421 3523 3439 12422 3521 3437 12423 3523 3439 12424 3524 3440 12425 3522 3438 12426 3525 3441 12427 3526 3442 12428 3522 3438 12429 3526 3442 12430 3523 3439 12431 3525 3441 12432 3527 3443 12433 3528 3444 12434 3525 3441 12435 3528 3444 12436 3526 3442 12437 3527 3443 12438 3529 3445 12439 3530 3446 12440 3527 3443 12441 3530 3446 12442 3528 3444 12443 3529 3445 12444 3531 3447 12445 3532 3448 12446 3529 3445 12447 3532 3448 12448 3530 3446 12449 3531 3447 12450 3533 3449 12451 3534 3450 12452 3531 3447 12453 3534 3450 12454 3532 3448 12455 3533 3449 12456 3535 3451 12457 3536 3452 12458 3533 3449 12459 3536 3452 12460 3534 3450 12461 3535 3451 12462 3537 3453 12463 3538 3454 12464 3535 3451 12465 3538 3454 12466 3536 3452 12467 3537 3453 12468 3539 3455 12469 3540 3456 12470 3537 3453 12471 3540 3456 12472 3538 3454 12473 3539 3455 12474 3541 3457 12475 3542 3458 12476 3539 3455 12477 3542 3458 12478 3540 3456 12479 3541 3457 12480 3543 3459 12481 3544 3460 12482 3541 3457 12483 3544 3460 12484 3542 3458 12485 3543 3459 12486 3545 3461 12487 3546 3462 12488 3543 3459 12489 3546 3462 12490 3544 3460 12491 3545 3461 12492 3521 3437 12493 3524 3440 12494 3545 3461 12495 3524 3440 12496 3546 3462 12497 3547 3463 12498 3548 3464 12499 147 107 12500 3547 3463 12501 147 107 12502 146 106 12503 3549 3465 12504 3547 3463 12505 146 106 12506 3549 3465 12507 146 106 12508 149 109 12509 3550 3466 12510 3549 3465 12511 149 109 12512 3550 3466 12513 149 109 12514 150 110 12515 3551 3467 12516 3550 3466 12517 150 110 12518 3551 3467 12519 150 110 12520 151 113 12521 3552 3468 12522 3551 3467 12523 151 113 12524 3552 3468 12525 151 113 12526 152 112 12527 3553 3469 12528 3552 3468 12529 152 112 12530 3553 3469 12531 152 112 12532 153 115 12533 3554 3470 12534 3553 3469 12535 153 115 12536 3554 3470 12537 153 115 12538 154 116 12539 3555 3471 12540 3554 3470 12541 154 116 12542 3555 3471 12543 154 116 12544 155 117 12545 3556 3472 12546 3555 3471 12547 155 117 12548 3556 3472 12549 155 117 12550 156 118 12551 3557 3473 12552 3556 3472 12553 156 118 12554 3557 3473 12555 156 118 12556 157 119 12557 3558 3474 12558 3559 3474 12559 3560 3474 12560 3558 3475 12561 3560 3475 12562 3561 3475 12563 3562 3476 12564 3558 3476 12565 3561 3476 12566 3562 3477 12567 3561 3477 12568 3563 3477 12569 3564 3478 12570 3562 3478 12571 3563 3479 12572 3564 3480 12573 3563 3481 12574 3565 3480 12575 3413 3329 12576 3411 3327 12577 3566 3482 12578 3413 3329 12579 3566 3482 12580 3567 3483 12581 3568 3484 12582 3569 3484 12583 3570 3484 12584 3568 3485 12585 3570 3485 12586 3571 3485 12587 3572 3486 12588 3573 3487 12589 3574 3488 12590 3572 3486 12591 3574 3488 12592 3575 3489 12593 3415 3331 12594 3413 3329 12595 3567 3483 12596 3415 3331 12597 3567 3483 12598 3576 3490 12599 3573 3487 12600 3577 3491 12601 3578 3492 12602 3573 3487 12603 3578 3492 12604 3574 3488 12605 3417 3333 12606 3415 3331 12607 3576 3490 12608 3417 3333 12609 3576 3490 12610 3579 3493 12611 3577 3491 12612 3580 3494 12613 3581 3495 12614 3577 3491 12615 3581 3495 12616 3578 3492 12617 3582 3496 12618 3583 3496 12619 3584 3496 12620 3582 3497 12621 3584 3497 12622 3585 3497 12623 3586 3498 12624 3587 3498 12625 3588 3498 12626 3586 3499 12627 3588 3499 12628 3589 3499 12629 3590 3500 12630 3591 3500 12631 3592 3500 12632 3590 3501 12633 3592 3501 12634 3593 3501 12635 3594 3502 12636 3595 3503 12637 3596 3504 12638 3594 3502 12639 3596 3504 12640 3597 3505 12641 3598 3506 12642 3599 3506 12643 3600 3506 12644 3598 3507 12645 3600 3507 12646 3601 3507 12647 3602 3508 12648 3603 3509 12649 3604 3510 12650 3602 3508 12651 3604 3510 12652 3605 3511 12653 3606 3512 12654 3607 3513 12655 3608 3514 12656 3606 3512 12657 3608 3514 12658 3609 3515 12659 3610 3516 12660 3611 3517 12661 3612 3518 12662 3610 3516 12663 3612 3518 12664 3613 3519 12665 3614 3520 12666 3615 3521 12667 3616 3522 12668 3614 3520 12669 3616 3522 12670 3617 3523 12671 3618 3524 12672 3619 3525 12673 3620 3526 12674 3618 3524 12675 3620 3526 12676 3621 3527 12677 3614 3520 12678 3603 3509 12679 3602 3508 12680 3614 3520 12681 3602 3508 12682 3615 3521 12683 3601 3528 12684 3600 3528 12685 3622 3528 12686 3601 3529 12687 3622 3529 12688 3623 3529 12689 3608 3514 12690 3607 3513 12691 3619 3525 12692 3608 3514 12693 3619 3525 12694 3618 3524 12695 3602 3508 12696 3605 3511 12697 3624 3530 12698 3602 3508 12699 3624 3530 12700 3625 3531 12701 3595 3503 12702 3594 3502 12703 3626 3532 12704 3595 3533 12705 3626 3534 12706 3627 3534 12707 3609 3515 12708 3608 3514 12709 3628 3535 12710 3609 3515 12711 3628 3535 12712 3629 3536 12713 3630 3537 12714 3631 3537 12715 3632 3537 12716 3630 3538 12717 3632 3538 12718 3633 3538 12719 3634 3539 12720 3635 3539 12721 3636 3539 12722 3634 3540 12723 3636 3540 12724 3637 3540 12725 3638 3541 12726 3639 3542 12727 3640 3543 12728 3638 3541 12729 3640 3543 12730 3641 3544 12731 3642 3545 12732 3643 3545 12733 3644 3545 12734 3642 3546 12735 3644 3546 12736 3645 3546 12737 3646 3547 12738 3647 3548 12739 3648 3549 12740 3646 3547 12741 3648 3549 12742 3649 3550 12743 3650 3551 12744 3651 3552 12745 3652 3553 12746 3650 3551 12747 3652 3553 12748 3653 3554 12749 3654 3555 12750 3655 3556 12751 3656 3557 12752 3654 3555 12753 3656 3557 12754 3657 3558 12755 3658 3559 12756 3659 3560 12757 3660 3561 12758 3658 3559 12759 3660 3561 12760 3661 3562 12761 3662 3563 12762 3663 3564 12763 3664 3565 12764 3662 3563 12765 3664 3565 12766 3665 3566 12767 3658 3559 12768 3661 3562 12769 3646 3547 12770 3658 3559 12771 3646 3547 12772 3649 3550 12773 3643 3567 12774 3666 3567 12775 3667 3567 12776 3643 3568 12777 3667 3568 12778 3644 3568 12779 3652 3553 12780 3662 3563 12781 3665 3566 12782 3652 3553 12783 3665 3566 12784 3653 3554 12785 3646 3547 12786 3668 3569 12787 3669 3570 12788 3646 3547 12789 3669 3570 12790 3647 3548 12791 3641 3571 12792 3670 3572 12793 3671 3572 12794 3641 3573 12795 3671 3574 12796 3638 3575 12797 3651 3552 12798 3672 3576 12799 3673 3577 12800 3651 3552 12801 3673 3577 12802 3652 3553 12803 3674 59 12804 3675 59 12805 3676 59 12806 3674 59 12807 3676 59 12808 3677 59 12809 3676 59 12810 3675 59 12811 3678 59 12812 3676 59 12813 3678 59 12814 3679 59 12815 3680 59 12816 3681 59 12817 3682 59 12818 3680 59 12819 3682 59 12820 3683 59 12821 3684 59 12822 3682 59 12823 3681 59 12824 3684 59 12825 3681 59 12826 3685 59 12827 3683 59 12828 3682 59 12829 3686 59 12830 3683 3578 12831 3686 3578 12832 3687 3578 12833 3688 59 12834 3686 59 12835 3682 59 12836 3688 59 12837 3682 59 12838 3684 59 12839 3689 59 12840 3690 59 12841 3681 59 12842 3689 59 12843 3681 59 12844 3680 59 12845 3685 59 12846 3681 59 12847 3690 59 12848 3685 3579 12849 3690 3579 12850 3691 3579 12851 3687 59 12852 3686 59 12853 3675 59 12854 3687 59 12855 3675 59 12856 3674 59 12857 3678 59 12858 3675 59 12859 3686 59 12860 3678 3580 12861 3686 3580 12862 3688 3580 12863</p>
        </triangles>
      </mesh>
    </geometry>
  </library_geometries>
  <library_visual_scenes>
    <visual_scene id="Scene" name="Scene">
      <node id="dji_mavic2_pro" name="dji_mavic2_pro" type="NODE">
        <matrix sid="transform">-1 0 0 0 0 -1 -1.34359e-7 0 0 -1.34359e-7 1 0 0 0 0 1</matrix>
        <node id="Mavic" name="Mavic" type="NODE">
          <matrix sid="transform">-1 0 0 0 0 1 -1.34359e-7 0 0 -1.34359e-7 -1 0 0 0 0 1</matrix>
          <node id="RootNode" name="RootNode" type="NODE">
            <matrix sid="transform">-1 0 0 0 0 0 1 0 0 1 0 0 0 0 0 1</matrix>
            <node id="Wing8" name="Wing8" type="NODE">
              <matrix sid="transform">-1 0 0 0 0 0 1 0 0 1 0 0 0 0 0 1</matrix>
              <node id="MainBody" name="MainBody" type="NODE">
                <matrix sid="transform">-1 0 0 0 0 0 1 0 0 1 0 0 0 0 0 1</matrix>
                <instance_geometry url="#Wing8_FinalDJI_0-mesh" name="MainBody">
                  <bind_material>
                    <technique_common>
                      <instance_material symbol="FinalDJI-material" target="#FinalDJI-material">
                        <bind_vertex_input semantic="UVMap" input_semantic="TEXCOORD" input_set="0"/>
                      </instance_material>
                    </technique_common>
                  </bind_material>
                </instance_geometry>
              </node>
              <node id="PropellerFrontLeft" name="PropellerFrontLeft" type="NODE">
                <matrix sid="transform">-1 0 0 -2.038754 0 0 1 1.505737 0 1 0 -0.7920176 0 0 0 1</matrix>
                <instance_geometry url="#Wing8_FinalDJI_0_001-mesh" name="PropellerFrontLeft">
                  <bind_material>
                    <technique_common>
                      <instance_material symbol="FinalDJI-material" target="#FinalDJI-material">
                        <bind_vertex_input semantic="UVMap" input_semantic="TEXCOORD" input_set="0"/>
                      </instance_material>
                    </technique_common>
                  </bind_material>
                </instance_geometry>
              </node>
              <node id="PropellerBackLeft" name="PropellerBackLeft" type="NODE">
                <matrix sid="transform">-1 0 0 -1.530605 0 0 1 0.9952971 0 1 0 2.253271 0 0 0 1</matrix>
                <instance_geometry url="#Wing8_FinalDJI_0_002-mesh" name="PropellerBackLeft">
                  <bind_material>
                    <technique_common>
                      <instance_material symbol="FinalDJI-material" target="#FinalDJI-material">
                        <bind_vertex_input semantic="UVMap" input_semantic="TEXCOORD" input_set="0"/>
                      </instance_material>
                    </technique_common>
                  </bind_material>
                </instance_geometry>
              </node>
              <node id="PropellerBackRight" name="PropellerBackRight" type="NODE">
                <matrix sid="transform">-1 0 0 1.530606 0 0 1 0.9952971 0 1 0 2.25327 0 0 0 1</matrix>
                <instance_geometry url="#Wing8_FinalDJI_0_003-mesh" name="PropellerBackRight">
                  <bind_material>
                    <technique_common>
                      <instance_material symbol="FinalDJI-material" target="#FinalDJI-material">
                        <bind_vertex_input semantic="UVMap" input_semantic="TEXCOORD" input_set="0"/>
                      </instance_material>
                    </technique_common>
                  </bind_material>
                </instance_geometry>
              </node>
              <node id="PropellerFrontRight" name="PropellerFrontRight" type="NODE">
                <matrix sid="transform">-1 0 0 2.076152 0 0 1 1.505518 0 1 0 -0.8004241 0 0 0 1</matrix>
                <instance_geometry url="#Wing8_FinalDJI_0_004-mesh" name="PropellerFrontRight">
                  <bind_material>
                    <technique_common>
                      <instance_material symbol="FinalDJI-material" target="#FinalDJI-material">
                        <bind_vertex_input semantic="UVMap" input_semantic="TEXCOORD" input_set="0"/>
                      </instance_material>
                    </technique_common>
                  </bind_material>
                </instance_geometry>
              </node>
            </node>
          </node>
        </node>
      </node>
    </visual_scene>
  </library_visual_scenes>
  <scene>
    <instance_visual_scene url="#Scene"/>
  </scene>
</COLLADA>